-- MySQL dump 10.16  Distrib 10.1.26-MariaDB, for debian-linux-gnu (x86_64)
--
-- Host: mysql04.manitu.net    Database: db19920
-- ------------------------------------------------------
-- Server version	10.1.31-MariaDB

/*!40101 SET @OLD_CHARACTER_SET_CLIENT=@@CHARACTER_SET_CLIENT */;
/*!40101 SET @OLD_CHARACTER_SET_RESULTS=@@CHARACTER_SET_RESULTS */;
/*!40101 SET @OLD_COLLATION_CONNECTION=@@COLLATION_CONNECTION */;
/*!40101 SET NAMES utf8mb4 */;
/*!40103 SET @OLD_TIME_ZONE=@@TIME_ZONE */;
/*!40103 SET TIME_ZONE='+00:00' */;
/*!40014 SET @OLD_UNIQUE_CHECKS=@@UNIQUE_CHECKS, UNIQUE_CHECKS=0 */;
/*!40014 SET @OLD_FOREIGN_KEY_CHECKS=@@FOREIGN_KEY_CHECKS, FOREIGN_KEY_CHECKS=0 */;
/*!40101 SET @OLD_SQL_MODE=@@SQL_MODE, SQL_MODE='NO_AUTO_VALUE_ON_ZERO' */;
/*!40111 SET @OLD_SQL_NOTES=@@SQL_NOTES, SQL_NOTES=0 */;

--
-- Table structure for table `assetindexdata`
--

DROP TABLE IF EXISTS `assetindexdata`;
/*!40101 SET @saved_cs_client     = @@character_set_client */;
/*!40101 SET character_set_client = utf8 */;
CREATE TABLE `assetindexdata` (
  `id` int(11) NOT NULL AUTO_INCREMENT,
  `sessionId` varchar(36) NOT NULL DEFAULT '',
  `volumeId` int(11) NOT NULL,
  `uri` text,
  `size` bigint(20) unsigned DEFAULT NULL,
  `timestamp` datetime DEFAULT NULL,
  `recordId` int(11) DEFAULT NULL,
  `inProgress` tinyint(1) DEFAULT '0',
  `completed` tinyint(1) DEFAULT '0',
  `dateCreated` datetime NOT NULL,
  `dateUpdated` datetime NOT NULL,
  `uid` char(36) NOT NULL DEFAULT '0',
  PRIMARY KEY (`id`),
  KEY `assetindexdata_sessionId_volumeId_idx` (`sessionId`,`volumeId`),
  KEY `assetindexdata_volumeId_idx` (`volumeId`),
  CONSTRAINT `assetindexdata_volumeId_fk` FOREIGN KEY (`volumeId`) REFERENCES `volumes` (`id`) ON DELETE CASCADE
) ENGINE=InnoDB DEFAULT CHARSET=utf8;
/*!40101 SET character_set_client = @saved_cs_client */;

--
-- Dumping data for table `assetindexdata`
--

LOCK TABLES `assetindexdata` WRITE;
/*!40000 ALTER TABLE `assetindexdata` DISABLE KEYS */;
/*!40000 ALTER TABLE `assetindexdata` ENABLE KEYS */;
UNLOCK TABLES;

--
-- Table structure for table `assets`
--

DROP TABLE IF EXISTS `assets`;
/*!40101 SET @saved_cs_client     = @@character_set_client */;
/*!40101 SET character_set_client = utf8 */;
CREATE TABLE `assets` (
  `id` int(11) NOT NULL,
  `volumeId` int(11) DEFAULT NULL,
  `folderId` int(11) NOT NULL,
  `filename` varchar(255) NOT NULL,
  `kind` varchar(50) NOT NULL DEFAULT 'unknown',
  `width` int(11) unsigned DEFAULT NULL,
  `height` int(11) unsigned DEFAULT NULL,
  `size` bigint(20) unsigned DEFAULT NULL,
  `focalPoint` varchar(13) DEFAULT NULL,
  `dateModified` datetime DEFAULT NULL,
  `dateCreated` datetime NOT NULL,
  `dateUpdated` datetime NOT NULL,
  `uid` char(36) NOT NULL DEFAULT '0',
  PRIMARY KEY (`id`),
  UNIQUE KEY `assets_filename_folderId_unq_idx` (`filename`,`folderId`),
  KEY `assets_folderId_idx` (`folderId`),
  KEY `assets_volumeId_idx` (`volumeId`),
  CONSTRAINT `assets_folderId_fk` FOREIGN KEY (`folderId`) REFERENCES `volumefolders` (`id`) ON DELETE CASCADE,
  CONSTRAINT `assets_id_fk` FOREIGN KEY (`id`) REFERENCES `elements` (`id`) ON DELETE CASCADE,
  CONSTRAINT `assets_volumeId_fk` FOREIGN KEY (`volumeId`) REFERENCES `volumes` (`id`) ON DELETE CASCADE
) ENGINE=InnoDB DEFAULT CHARSET=utf8;
/*!40101 SET character_set_client = @saved_cs_client */;

--
-- Dumping data for table `assets`
--

LOCK TABLES `assets` WRITE;
/*!40000 ALTER TABLE `assets` DISABLE KEYS */;
INSERT INTO `assets` VALUES (22,1,1,'chance-home-header.jpg','image',3872,1595,952542,NULL,'2018-07-25 10:44:09','2018-07-25 10:44:09','2018-07-25 10:44:09','16c8c919-f646-43d6-b41b-eb70c79b28e2'),(23,1,1,'chance-logo-rgb.png','image',320,283,20441,NULL,'2018-07-25 10:44:10','2018-07-25 10:44:10','2018-07-25 10:44:10','d65e1845-85fa-463d-b0e5-63345fdc463a'),(24,1,1,'chance-projekte-header.jpg','image',1920,417,169267,NULL,'2018-07-25 10:44:11','2018-07-25 10:44:11','2018-07-25 10:44:11','2f816122-e535-42ea-87ef-2804a03ee209'),(25,1,1,'chance-projekte-programme.jpg','image',1920,836,569253,NULL,'2018-07-25 10:44:12','2018-07-25 10:44:12','2018-07-25 10:44:12','3cae49f5-2426-43de-b8da-035b0a9f3259'),(26,1,1,'chance-projekte-programme-dorfentwicklung.jpg','image',1920,783,481550,NULL,'2018-07-25 10:44:14','2018-07-25 10:44:14','2018-07-25 10:44:14','27e8f5dd-ee4c-418c-b76c-47de768be40e'),(27,1,1,'chance-projekte-programme-kinderpate.jpg','image',1920,855,287424,NULL,'2018-07-25 10:44:15','2018-07-25 10:44:15','2018-07-25 10:44:15','ec86626c-d9f5-40ac-b898-5a31889a9a6f'),(28,1,1,'chance-projekte-programme-naturschutz.jpg','image',1920,1081,766908,NULL,'2018-07-25 10:44:17','2018-07-25 10:44:17','2018-07-25 10:44:17','2097ec33-b4de-4f5e-8b6e-18db5c6bd4fd'),(29,1,1,'chance-projekte-programme-naturschutz_maedchen.jpg','image',1920,690,435944,NULL,'2018-07-25 10:44:18','2018-07-25 10:44:18','2018-07-25 10:44:18','4744b5ab-c99c-483d-89e4-2d15120c2461'),(30,1,1,'chance-spenden-header.jpg','image',1920,417,123091,NULL,'2018-07-25 10:44:19','2018-07-25 10:44:19','2018-07-25 10:44:19','9bdacb12-244f-4602-bda5-2b7948326d7b'),(31,1,1,'chance-ueber-uns-arbeitsweise_farm.jpg','image',1920,814,625537,NULL,'2018-07-25 10:44:20','2018-07-25 10:44:20','2018-07-25 10:44:20','0f87204b-ab25-4eeb-8852-325c941caefe'),(32,1,1,'chance-ueber-uns-konzept-familie.jpg','image',1920,764,326816,NULL,'2018-07-25 10:44:21','2018-07-25 10:44:22','2018-07-25 10:44:22','fc8e4f52-b0dd-4f87-8537-f31a6d75ebfb'),(33,1,1,'chance-ueber-uns-leitbild-kind.jpg','image',1920,795,250653,NULL,'2018-07-25 10:44:23','2018-07-25 10:44:23','2018-07-25 10:44:23','91d10af4-d211-4feb-8542-3c8ba21cce28'),(34,1,1,'chance-ueber-uns-motivation.jpg','image',1920,700,255770,NULL,'2018-07-25 10:44:24','2018-07-25 10:44:24','2018-07-25 10:44:24','687af54a-c004-42ec-ade1-32ddcab1f37c'),(36,1,1,'welle.png','image',1280,320,19789,NULL,'2018-07-25 10:51:24','2018-07-25 10:51:24','2018-07-25 10:51:24','47b74e46-dbf2-4f85-95ba-d7bbb60ea9cd'),(37,1,1,'chance-ueber-uns-header.jpg','image',1920,417,139172,NULL,'2018-07-25 11:04:38','2018-07-25 11:04:38','2018-07-25 11:04:38','ac16a324-da63-4186-b229-c21189a2c0d6');
/*!40000 ALTER TABLE `assets` ENABLE KEYS */;
UNLOCK TABLES;

--
-- Table structure for table `assettransformindex`
--

DROP TABLE IF EXISTS `assettransformindex`;
/*!40101 SET @saved_cs_client     = @@character_set_client */;
/*!40101 SET character_set_client = utf8 */;
CREATE TABLE `assettransformindex` (
  `id` int(11) NOT NULL AUTO_INCREMENT,
  `assetId` int(11) NOT NULL,
  `filename` varchar(255) DEFAULT NULL,
  `format` varchar(255) DEFAULT NULL,
  `location` varchar(255) NOT NULL,
  `volumeId` int(11) DEFAULT NULL,
  `fileExists` tinyint(1) NOT NULL DEFAULT '0',
  `inProgress` tinyint(1) NOT NULL DEFAULT '0',
  `dateIndexed` datetime DEFAULT NULL,
  `dateCreated` datetime NOT NULL,
  `dateUpdated` datetime NOT NULL,
  `uid` char(36) NOT NULL DEFAULT '0',
  PRIMARY KEY (`id`),
  KEY `assettransformindex_volumeId_assetId_location_idx` (`volumeId`,`assetId`,`location`)
) ENGINE=InnoDB DEFAULT CHARSET=utf8;
/*!40101 SET character_set_client = @saved_cs_client */;

--
-- Dumping data for table `assettransformindex`
--

LOCK TABLES `assettransformindex` WRITE;
/*!40000 ALTER TABLE `assettransformindex` DISABLE KEYS */;
/*!40000 ALTER TABLE `assettransformindex` ENABLE KEYS */;
UNLOCK TABLES;

--
-- Table structure for table `assettransforms`
--

DROP TABLE IF EXISTS `assettransforms`;
/*!40101 SET @saved_cs_client     = @@character_set_client */;
/*!40101 SET character_set_client = utf8 */;
CREATE TABLE `assettransforms` (
  `id` int(11) NOT NULL AUTO_INCREMENT,
  `name` varchar(255) NOT NULL,
  `handle` varchar(255) NOT NULL,
  `mode` enum('stretch','fit','crop') NOT NULL DEFAULT 'crop',
  `position` enum('top-left','top-center','top-right','center-left','center-center','center-right','bottom-left','bottom-center','bottom-right') NOT NULL DEFAULT 'center-center',
  `width` int(11) unsigned DEFAULT NULL,
  `height` int(11) unsigned DEFAULT NULL,
  `format` varchar(255) DEFAULT NULL,
  `quality` int(11) DEFAULT NULL,
  `interlace` enum('none','line','plane','partition') NOT NULL DEFAULT 'none',
  `dimensionChangeTime` datetime DEFAULT NULL,
  `dateCreated` datetime NOT NULL,
  `dateUpdated` datetime NOT NULL,
  `uid` char(36) NOT NULL DEFAULT '0',
  PRIMARY KEY (`id`),
  UNIQUE KEY `assettransforms_name_unq_idx` (`name`),
  UNIQUE KEY `assettransforms_handle_unq_idx` (`handle`)
) ENGINE=InnoDB DEFAULT CHARSET=utf8;
/*!40101 SET character_set_client = @saved_cs_client */;

--
-- Dumping data for table `assettransforms`
--

LOCK TABLES `assettransforms` WRITE;
/*!40000 ALTER TABLE `assettransforms` DISABLE KEYS */;
/*!40000 ALTER TABLE `assettransforms` ENABLE KEYS */;
UNLOCK TABLES;

--
-- Table structure for table `categories`
--

DROP TABLE IF EXISTS `categories`;
/*!40101 SET @saved_cs_client     = @@character_set_client */;
/*!40101 SET character_set_client = utf8 */;
CREATE TABLE `categories` (
  `id` int(11) NOT NULL,
  `groupId` int(11) NOT NULL,
  `dateCreated` datetime NOT NULL,
  `dateUpdated` datetime NOT NULL,
  `uid` char(36) NOT NULL DEFAULT '0',
  PRIMARY KEY (`id`),
  KEY `categories_groupId_idx` (`groupId`),
  CONSTRAINT `categories_groupId_fk` FOREIGN KEY (`groupId`) REFERENCES `categorygroups` (`id`) ON DELETE CASCADE,
  CONSTRAINT `categories_id_fk` FOREIGN KEY (`id`) REFERENCES `elements` (`id`) ON DELETE CASCADE
) ENGINE=InnoDB DEFAULT CHARSET=utf8;
/*!40101 SET character_set_client = @saved_cs_client */;

--
-- Dumping data for table `categories`
--

LOCK TABLES `categories` WRITE;
/*!40000 ALTER TABLE `categories` DISABLE KEYS */;
/*!40000 ALTER TABLE `categories` ENABLE KEYS */;
UNLOCK TABLES;

--
-- Table structure for table `categorygroups`
--

DROP TABLE IF EXISTS `categorygroups`;
/*!40101 SET @saved_cs_client     = @@character_set_client */;
/*!40101 SET character_set_client = utf8 */;
CREATE TABLE `categorygroups` (
  `id` int(11) NOT NULL AUTO_INCREMENT,
  `structureId` int(11) NOT NULL,
  `fieldLayoutId` int(11) DEFAULT NULL,
  `name` varchar(255) NOT NULL,
  `handle` varchar(255) NOT NULL,
  `dateCreated` datetime NOT NULL,
  `dateUpdated` datetime NOT NULL,
  `uid` char(36) NOT NULL DEFAULT '0',
  PRIMARY KEY (`id`),
  UNIQUE KEY `categorygroups_name_unq_idx` (`name`),
  UNIQUE KEY `categorygroups_handle_unq_idx` (`handle`),
  KEY `categorygroups_structureId_idx` (`structureId`),
  KEY `categorygroups_fieldLayoutId_idx` (`fieldLayoutId`),
  CONSTRAINT `categorygroups_fieldLayoutId_fk` FOREIGN KEY (`fieldLayoutId`) REFERENCES `fieldlayouts` (`id`) ON DELETE SET NULL,
  CONSTRAINT `categorygroups_structureId_fk` FOREIGN KEY (`structureId`) REFERENCES `structures` (`id`) ON DELETE CASCADE
) ENGINE=InnoDB DEFAULT CHARSET=utf8;
/*!40101 SET character_set_client = @saved_cs_client */;

--
-- Dumping data for table `categorygroups`
--

LOCK TABLES `categorygroups` WRITE;
/*!40000 ALTER TABLE `categorygroups` DISABLE KEYS */;
/*!40000 ALTER TABLE `categorygroups` ENABLE KEYS */;
UNLOCK TABLES;

--
-- Table structure for table `categorygroups_sites`
--

DROP TABLE IF EXISTS `categorygroups_sites`;
/*!40101 SET @saved_cs_client     = @@character_set_client */;
/*!40101 SET character_set_client = utf8 */;
CREATE TABLE `categorygroups_sites` (
  `id` int(11) NOT NULL AUTO_INCREMENT,
  `groupId` int(11) NOT NULL,
  `siteId` int(11) NOT NULL,
  `hasUrls` tinyint(1) NOT NULL DEFAULT '1',
  `uriFormat` text,
  `template` varchar(500) DEFAULT NULL,
  `dateCreated` datetime NOT NULL,
  `dateUpdated` datetime NOT NULL,
  `uid` char(36) NOT NULL DEFAULT '0',
  PRIMARY KEY (`id`),
  UNIQUE KEY `categorygroups_sites_groupId_siteId_unq_idx` (`groupId`,`siteId`),
  KEY `categorygroups_sites_siteId_idx` (`siteId`),
  CONSTRAINT `categorygroups_sites_groupId_fk` FOREIGN KEY (`groupId`) REFERENCES `categorygroups` (`id`) ON DELETE CASCADE,
  CONSTRAINT `categorygroups_sites_siteId_fk` FOREIGN KEY (`siteId`) REFERENCES `sites` (`id`) ON DELETE CASCADE ON UPDATE CASCADE
) ENGINE=InnoDB DEFAULT CHARSET=utf8;
/*!40101 SET character_set_client = @saved_cs_client */;

--
-- Dumping data for table `categorygroups_sites`
--

LOCK TABLES `categorygroups_sites` WRITE;
/*!40000 ALTER TABLE `categorygroups_sites` DISABLE KEYS */;
/*!40000 ALTER TABLE `categorygroups_sites` ENABLE KEYS */;
UNLOCK TABLES;

--
-- Table structure for table `content`
--

DROP TABLE IF EXISTS `content`;
/*!40101 SET @saved_cs_client     = @@character_set_client */;
/*!40101 SET character_set_client = utf8 */;
CREATE TABLE `content` (
  `id` int(11) NOT NULL AUTO_INCREMENT,
  `elementId` int(11) NOT NULL,
  `siteId` int(11) NOT NULL,
  `title` varchar(255) DEFAULT NULL,
  `dateCreated` datetime NOT NULL,
  `dateUpdated` datetime NOT NULL,
  `uid` char(36) NOT NULL DEFAULT '0',
  `field_text` text,
  `field_anleser` text,
  `field_zusatzfeld1` text,
  `field_zusatzfeld2` text,
  PRIMARY KEY (`id`),
  UNIQUE KEY `content_elementId_siteId_unq_idx` (`elementId`,`siteId`),
  KEY `content_siteId_idx` (`siteId`),
  KEY `content_title_idx` (`title`),
  CONSTRAINT `content_elementId_fk` FOREIGN KEY (`elementId`) REFERENCES `elements` (`id`) ON DELETE CASCADE,
  CONSTRAINT `content_siteId_fk` FOREIGN KEY (`siteId`) REFERENCES `sites` (`id`) ON DELETE CASCADE ON UPDATE CASCADE
) ENGINE=InnoDB AUTO_INCREMENT=233 DEFAULT CHARSET=utf8;
/*!40101 SET character_set_client = @saved_cs_client */;

--
-- Dumping data for table `content`
--

LOCK TABLES `content` WRITE;
/*!40000 ALTER TABLE `content` DISABLE KEYS */;
INSERT INTO `content` VALUES (1,1,1,NULL,'2018-07-23 14:53:48','2018-07-23 14:53:48','d928dee8-c3d5-4f7b-b915-cbc8ba05c234',NULL,NULL,NULL,NULL),(22,22,1,'Chance Home Header','2018-07-25 10:44:08','2018-07-25 10:44:08','ca23faf6-bd82-4c53-8c28-8c90c6fc74dc',NULL,NULL,NULL,NULL),(23,23,1,'Chance Logo Rgb','2018-07-25 10:44:10','2018-07-25 10:44:10','65125ad7-3082-419c-9747-e6c54b81c8f1',NULL,NULL,NULL,NULL),(24,24,1,'Chance Projekte Header','2018-07-25 10:44:11','2018-07-25 10:44:11','4a466b26-3a2e-4057-a8bb-495c9053820e',NULL,NULL,NULL,NULL),(25,25,1,'Chance Projekte Programme','2018-07-25 10:44:12','2018-07-25 10:44:12','1d66de99-d803-46b3-8364-5193ebfca315',NULL,NULL,NULL,NULL),(26,26,1,'Chance Projekte Programme Dorfentwicklung','2018-07-25 10:44:13','2018-07-25 10:44:13','87bc062c-80b7-4f96-a322-496bc3c2554e',NULL,NULL,NULL,NULL),(27,27,1,'Chance Projekte Programme Kinderpate','2018-07-25 10:44:14','2018-07-25 10:44:14','fe5933c3-50ab-4efd-b935-7fb362c1f4eb',NULL,NULL,NULL,NULL),(28,28,1,'Chance Projekte Programme Naturschutz','2018-07-25 10:44:16','2018-07-25 10:44:16','05ae8c2b-bd48-4a93-bf44-2541f0ae2fa2',NULL,NULL,NULL,NULL),(29,29,1,'Chance Projekte Programme Naturschutz Maedchen','2018-07-25 10:44:18','2018-07-25 10:44:18','570a116f-6688-4586-8f11-947950cec929',NULL,NULL,NULL,NULL),(30,30,1,'Chance Spenden Header','2018-07-25 10:44:19','2018-07-25 10:44:19','55f44b1c-3dff-4643-873b-45b371d6bfe9',NULL,NULL,NULL,NULL),(31,31,1,'Chance Ueber Uns Arbeitsweise Farm','2018-07-25 10:44:20','2018-07-25 10:44:20','e8322f5f-b36b-43f9-b40d-9ddcf4a9e7d6',NULL,NULL,NULL,NULL),(32,32,1,'Chance Ueber Uns Konzept Familie','2018-07-25 10:44:21','2018-07-25 10:44:21','b7a3e2e1-291d-4708-aed0-0a9a6d8db44c',NULL,NULL,NULL,NULL),(33,33,1,'Chance Ueber Uns Leitbild Kind','2018-07-25 10:44:22','2018-07-25 10:44:22','c033bc05-1007-48b1-abee-fd54ea2b22c6',NULL,NULL,NULL,NULL),(34,34,1,'Chance Ueber Uns Motivation','2018-07-25 10:44:23','2018-07-25 10:44:23','308cd48a-47a1-4a0c-8a36-a9d099f1ba45',NULL,NULL,NULL,NULL),(36,36,1,'Welle','2018-07-25 10:51:23','2018-07-25 10:51:23','46ee3897-d5de-4b58-a8d4-bec266140f47',NULL,NULL,NULL,NULL),(37,37,1,'Chance Ueber Uns Header','2018-07-25 11:04:38','2018-07-25 11:04:38','643cafb7-695b-4be1-b7f8-b1ed8f0217bd',NULL,NULL,NULL,NULL),(38,38,1,'Arbeitsweise','2018-07-29 17:11:07','2018-07-30 09:49:39','69408ed5-cd03-4430-a835-fc19383bddaa','<p>Begleiten, bestärken, befähigen, bewahren: &nbsp; Unser Ziel für ganzheitliche, nachhaltige &nbsp; und selbstbestimmte Entwicklung. &nbsp; <a href=\"https://www.aufbau-website.de/craft/web/ueberUns/arbeitsweise.html\">Erfahren Sie wie wir arbeiten</a></p>',NULL,NULL,NULL),(39,39,1,'Begleiten','2018-07-29 17:37:53','2018-07-30 10:34:40','15ee1c3d-9500-4e9d-82d5-3210450738cf','Wir lernen ihre Lebensumstände, Probleme, Stärken, Gedanken, Einstellungen und Sorgen kennen und nehmen Anteil an ihrem Leben. So werden wir vertrauenswürdige Partner, auf die sie sich einlassen und verlassen können. Dabei ist wichtig, dass wir begleiten und nicht vorwegmarschieren. Denn das Ziel ist &nbsp; ein selbstbestimmter Entwicklungsprozess, in dem die Gruppen und Gemeinschaften selbst &nbsp; Verantwortung und Initiative übernehmen.','Wir machen uns mit Menschen und Gemeinschaften auf den Weg.',NULL,NULL),(40,40,1,'Bestärken','2018-07-29 17:38:16','2018-07-30 10:37:06','f8f459fc-8f41-4c16-8814-e4f50f718adf','<p>Dabei fördern wir bereits vorhandene positive Werte und Initiativen und ermutigen die Menschen, ihr &nbsp; Leben kreativ und verantwortungsbewusst zu gestalten. Durch die Vermittlung konkreter Fähigkeiten und &nbsp; Kenntnisse sowie die Stärkung ihrer Identität und Rechte können sie nachhaltige Entwicklungskonzepte &nbsp; selbst entwickeln und ihr Leben tiefgreifend und positiv verändern.</p>','Wir machen Menschen und Gemeinschaften stark – von innen nach außen.',NULL,NULL),(41,41,1,'Befähigen','2018-07-29 17:39:48','2018-07-30 09:49:40','56657efb-77fc-4758-b14a-0644c5ff4bb8','<p>Durch unsere Bildungsangebote, kontinuierlichen Dialog und Sensibilisierung erlernen sie sowohl &nbsp; theoretische als auch praktische Fähigkeiten, die sie in spezifischen Aktivitäten nutzen, um ihre eigene &nbsp; Lebenssituation tiefgreifend zu verbessern und ihre verantwortliche Selbstverwaltung zu stärken. Das &nbsp; ermöglicht gelingendes Leben.&nbsp;</p>','<p>Gemeinsam mit den Menschen setzen wir konkrete Projekte um, die sie für   die selbstbestimmte und nachhaltige Entwicklung ihrer Gemeinschaften benötigen. </p>',NULL,NULL),(42,42,1,'Bewahren','2018-07-29 17:41:28','2018-07-30 09:49:40','ccc465ea-765f-4697-956f-b742264d7bb2','<p>Wir fördern die nachhaltige wirtschaftliche Entwicklung von Dorfgemeinschaften und entwickeln &nbsp; gemeinsam mit ihnen Konzepte zum Schutz der Umwelt, in der sie leben, und zur schonenden Nutzung &nbsp; der natürlichen Ressourcen. In enger Kooperation mit der peruanischen Forstbehörde bewahren wir ein 18.000 Hektar großes Regenwaldgebiet, um den umliegenden Dörfern auch in Zeiten des Klimawandels &nbsp; eine langfristige Perspektive zu ermöglichen.&nbsp;</p>','<p>Wir helfen Menschen, ihre kulturelle Identität zu stärken und weiterzuentwickeln. </p>',NULL,NULL),(43,43,1,'Konzept','2018-07-29 18:21:51','2018-07-30 09:49:40','fcd53234-06d7-4e2c-addc-ebf138fd5565','<p>Christlich, sozial und ökologisch. <a href=\"https://www.aufbau-website.de/craft/web/ueberUns/konzept.html\">Erfahren Sie mehr über die Grundelemente unserer Arbeit, die den Rahmen und die Natur unseres Engagements bestimmen.&nbsp;</a></p>','<p> </p>',NULL,NULL),(44,44,1,'Leitbild','2018-07-29 18:22:58','2018-07-30 11:13:57','6ad94ace-15d5-4523-8a46-84f1760a0a00','<p>Gelingendes Leben – Shalom in allen Lebensbereichen. <a href=\"https://www.aufbau-website.de/craft/web/ueberUns/leitbild.html\">Entdecken Sie unser Leitbild</a></p>','<p> </p>',NULL,NULL),(45,45,1,'Ganzheitlichkeit','2018-07-29 18:23:40','2018-07-30 10:38:29','5cf3ec43-f0cf-42d7-ae57-bb9b1bbdd2f8','Chance e.V. fördert ganzheitliche Entwicklung, indem wir Menschen und Gemeinschaften in ihrem Kontext begleiten und bestärken. Unsere facettenreiche Arbeit umfasst deshalb so unterschiedliche Bereiche wie psychologische Begleitung und Seelsorge, Menschenrechte und dörfliche Selbstverwaltung, Kulturförderung, Armutsbekämpfung und nachhaltige wirtschaftliche Entwicklung sowie Umwelt- und Naturschutz.','<p>Der Mensch bildet eine Einheit aus Körper, Seele und Geist. Er ist ein einmaliges, mit Kreativität begabtes Geschöpf Gottes und integrativer Bestandteil seines Lebensraumes, der Erde. Er lebt in einem Netz wechselseitiger sozialer und ökologischer Beziehungen und Abhängigkeiten.</p>',NULL,NULL),(46,46,1,'Nachhaltigkeit','2018-07-29 18:25:20','2018-07-30 10:40:51','57dfe86c-155c-4579-ade0-af022cd9c49f','<p>Es geht also um bewusste, bewahrende und verantwortliche Nutzung von Ressourcen, ganz egal ob es sich um ökologische, menschliche, soziale, kulturelle, wirtschaftliche oder finanzielle Ressourcen handelt. Wir gehen achtsam mit den uns anvertrauten Mitteln und Ressourcen um. Gleichzeitig fördern wir eine intelligente Entwicklung, die die Bedürfnisse heute lebender Menschen, künftiger Generationen und der natürlichen Schöpfung in Einklang zu bringen sucht. Wir fühlen uns den 17 UN-Nachhaltigkeitszielen (SDGs) der Agenda 2030 verpflichtet, die wir durch unsere Projekte umsetzen. </p>','<p>Unter Nachhaltigkeit verstehen wir Handlungsprinzipien zur Nutzung vorhandener Ressourcen, bei denen die Nutzung das jeweilige System als Ganzes, seine wesentlichen Eigenschaften, seine innere Stabilität und natürliche Regenerationsfähigkeit nicht behindert oder unmöglich macht.</p>',NULL,NULL),(47,47,1,'Partnerschaftlichkeit','2018-07-29 18:26:32','2018-07-30 10:33:06','8d771e21-ad60-4c6c-b022-f6c3e32d20c7','Die Arbeit von Chance e.V. beruht auf den Begabungen und Erfahrungen aller Mitglieder unseres &nbsp; internationalen und überkonfessionellen Teams. Zu diesem Team gehören in Deutschland neben Chance &nbsp; e.V. die Kirchengemeinden, Schulen, Gruppen und Privatpersonen, die sich mit unserem Anliegen &nbsp; identifizieren, unsere Arbeit unterstützen, praktisch aktiv werden oder für unsere Projekte beten. In den &nbsp; Zielländern besteht unser Netzwerk aus lokalen Partnerorganisationen mit ihren einheimischen Teams &nbsp; auf der einen sowie den Einzelpersonen, Gruppen und Gemeinschaften auf der anderen Seite, die wir &nbsp; befähigen, ein Leben in Würde und Verantwortung zu gestalten. Die Projektteilnehmer und Zielgruppen &nbsp; sind nicht Almosenempfänger, sondern Partner und Freunde.&nbsp;','Im Netzwerk von Chance e.V. engagieren sich Südamerikaner, Afrikaner und  Deutsche gemeinsam als interkulturelles Team gleichwürdiger Partner. Chance e.V. versteht sich nicht als klassische Hilfsorganisation, sondern als „Familie“, als einen Ort der Begegnung sowie als internationale Schnittstelle, an der Menschen gemeinsam aktiv werden für Würde, Hoffnung und nachhaltige Entwicklung.',NULL,NULL),(48,48,1,'Menschen und Gemeinschaften sollen heil werden','2018-07-30 07:55:50','2018-07-30 11:00:12','e507195d-44cd-4d75-9a2b-09e39aa6e7e3','<p>Das Johannesevangelium spricht von einem Leben in Fülle, das Christus den Menschen verheißt (Jh. 10,10). Hieraus haben wir das Konzept vom ganzheitlichen Shalom entwickelt, der gelingendes Leben ermöglicht, ohne nachteilige Auswirkungen auf die Lebensqualität anderer oder die Integrität der Schöpfung.</p>\n<p>Shalom ist ein hebräisches Wort und bedeutet Frieden. Seine Bedeutung reicht jedoch weit über unsere Vorstellung von Frieden hinaus. Es geht nicht einfach um die Abwesenheit von Konflikt oder Gewalt, sondern um ein ganzheitliches und alle Lebensbereiche durchdringendes Wohlergehen. Shalom im eigentlichen Wortsinn bedeutet heil oder vollständig sein. D.h. Shalom nimmt Gestalt an, wenn Menschen heil werden und im Einklang leben – mit Gott, mit sich selbst, mit anderen und mit der natürlichen Schöpfung. </p>\n<p>Dieses biblische Konzept von Shalom ist Leitbild unseres Engagements – Menschen und Gemeinschaften sollen in die Lage versetzt werden, heil zu werden, indem sie ihre Grundbedürfnisse auf verantwortliche Art decken, in Würde leben und dabei alle wesentlichen Lebensbereiche positiv gestalten, ohne Raubbau an sich selbst, anderen oder der Natur. </p>','<p> </p>',NULL,NULL),(49,49,1,'Motivation','2018-07-30 11:13:49','2018-07-30 15:19:09','a956c8d7-06cb-43e9-90af-1d7b1827fad9','<p>Unsere Motivation ist lebendiger Ausdruck christlicher Hoffnung.</p>\n<p><a href=\"https://aufbau-website.de/craft/web/ueberUns/motivation.html\">Erfahren Sie was uns antreibt</a></p>',NULL,NULL,NULL),(50,50,1,'Chance e.V. entstand aus dem praktischen  Glaubensverständnis und dem gesellschaftlichen  Engagement seiner Gründer.','2018-07-30 11:17:46','2018-07-30 11:17:46','e6382e09-731f-4165-8f30-93ae9b6d6607','<p>Die Bibel spricht von einem Gott, der den Menschen und der ganzen Schöpfung liebevoll zugewandt ist. Sie ruft auf zu Frieden, Gerechtigkeit und einem harmonischen Miteinander von Mensch und Schöpfung. Sie verheißt allen Menschen, besonders denen, die am Rande der Gesellschaft stehen, ein gelingendes Leben, das jedoch nicht zum Nachteil anderer oder auf Kosten der Schöpfung realisiert werden darf (Lk. 2,14; Jes. 11,1-9; Jh. 10,10; 3 Mo. 25,4).</p>\n\n\n\n\n\n<p>Dieses inspirierende Vorbild der christlich-jüdischen Überlieferung motiviert uns dazu, uns für eines der großen Anliegen unserer Zeit zu engagieren: Nachhaltige Entwicklung durch soziale, ökonomische und ökologische Gerechtigkeit und Chancengleichheit.</p>\n\n\n<p>Wir verstehen die Arbeit von Chance e.V. als natürliche Konsequenz unseres Glaubens, als Teil unserer Christusnachfolge, als Dienst am Nächsten, an der Gesellschaft und an der Schöpfung. Denn wir sind aufgerufen, die Augen vor der Not von Mensch und Schöpfung nicht zu verschließen, sondern praktisch aktiv zu werden (1 Jh. 3,16-18). Ohne Gerechtigkeit, Solidarität und nachhaltige Entwicklung ist das unmöglich. Denn im „globalen Dorf“ sind Menschen aus Kenia und Peru genauso unsere Nächsten wie künftige Generationen. Als Christen sind wir dazu berufen, zu lieben, was Gott liebt und Gott, unseren Mitmenschen sowie der natürlichen Schöpfung zu dienen – Chance e.V. tut dies durch seine Projekte für Mensch und Schöpfung. </p>\n\n\n\n\n\n\n\n\n<p>Inmitten oft entmutigender Umstände beruft der christliche Glaube uns darüber hinaus zu lebendiger Hoffnung, die weit über die häufig so entmutigende Lebensrealität vieler Menschen und Gemeinschaften hinausgeht und zu einem Leben in Würde befreit. Der Glaube hilft, das eigene Potential zu entdecken und zu nutzen. Er lehrt uns, anderen zu helfen, ohne sie zu bevormunden. Er beruft uns, die Schöpfung zu bewahren. Persönliche Spiritualität, nachhaltige Entwicklung und soziale sowie ökologische Gerechtigkeit sind wichtige, einander ergänzende Aspekte dieses christlichen Engagements, das von der Gewissheit getragen wird, dass Gottes Liebe die Kraft innewohnt, einzelne Menschen genauso wie ungerechte Strukturen und sogar ganze Gesellschaften schrittweise zu verändern.</p>\n\n\n\n\n\n\n\n',NULL,NULL,NULL),(51,51,1,'Der Verein','2018-07-30 11:24:10','2018-07-30 11:52:04','38b22a05-c19d-4bef-9671-ba3952ce6758','<p>Gemeinnützig und christlich. Wir setzen uns für ganzheitliche, nachhaltige und partnerschaftliche Entwicklung ein.</p>\n<p><a href=\"https://aufbau-website.de/craft/web/ueberUns/verein.html\">Blicken Sie hinter die Kulissen</a></p>',NULL,NULL,NULL),(52,52,1,'Kooperatives Engagement','2018-07-30 11:39:04','2018-07-30 11:54:13','ba9095e3-a0b2-4f13-bad5-a67d3f5e4e10','<p>Unser Engagement findet in Kooperation mit einheimischen Partnerorganisationen statt, die zum internationalen Netzwerk von Chance e.V. gehören und dieselben Ziele und Werte vertreten wie Chance e.V. Gemeinsam mit ihnen engagieren wir uns für Gerechtigkeitsarbeit und Stärkung indigener Gemeinschaften, Bildung, Kleingewerbeförderung, ökologische Landwirtschaft, Kulturförderung, Umwelt- und Naturschutz bis hin zu Kinderpatenschaften, Jugendarbeit, Frauenförderung, Seelsorge und christlicher Sozialarbeit.</p>',NULL,NULL,NULL),(53,53,1,'Christliche Grundwerte ','2018-07-30 11:39:55','2018-07-30 11:53:23','686561e2-a880-44bc-922b-e735d4b392dd','<p>Die Arbeit von Chance e.V. beruht auf christlichen Grundwerten sowie auf der Achtung vor unseren Mitmenschen und der natürlichen Schöpfung, in der wir leben.</p>',NULL,NULL,NULL),(54,54,1,'Partnerschaftliche Zusammenarbeit','2018-07-30 11:40:42','2018-07-30 11:53:55','41efcade-b2a8-4df2-b7c5-81a916036172','<p>Chance e.V. arbeitet zusammen mit Kirchen und Gemeinden, Schulen sowie anderen öffentlichen und privaten Einrichtungen in ganz Deutschland. Partnerschaftliche Zusammenarbeit in einem internationalen Team macht unsere Projekte erfolgreich.</p>',NULL,NULL,NULL),(55,55,1,'Team','2018-07-30 12:12:02','2018-07-30 12:12:20','ba60f696-b339-47f2-8185-60d8b3759a61',NULL,'<p>Zum Team von Chance e.V. gehören unsere ehrenamtlichen Unterstützer und Förderer in ganz Deutschland genauso wie die mehr als 30 hauptamtlichen Mitarbeiter unserer Partnerorganisationen in Peru und Kenia. In Deutschland koordinieren drei Vorstandsmitglieder die Arbeit gemeinsam mit einigen engagierten Vereinsmitgliedern.</p>',NULL,NULL),(56,56,1,'Jens','2018-07-30 12:14:48','2018-07-30 14:59:33','0b2d467c-8132-4ff2-9e4d-2db9b661f9cc','<p>JENS - P. BERGMANN <br /></p><p>Diplom-Dolmetscher <br /></p><p>Geschäftsleitender Vorsitzender und Gründer von Chance e.V.</p>','<p>„Zu sehen, wie Menschen, Dorfgemeinschaften und die Schöpfung neue Chancen bekommen, ist bewegend – dazu beizutragen ein Geschenk.“</p>',NULL,NULL),(57,57,1,'Kerstin','2018-07-30 12:16:00','2018-07-30 12:16:00','fa5f9a32-8861-4d93-a072-26fb7c6f240b','<p>KERSTIN HALBFAS</p>\n<p>Lehrerin</p>\n<p>Zweite Vorsitzende und Gründungsmitglied von Chance e.V.</p>\n','<p>„Wir leben in einer Welt, in der jeder die Chance verdient, sein Leben in Würde zu gestalten. Ich freue mich, hierzu durch mein Engagement bei Chance e.V. einen Beitrag leisten zu können.“</p>\n\n\n',NULL,NULL),(58,58,1,'Marc','2018-07-30 12:16:28','2018-07-30 12:16:28','cf1d724f-2600-4c6b-af3e-47591738677e','<p>MARC LUDWIG</p>\n<p>Physiotherapeut</p>\n<p>Dritter Vorsitzender und Mitglied von Chance E.v.</p>','<p>„Menschen suchen nach echter Liebe. Wenn ich das geben kann, bin ich reich. Sind wir reich?“</p>\n',NULL,NULL),(59,59,1,'Elizabeth','2018-07-30 12:17:02','2018-07-30 12:17:02','ef4dc90c-9233-4378-8c32-1854ae4a2471','<p>ELIZABETH LUQUE</p>\n<p>Kaufmännische Angestellte</p>\n<p>Chance-Projektleiterin in Peru</p>','<p>„Den Menschen und der Schöpfung Gottes zu dienen ist ein Vorrecht. Wir geben denen eine Stimme, die keine haben. So werden Menschen, Dorfgemeinschaften und die Schöpfung heil. Das ist ein großer Segen.“</p>\n\n\n\n',NULL,NULL),(60,60,1,'Mark Kasoe','2018-07-30 12:17:55','2018-07-30 12:17:55','5b5d65b7-0fe5-427d-915d-3ca3842f65b0','<p>MARK KASOE </p>\n<p>Projektmanager</p>\n<p>Chance-Projektleiter in Kenia</p>','<p>„Die Art nachhaltiger Entwicklung, die wir fördern, berücksichtigt die Bedürfnisse der Menschen hier und jetzt, ohne die Bedürfnisse künftiger Generationen zu vernachlässigen. Genau hierfür engagiere ich mich.“</p>\n\n\n\n',NULL,NULL),(61,61,1,'Geschichte','2018-07-30 15:10:39','2018-07-30 15:10:59','15c7b77d-e1c6-4816-b707-f670b9535993',NULL,'<p>Schon als Teenager war Jens Bergmann, der Gründer von Chance e.V., vom Schicksal der Menschen im ‚globalen Süden‘ und von der immer schneller fortschreitenden Zerstörung der Schöpfung bewegt.</p>',NULL,NULL),(62,62,1,'Erste Kontakte mit der Entwicklungszusammenarbeit','2018-07-30 15:13:55','2018-07-30 15:14:54','e0f3c067-80a6-4487-bf17-cf5c6e7b6572','<p>Als Student engagierte er sich deshalb als Volontär in einem kleinen Entwicklungsprojekt in Afrika und lernte dort die Schönheit, aber auch die Schwächen und die Enttäuschung klassischer Entwicklungszusammenarbeit kennen.</p>\n<p>2001 besuchte Jens zum ersten Mal Peru, wo er an einer christlichen Jugendfreizeit im ehemaligen Bürgerkriegsgebiet teilnahm. Dort erlebte er, wie Straßenkinder, Terroropfer und Terrortäter durch Annahme und Vergebung heil wurden und einen Neubeginn wagten.</p>\n<p><a href=\"http://www.web.de\">weiterlesen</a></p>',NULL,NULL,NULL),(63,63,1,'Kooperationspartner','2018-07-30 15:16:49','2018-07-30 15:16:49','db93003f-0723-477e-b602-3d446fe9a078',NULL,NULL,NULL,NULL),(64,64,1,'Transparenz','2018-07-30 15:18:51','2018-07-30 15:18:51','dc783752-9e8e-49db-871e-c0ccb844d645','<p>Jede Spende kommt an. Geringe Verwaltungskosten, hohe Qualität und Offenheit garantieren Chancen.</p>\n\n<p><a href=\"https://aufbau-website.de/craft/web/ueberUns/transparenz.html\">Prüfen sie unsere Transparenz</a></p>',NULL,NULL,NULL),(65,65,1,'Verwaltungskosten','2018-07-30 15:21:59','2018-07-30 15:21:59','7c64a246-cd0b-42fc-91a1-db6cd44356d2','<p>Ihre Spenden kommen an: Unser Verwaltungskostenanteil liegt bei max. 8 Prozent. Ein Teil dieser acht Prozent wird darüber hinaus von Sponsoren getragen. Das bedeutet, Ihre Spenden kommen zu fast 100 Prozent direkt den Menschen vor Ort zu gute.</p>\n\n',NULL,NULL,NULL),(66,66,1,'Spendensiegel','2018-07-30 15:23:04','2018-07-30 15:23:04','4c6cbb00-6758-4dc6-bf0e-06a930bdbc8c','<p>Chance e.V. verzichtet bewusst auf ein Spendensiegel. Das hat mehrere Gründe:</p>\n<p>~ I.d.R. bekommen Organisationen auch dann noch ein Spendensiegel, wenn sie doppelt so viel für Verwaltung ausgeben wie Chance e.V.</p>\n\n<p>~ Ein Spendensiegel ist teuer. Wir verwenden die uns anvertrauten Mittel lieber direkt für die Projekte und Menschen vor Ort.</p>\n\n<p>~ Chance e.V. ist nicht anonym. Unsere Freunde und Förderer kennen unser Team oft persönlich. Sie haben jederzeit die Möglichkeit, mit uns einen Besuch vor Ort oder einen Einblick in unsere Jahresabschlüsse zu organisieren und sich so von der nachhaltigen Nutzung der Spenden selbst zu überzeugen.</p>\n\n\n',NULL,NULL,NULL),(67,67,1,'Transparenz, Offenheit und Qualität','2018-07-30 15:24:21','2018-07-30 15:24:21','e0e65c68-cb9f-4948-ac99-6ba2b3fabce8','<p>Chance e.V. gestaltet Verwaltung, interne Prozesse und inhaltliche Arbeit transparent und übersichtlich. Finanzen und Buchhaltung unterliegen mehrfacher unabhängiger Kontrolle und Revision. Leitfäden und Konzepte für die Projektdurchführung werden unter Mitwirkung der Partnerorganisationen und externer Berater in kontinuierlicher Teamarbeit weiter entwickelt und verbessert. Die internationale Kooperation basiert auf Vereinbarungen, die Strukturen und Zuständigkeiten klar regeln und für Verlässlichkeit sorgen.</p>\n\n\n\n\n<p>Unser gemeinsames Engagement beruht auf ständigem Dialog und gestaltet sich in einer Kultur der Offenheit, in der wir voneinander lernen und aufeinander zugehen. Wir wollen offen sein für Lob und konstruktive Kritik. Diese Offenheit hilft uns, unsere Arbeit, unsere Projekte und unser Miteinander fortwährend weiterzuentwickeln und zu verbessern.</p>\n\n\n\n<p>Bei unserer Arbeit vor Ort spielen Synergien eine große Rolle. Mit einem einzigen Projekt können die Menschen also gleich mehrere Probleme angehen und lösen. Auch kleine Spenden entfalten so eine maximale Wirkung und verändern Menschen, Gemeinschaften und Strukturen ganzheitlich und nachhaltig.</p>\n\n\n',NULL,NULL,NULL),(68,68,1,'Empfehlungen','2018-07-31 08:55:44','2018-07-31 08:55:44','08d3bf6e-fc07-465b-b580-a824ef384374','<p>Chance kommt an. Nicht nur bei den Menschen vor Ort, sondern auch bei unseren Partnern in Deutschland.</p>\n\n<p><a href=\"https://aufbau-website.de/craft/web/ueberUns/empfehlungen.html\">Lesen Sie selbst, was sie über uns sagen </a></p>',NULL,NULL,NULL),(69,69,1,'Christian Oelke','2018-07-31 08:56:39','2018-07-31 08:56:39','5616d8ee-e94c-4b1d-9e42-793d456d9dd5','<p>„Chance e.V. nimmt christliche Verantwortung für die Welt ernst. Seine klaren Werte und Ziele setzt der Verein auf allen Ebenen um.“</p>\n\n\n\n<p>Weiterlesen</p>','<p>evangelischer Pfarrer</p>',NULL,NULL),(70,70,1,'Bernhard Röckle','2018-07-31 08:57:36','2018-07-31 08:57:36','0704c6ca-7cfa-49db-98e3-4bdb36e70ceb','<p>„Bei Chance e.V. beeindruckt mich die Passion der Verantwortlichen für das Anliegen, den Schwachen und Benachteiligten eine \"Chance\" zu geben. Vision und Persönlichkeit stimmen dabei wohltuend überein. Authentizität und Bescheidenheit ergeben einen angenehmen Wohlklang. Prädikat: absolut empfehlenswert!“</p>\n\n\n\n\n\n\n\n','<p>Mitglied im Hauptvorstand der Volksmission</p>\n',NULL,NULL),(71,71,1,'Theo Weyandt','2018-07-31 08:58:06','2018-07-31 08:58:06','3211fb3b-3f6c-486f-90ee-ccb76a7eb3ff','<p>„Chance e.V. ist eine authentische und glaubwürdige Arbeit, die noch mehr Unterstützung verdient.“</p>\n\n\n<p>Weiterlesen</p>','<p>Ev.-freik. Gemeinde Berlin-Wannsee</p>',NULL,NULL),(72,72,1,'Birgit Steinheuer','2018-07-31 08:59:01','2018-07-31 08:59:01','a44bc618-277f-4447-9cf3-67ab58453c28','<p>„Die Liebe und Gnade Gottes zeigen sich in der Arbeit von Chance e.V. ganz deutlich. Der Verein begleitet die Menschen durch Bildung, Patenschaften und Hilfe zur Selbsthilfe. Ohne Chance e.V. sind sie der Korruption, Willkür, Armut und Umweltzerstörung hilflos ausgesetzt.“ </p>\n\n\n\n\n\n\n<p>Weiterlesen</p>','<p>Gemeindezentrum Dabringhausen (EfG)</p>',NULL,NULL),(73,73,1,'Christian Meissner ','2018-07-31 08:59:39','2018-07-31 08:59:39','0d6c3270-0d9b-4a83-a701-b9793631cf27','<p>„So sollte Mission aussehen! Das Konzept von Chance e.V. überzeugt mich dadurch, dass christliches Engagement und Entwicklungszusammenarbeit hier zusammengehören.“ </p>\n\n\n\n\n<p>Weiterlesen</p>','<p>Pastor, Freie Ev. Gemeinde Köln-Mülheim</p>',NULL,NULL),(74,74,1,'Philipp Scheld (Pastor)','2018-07-31 09:00:13','2018-07-31 09:00:13','039fc2ec-866e-4cf6-9199-2dc40c32cb65','<p>„Uns als Gemeinde begeistert der Ansatz nachhaltiger Entwicklung auf der Grundlage von christlichen Werten. Alle Menschen sollen nach Gottes Willen ein würdevolles Leben führen.“ </p>\n\n\n\n\n<p>Weiterlesen</p>','<p>Freie Ev. Gemeinde Ludwigsburg</p>',NULL,NULL),(75,75,1,'Uli Thomas','2018-07-31 09:00:53','2018-07-31 09:00:53','3a4ac6c9-e3c5-4116-959f-96bd09285c1f','<p>„Nach unserem Verständnis haben wir Christen den Auftrag, uns umfassend für arme und schwache Menschen einzusetzen – also sozial, politisch und geistlich. Darum freuen wir uns, mit Chance e. V. eine Organisation gefunden zu haben, die genau das auf eine liebevolle und authentische Art tut.“</p>\n\n\n\n\n\n\n\n<p>Weiterlesen</p>','<p>Lebenswert- Stadtkirche Köln</p>',NULL,NULL),(76,76,1,'Markus Wehrstedt','2018-07-31 09:01:26','2018-07-31 09:01:26','db401aeb-bb4d-4c53-88bd-ce2e477fdc57','<p>„Die Hoffnung Gottes hat in Chance e.V. Gestalt angenommen. So erlebe ich den Dienst dieses Vereins seit 2008. Aus diesem Grund hat die Encourager-Stiftung die Projekte von Chance e.V. schon mehrfach finanziell unterstützt.“ </p>\n\n\n\n\n\n<p>Weiterlesen</p>','<p>Encourager-Stiftung</p>',NULL,NULL),(77,77,1,'Wilfried Eckhoff','2018-07-31 09:02:04','2018-07-31 09:02:04','b990740d-4446-4519-99c5-2abab55e56e9','<p>„Hier wird die christliche Botschaft ganzheitlich verstanden und gelebt. Dazu gehören Menschenwürde, Gerechtigkeit und der verantwortliche Umgang mit sich selbst, mit anderen und der Umwelt.“</p><p>Weiterlesen</p>\n\n\n\n\n','<p>Evangelisch-Freikirchliche Gemeinde Schwelm</p>\n',NULL,NULL),(78,78,1,'Wo wir arbeiten','2018-07-31 09:38:03','2018-08-03 10:44:03','9c8e1e01-a5aa-42bb-88e1-10c920baedfb','<p>Chance e.V. ist in Peru und Kenia aktiv – in den Regenwäldern Amazoniens und den Savannen am Rande der Maasai Mara. </p>\n\n\n<p>Entdecken Sie die Regionen</p>',NULL,NULL,NULL),(79,79,1,'Programme','2018-07-31 09:38:40','2018-08-03 10:44:03','b153dc18-12eb-45d0-8e30-82af47b269f9','<p>Mit drei nachhaltigen Programmen zum Ziel: Dorfentwicklung, Kinderpatenschaft sowie Natur- und Umweltschutz. </p>\n\n\n<p>Erkunden Sie unsere Programme</p>',NULL,NULL,NULL),(80,80,1,'Themen','2018-07-31 09:39:05','2018-08-03 10:44:03','a690e913-0fdc-42b0-9a7f-5ab29a10db36','<p>Armutsbekämpfung, Bildung, christliches Engagement, Soziales sowie Umwelt- und Naturschutz sind wichtige Themen für uns.</p>\n<p>Erfahren Sie, was sich dahinter verbirgt</p>',NULL,NULL,NULL),(81,81,1,'Erfahrungsberichte','2018-07-31 09:39:27','2018-08-03 10:44:03','bd5d7d9a-206e-45d8-8d97-3a8985ea3e68','<p>Durch unsere Projekte haben Menschen neue Perspektiven gefunden.</p>\n<p>Lernen Sie die Menschen kennen</p>',NULL,NULL,NULL),(82,82,1,'Projektberichte','2018-07-31 09:39:52','2018-08-03 10:55:33','5aab1780-1df0-4343-9971-4862d62a16b8','<p>Unsere vielfältigen Projekte verändern das Schicksal von Einzelnen und ganzen Dorfgemeinschaften positiv. </p>\n<p>Erfahren Sie, wie wir konkret arbeiten</p>',NULL,NULL,NULL),(83,83,1,'Peru','2018-07-31 11:10:58','2018-08-03 10:44:03','dc7d55d6-a306-464b-8e16-fd7ebec28a0f',NULL,'<p>Das Einsatzgebiet von Chance e.V. in Peru liegt in der Provinz Oxapampa. Diese ist fast 19000 km² groß und liegt in den Regenwäldern der Andenvorgebirge, wo die Berge allmählich ins Amazonastiefland übergehen.</p>\n\n',NULL,NULL),(84,84,1,'Villa Rica','2018-07-31 11:11:42','2018-08-03 10:44:04','60757599-64f4-498a-ae59-8ca49606237d','<p>Das Chance-Projektzentrum befindet sich hier in dem kleinen Dschungelstädtchen Villa Rica auf 1500 Metern Höhe. Ausgehend von Villa Rica begleitet unser lokales Team einige hundert Patenkinder und ihre Familien. Von hier aus organisiert es die Arbeit mit zwei Dutzend Indianergemeinschaften und Dschungeldörfern und betreut den Chance-Regenwald, ein 180 km² großes vereinseigenes Schutzgebiet, das Chance e.V. von der Forstbehörde anvertraut wurde.</p>',NULL,NULL,NULL),(85,85,1,'Indigene Bevölkerung','2018-07-31 11:16:00','2018-08-03 10:44:04','6bc63850-3ba1-46d6-b3cd-c0b8d8118dfc','<p>Die Yánesha- und Asháninka-Indianer leben seit Jahrtausenden in der Region. Ab 1635 gab es immer wieder katholische Missionen und seit dem späten 19. Jahrhundert drangen immer mehr Siedler, zunächst aus Deutschland und später aus den Anden, in die Heimat der Indianer vor. Heute stellen die Yánesha und Asháninka deshalb die mit Abstand kleinste und ärmste Bevölkerungsgruppe. Die wohlhabendste Gruppe sind die Nachfahren der Deutschen, die auf ehemaligem Indianerland Plantagen und Viehzucht betreiben und einige deutsche Traditionen bis heute pflegen. </p>\n\n\n\n\n\n\n<p>Die indianische Bevölkerung wurde in ein paar Dutzend reservatähnliche Gemeinschaften zurückgedrängt und hat nicht nur über 95 Prozent ihres ursprünglichen Landes verloren, auch ihre Sprache, sozialen Strukturen und Lebensweise konnten dem Druck der Siedler kaum standhalten. Identitätsverlust, Entwurzelung, Umweltzerstörung, Armut und Perspektivlosigkeit bestimmen deshalb das Leben der Menschen, die versuchen, die Folgen von Fremdbestimmung und Landraub irgendwie zu bewältigen.</p>\n\n\n\n\n',NULL,NULL,NULL),(86,86,1,'Wirtschaft','2018-07-31 11:16:58','2018-08-03 10:44:04','e4da82ac-38e1-4e8c-9435-e1f3c9e3ea9d','<p>Kaffeeanbau, Viehzucht und Holzwirtschaft sind die wichtigsten Wirtschaftszweige der Provinz. Stellenweise gibt es illegale Kokaplantagen, die von Kriminellen Gruppen betreut werden. Die Situation der meisten Einwohner ist schwierig. Als landlose Tagelöhner, verdingen sie sich auf Plantagen und leben in großer Armut.</p>\n\n\n\n<p>Obwohl fast die ganze Provinz UN-Biosphärenreservat ist, wird das Überleben der Wälder und Dorfgemeinschaften von illegalem Holzeinschlag, Landraub, Erdgasförderung, Korruption und Klimawandel bedroht. </p>\n\n\n<p>Dieser komplexen Problemlage setzt Chance e.V. durch nachhaltige Entwicklung ganzheitliche Lösungsansätze entgegen – für Mensch und Schöpfung.</p>\n',NULL,NULL,NULL),(87,87,1,'Kenia','2018-07-31 11:17:41','2018-08-03 10:44:04','92590e7f-34b6-4341-8b02-66c54209c7b8',NULL,'<p>In Kenia konzentrieren unsere Projekte sich auf das Narok County, wo Chance e.V. verschiedene Maasai-Gemeinschaften dabei begleitet, ihre Situation durch nachhaltige Entwicklung zu verbessern: Im Hügelland von Olereko entstanden verschiedene landwirtschaftliche Projekte, eine Dorfschule und ein Bildungs- und Sozialprogramm für Kinder.</p>',NULL,NULL),(88,88,1,'Der halbnomadische Lebenswandel ist bedroht','2018-07-31 11:18:49','2018-08-03 10:44:04','2adf04bf-fcba-4394-83ec-d259504e713d','<p>Der halbnomadische Lebenswandel, der das Leben der Menschen bis vor wenigen Jahren prägte, ist heute durch Bevölkerungswachstum, Klimawandel und eine verfehlte Landpolitik nicht mehr möglich. Die staatlich verordnete Privatisierung des Gemeinschaftslandes hat dazu geführt, dass überall Zäune errichtet werden. Dies hat zur Folge, dass die Maasai dem Regen mit ihren Rinderherden nicht mehr hinterherziehen können. Bleibt der Regen dann aus, was in den letzten Jahren immer häufiger vorkommt und zu katastrophalen Dürren führt, wird das Gras knapp, die Rinder verhungern und die wirtschaftliche Grundlage der Menschen wird vernichtet. Hunger und Elend bedrohen dann vor allem Frauen und Kinder.</p>\n\n\n\n\n\n\n',NULL,NULL,NULL),(89,89,1,'Safaritourismus Segen und Gefahr zugleich','2018-07-31 11:19:35','2018-08-03 10:44:04','deb21968-b2ca-40c9-a12b-6728af25f47f','<p>Gleichzeitig stellt die Fragmentierung der Landschaft durch Zäune eine große Gefahr für die zweite Wirtschaftsgrundlage der Region dar: den Safaritourismus. Die Touristen kommen, um wilde Tiere zu sehen. Jedes Jahr erreichen riesige Herden aus der Serengeti auch Siana. Um von den Einnahmen des Tourismus zu profitieren, haben viele Dorfgemeinschaften dorfeigene Schutzgebiete geschaffen, so auch Siana. Doch halten sich die großen Herden nicht an die Grenzen der Schutzgebiete und folgen uralten Wanderrouten, bis sie wieder ein Schutzgebiet erreichen. Auch ihnen versperren die Zäune den Weg. Das führt auch wegen der zunehmenden Trockenheit zu immer häufigeren Konflikten zwischen Mensch und Tier und die Einnahmen aus dem Tourismus gehen zurück</p>\n\n\n\n\n\n\n',NULL,NULL,NULL),(90,90,1,'Arbeitsplätze, Bildung und medizinisches Versorgung sind Mangelware','2018-07-31 11:19:57','2018-08-03 10:44:04','f4b408e1-63e1-425f-b1cb-984fed767c6b','<p>Es gibt kaum Arbeitsplätze, Bildungsangebote und medizinische Versorgung. Frauen und Mädchen sind bis heute benachteiligt und die sozialen Strukturen brechen zusammen, was die Krise der Menschen verschärft. Die Folge sind Armut und Orientierungslosgikeit sowie eine immer weiter fortschreitende Zerstörung der Natur.</p>\n\n\n',NULL,NULL,NULL),(91,91,1,'Gemeinsam eine Chance bieten','2018-07-31 11:20:30','2018-08-03 10:44:04','bbfd9f85-c0a3-43ad-b749-a291b88aab4d','<p>Gemeinsam mit unserer lokalen Partnerorganisation begleiten wir besonders die Bevölkerung in den Wildkorridoren dabei, sich an die veränderten Bedingungen anzupassen, ihre Armut zu bekämpfen, ihre Lebensbedingungen selbstbestimmt zu verbessern und die Natur zu bewahren. <br /></p>\n\n\n',NULL,NULL,NULL),(92,92,1,'Dorfentwicklung Chancen für Dörfer','2018-07-31 11:36:25','2018-08-03 10:44:04','40adc374-3745-4315-97e0-fc1f9634a4af','<p>Ziel ist die Befähigung der Menschen, das Schicksal ihrer Dörfer selbst in die Hand zu nehmen. </p>\n<p>Erfahren Sie, wir Dörfer stärken</p>','<p>Dorfentwicklung <br /> Chancen für Dörfer</p>',NULL,NULL),(93,93,1,'Patenschaft  Chancen für Kinder &  Familien','2018-07-31 11:37:02','2018-08-03 10:44:04','509debb1-e716-4a63-ac38-200e415d40f8','<p>Wir geben Kindern, Jugendlichen und ihren Familien die Chance, ihre Lebensqualität eigenständig zu verbessern. </p>\n<p>Erkunden Sie unsere Patenschaft</p>','<p>Patenschaft <br /> Chancen für Kinder &amp; Familien</p>',NULL,NULL),(94,94,1,'Umwelt- und Naturschutz Chancen für die Schöpfung Überblicksseite','2018-07-31 11:37:32','2018-08-03 10:44:04','45f85e93-4192-4d42-b1b9-ec0be89dab3d','<p>Mit ökologisch nachhaltiger Entwicklung geben wir Mensch und Schöpfung eine Chance. </p>\n<p>Erfahren Sie mehr</p>','<p>Umwelt- und Naturschutz <br /> Chancen für die Schöpfung</p>',NULL,NULL),(95,95,1,'Motor ihrer eigenen Entwicklung','2018-07-31 11:44:04','2018-08-03 10:44:04','fb4d5372-b0bc-425f-89eb-369326a0c410','<p>Statt Menschen zu entmündigen und von Hilfe abhängig zu machen, sind die Dorfbewohner selbst Motor ihrer Entwicklung. Diese beginnt im Innern, umfasst die Bereiche Spiritualität, Kultur, Identität, Werte, persönliche Beziehungen, Ökologie, Bildung und Wirtschaft gleichermaßen und ist gerade deshalb erfolgreich.</p>',NULL,NULL,NULL),(96,96,1,'Einsatz in Peru','2018-07-31 11:46:24','2018-08-03 10:44:04','774ae25c-eed7-4cda-a065-d5258ddfb72a','<p>Neben den indigenen Gemeinschaften der Yánesha- und Asháninka-Indianer begleiten wir in Peru auch rund ein Dutzend Kleinbauerndörfer rings um den Chance-Regenwald.</p>',NULL,NULL,NULL),(97,97,1,'Einsatz in Kenia','2018-07-31 11:46:49','2018-08-03 10:44:04','504fa6f3-65e5-4ab0-9325-3f451b4034f2','<p>In Kenia stärken wir Maasai-Dorfgemeinschaften, die durch fehlgeschlagene Landpolitik des Staates in ihrer Existenz akut bedroht sind.</p>\n\n',NULL,NULL,NULL),(98,98,1,'Der Fünf-Stufen-Plan','2018-07-31 11:47:36','2018-08-03 10:44:05','462b8069-d411-44dc-8242-79b9dfcca7bc',NULL,'<p>Um die nachhaltige Entwicklung und Autonomie der Dorfgemeinschaften \nzu stärken, folgt unser Konzept einem Fünf-Stufen-Plan. Alle \nBevölkerungsgruppen – Alte und Junge, Männer und Frauen – gestalten \ngemeinsam die nachhaltige Entwicklung ihres Dorfes und schaffen die \nGrundlage für würdevolles Leben.</p>',NULL,NULL),(99,99,1,'Stufe 1: Dialog, Reflexion und Sensibilisierung','2018-07-31 11:47:55','2018-08-03 10:44:05','0220ef0a-0f83-4a89-ab4f-71353b2ce26f',NULL,NULL,NULL,NULL),(100,100,1,'Stufe 2: Selbstdiagnose','2018-07-31 11:48:29','2018-08-03 10:44:05','af891c5a-3c16-4fa1-a4d4-2ee694cbb059','<p>Die Dorfbewohner machen sich die Lage ihrer Gemeinschaft bewusst und formulieren Antworten auf wichtige Fragen: Was können wir aus unserer Geschichte lernen? Was sind unsere Probleme und wie lösen wir Konflikte? Wer sind unsere Verbündeten, wer unsere Gegner? Was sind unsere Stärken und Schwächen? Wovon träumen wir? Wovor haben wir Angst? Wie können wir unseren größten Gefahren begegnen? Diese Erkenntnisse bilden die Grundlage für das weitere Vorgehen.</p>\n\n\n\n',NULL,NULL,NULL),(101,101,1,'Stufe 3: Dorfsatzung','2018-07-31 11:48:36','2018-08-03 10:44:05','71fca4e3-68ac-4fa3-8106-e4a498a82eb9',NULL,NULL,NULL,NULL),(102,102,1,'Stufe 4: Plan für gelingendes Leben','2018-07-31 11:48:43','2018-08-03 10:44:05','85a1c347-855e-4828-b0e9-6cb0603c60ea',NULL,NULL,NULL,NULL),(103,103,1,'Stufe 5: Umsetzung des Plans für gelingendes Leben','2018-07-31 11:49:08','2018-08-03 10:44:05','36b59d89-b9e4-49b6-be3a-64a912c8a3ba',NULL,NULL,NULL,NULL),(104,104,1,'Das Ziel: starke Dörfer','2018-07-31 11:50:32','2018-08-03 10:44:05','4cee5d22-3b5a-43fc-9c27-c3c53da77e67',NULL,'<p>Ziel unserer Arbeit mit Dorfgemeinschaften sind starke Dörfer. Sie stehen auf eigenen Beinen und regeln alle Angelegenheiten erfolgreich selbst:</p>',NULL,NULL),(105,105,1,'Territorium','2018-07-31 11:52:28','2018-08-03 10:44:05','e188aa14-af24-4c6e-bc6d-b97faacc4e4b','<p>Die Dorfgemeinschaft ist staatlich anerkannt.</p>\n<hr /><p>Ihr Territorium ist dauerhaft gegen Landräuber und korrupte Beamte gesichert.</p>\n<hr /><p>Ihre Selbstverwaltung wird durch eine ganzheitliche Dorfsatzung effizient geregelt.</p>\n<hr />',NULL,NULL,NULL),(106,106,1,'Teilhabe','2018-08-01 09:27:10','2018-08-03 10:44:05','559ca303-b512-4055-9924-49eff022d062','<p>Die gleichberechtigte Teilhabe von Männern und Frauen sowie aller anderen Bevölkerungsgruppen ist garantiert.<br /></p>\n<hr /><p>Identität und Selbstachtung der Menschen sind gestärkt, ihre Bildung organisiert.<br /></p>\n<hr /><p>Die Bewahrung und verantwortungsbewusste Nutzung der natürlichen Ressourcen des Dorfes ist sichergestellt.</p>\n<hr />',NULL,NULL,NULL),(107,107,1,'Dorfentwicklungsplan','2018-08-01 09:27:47','2018-08-03 10:44:05','94fe3c4c-3f9c-4281-922c-90a66eedac38','<p>Die Dorfgemeinschaft hat eine nachhaltige und ganzheitliche Entwicklungsstrategie erarbeitet, den so genannten Dorfentwicklungsplan.</p>\n<hr /><p>Durch eine geordnete und nachhaltige wirtschaftliche Entwicklung können die Dorfbewohner Schritt für Schritt und aus eigener Kraft der Armut entkommen.</p>\n<hr />',NULL,NULL,NULL),(108,108,1,'Dorfpate werden','2018-08-01 09:29:17','2018-08-03 10:44:06','322d58b7-bf13-46ba-809b-5ffb35132e85','<p><strong>Dorfpate können Sie ab einer monatlichen Spende von 20 Euro oder mehr werden. </strong> <br /> So helfen Sie bedrohten Dorfgemeinschaften, wieder auf eigenen Beinen zu stehen, die Armut zu bekämpfen, ihre Rechte durchzusetzen und ihren Lebensraum zu bewahren. </p>\n<p>Bei der Chance-Dorfpatenschaft fallen keine Verwaltungskosten an. 100 % Ihrer Spenden kommen direkt den Menschen in den Dörfern zugute, für die Sie Chancen-Geber werden.</p>',NULL,NULL,NULL),(109,109,1,'Konzept für gelingendes Leben','2018-08-01 09:30:02','2018-08-03 10:44:06','c83a87b8-8d57-4f1d-b137-fc336c3f4d8b','<p>Nur eine starke Gemeinschaft kann ihre Landrechte verteidigen, ihren Lebensraum bewahren, die Armut bekämpfen und eine für alle lebenswerte Zukunft gestalten. Deshalb begleiten wir die Dorfgemeinschaften in diesen Lebensbereichen.</p>',NULL,NULL,NULL),(110,110,1,'Warum indigene Gemeinschaften?','2018-08-01 09:32:39','2018-08-03 10:44:06','3e786fda-c0a5-4c1c-a439-17a5eaaa4294','<p><strong>Rechtsunsicherheit und Landraub:</strong> Obwohl sie die ursprünglichen Eigentümer des Landes sind und die Ressourcen seit Generationen bewahren und nachhaltig nutzen, werden die traditionellen Landrechte der indigenen Bevölkerung häufig missachtet. Immer wieder sind sie Opfer kriminellen Landraubs. Die Landräuber stehlen ihr Land, zerstören ihren Lebensraum und setzen die Gemeinschaften massiv unter Druck. </p>\n<p><strong>Zerstörung:</strong> Rücksichtslose und auf kurzsichtigen Profit ausgerichtete Umweltzerstörung vernichtet die Lebensgrundlage von Mensch und Schöpfung. Ein Entkommen aus der Armut wird so immer schwieriger. </p>\n<p><strong>Orientierungslosigkeit:</strong> Ausgrenzung, Diskriminierung und Ausbeutung haben die Identität, Selbstachtung, Selbstbestimmung und wirtschaftliche Lage der Menschen schwer geschädigt. Zwischen Assimilierung und Bewahrung der eigenen Identität gehen Werte verloren. Das führt zu einer Schwächung der Gemeinschaften von innen. </p>\n<p><strong>Schwache Selbstbestimmung:</strong> Sowohl die Vereinten Nationen als auch die Verfassung Perus garantieren den indigenen Gemeinschaften weitgehende Autonomie. Dennoch fehlt es den Dorfgemeinschaften meist an effektiven Instrumentarien zur Stärkung ihrer inneren Organisation und Selbstverwaltung. Außenstehende nutzen das aus, um sich illegal an den Ressourcen der Menschen zu bereichern. Das führt zu sozialem Unfrieden und immer mehr Armut und Zerstörung. </p>\n<p><strong>Bildungsmangel:</strong> Den Dorfbewohnern fehlt der Zugang zu Bildung und staatlichen Dienstleistungen. So können sie sich gegen die vielen Bedrohungen ihrer Gemeinschaften kaum zur Wehr setzen. Soziale Ungerechtigkeit zerstört die Lebensperspektive der Menschen. </p>\n<p><strong>Armut:</strong> All das führt zu extremer Armut, die es den Menschen vielerorts kaum ermöglicht, sich für ihre Gemeinschaften einzusetzen, und verursacht großes persönliches Leid. </p><p>Peru hat mit 65 verschiedenen indigenen Völkern und über 1700 Gemeinschaften einen verhältnismäßig hohen Anteil Ureinwohner an der Gesamtbevölkerung. Die Maasai sind die größte indigene Gruppe Kenias.</p>','<p>Indigene Gemeinschaften und Kleinbauerndörfer gehören zu den am stärksten gefährdeten Bevölkerungsgruppen weltweit.</p>',NULL,NULL),(111,111,1,'Kinderpaten Chancen für Kinder und Familien','2018-08-01 10:48:23','2018-08-03 10:44:06','071cffdc-fbd5-407a-bca0-28bb3c54feeb','<p>Beim Patenkinderpgrogramm von Chance e.V. geht es darum, Kindern, Jugendlichen und ihren Familien die Chance zu geben, ihre Lebensqualität durch ganzheitliche persönliche Entwicklung, Bildung, die Festigung positiver Werte und die Übernahme von persönlicher, sozialer und ökologischer Verantwortung eigenständig zu verbessern. </p>\n<p>Im Mittelpunkt stehen auch hier das Potential jedes einzelnen Menschen und unser christliches Menschenbild. Die Chance-Patenkinder leben in den Dorfgemeinschaften, mit denen Chance e.V. in Peru und Kenia langfristig zusammenarbeitet sowie in den Slums des Dschungelstädtchens Villa Rica, in dem unser peruanisches Einsatzzentrum liegt.</p>','<p>Kinderpaten <br /> Chancen für Kinder und Familien</p>',NULL,NULL),(112,112,1,'Die Säulen des Chance-Patenprogramms','2018-08-01 10:48:48','2018-08-03 10:44:06','4ad476a6-5f9f-42b6-a3cb-bf5cc10ca4f9',NULL,'<p>Die interdisziplinären Chance-Teams vor Ort bestehen aus Psychologen, Sozialarbeitern, Pädagogen, Geistlichen und engagierten Freiwilligen. Gemeinsam begleiten sie die Patenkinder und ihre Angehörigen, damit ganzheitliche persönliche Entwicklung in einem harmonischen Umfeld möglich wird.</p>',NULL,NULL),(113,113,1,'Hoffnung und Lebensperspektive','2018-08-01 10:49:14','2018-08-03 10:44:06','6e4baa59-f60a-4a13-a49d-ad142516255d',NULL,NULL,NULL,NULL),(114,114,1,'Psychologisch-seelsorgerliche Begleitung','2018-08-01 10:49:21','2018-08-03 10:44:06','b65abacb-755e-4c5c-9952-3cbe077832bf',NULL,NULL,NULL,NULL),(115,115,1,'Stärkung der kulturellen Identität ','2018-08-01 10:49:31','2018-08-03 10:44:06','e03da325-d997-4007-914d-314f5c43c24b','<p>Wir stärken die Identität der Patenkinder. Sie lernen, stolz auf ihr kulturelles Erbe zu sein und sich für ihre Herkunft nicht mehr zu schämen. Das fördert ihre Selbstachtung und hilft ihnen, sich positiv zu entwickeln.</p>\n\n',NULL,NULL,NULL),(116,116,1,'Familien- und Mütterberatung','2018-08-01 10:49:37','2018-08-03 10:44:06','6f780675-4f37-4b58-9824-5d0c80564a8c',NULL,NULL,NULL,NULL),(117,117,1,'Persönliche Begleitung und Vernetzung','2018-08-01 10:49:43','2018-08-03 10:44:06','f3789c3b-9709-4213-ac4a-056a22362ec8',NULL,NULL,NULL,NULL),(118,118,1,'Schulförderung und ganzheitliches Lernen','2018-08-01 10:49:47','2018-08-03 10:44:06','b3f49541-4d15-4f32-bd42-e73f20c7dbc0',NULL,NULL,NULL,NULL),(119,119,1,'Förderung von Kreativität und Begabungen ','2018-08-01 10:49:52','2018-08-03 10:44:06','5cc49ae4-2cba-464c-b4b8-d6c2bdbcca95',NULL,NULL,NULL,NULL),(120,120,1,'Umwelterziehung, Naturverstehen und Nachhaltigkeitstraining ','2018-08-01 10:49:58','2018-08-03 10:44:06','95143e98-3edb-41cb-907a-fc088403ec2f',NULL,NULL,NULL,NULL),(121,121,1,'Kinderwald','2018-08-01 10:50:03','2018-08-03 10:44:07','559d32a7-29b4-4c87-bc66-07e361b21e72',NULL,NULL,NULL,NULL),(122,122,1,'Gartenbau, Aufforstung und Tiere','2018-08-01 10:50:11','2018-08-03 10:44:07','614aed0b-7a20-4336-91d0-77425e8140f3',NULL,NULL,NULL,NULL),(123,123,1,'Soziale Verantwortung und Menschenrechte','2018-08-01 10:50:20','2018-08-03 10:44:07','fbf09a92-2285-4a9e-84f0-52f5b9ed5736',NULL,NULL,NULL,NULL),(124,124,1,'Christliche Freizeiten und Exkursionen','2018-08-01 10:50:26','2018-08-03 10:44:07','b605b81c-9ba4-47ad-aa2a-92c8b6760439',NULL,NULL,NULL,NULL),(125,125,1,'Sport-, Spiel- und Freizeitangebote','2018-08-01 10:50:31','2018-08-03 10:44:07','21728d45-1c6c-4130-8a9f-7373b2c0068d',NULL,NULL,NULL,NULL),(126,126,1,'Rückhalt durch Paten','2018-08-01 10:50:38','2018-08-03 10:44:07','f75f79be-d72d-4575-8cd4-5b8b98d08224',NULL,NULL,NULL,NULL),(127,127,1,'Klausel','2018-08-01 11:04:34','2018-08-03 10:44:07','04f1ca4f-4554-434f-b69d-cbc35154544c','<p>Je nach Projektstandort und Wohnort der Patenkinder können die Schwerpunkte des Programms variieren, weil unsere lokalen Teams in der Ausgestaltung auf die örtlichen Begebenheiten Rücksicht nehmen müssen.</p>\n\n',NULL,NULL,NULL),(128,128,1,'Das Ziel: starke Kinder und gesunde  Familien','2018-08-01 11:07:08','2018-08-03 10:44:07','f055b20b-8798-4327-ad03-8583bd24a4de',NULL,'<p>Ziel unseres Patenkinderprogramms sind starke Kinder und gesunde Familien. Sie stehen auf eigenen Beinen, übernehmen Verantwortung und entwickeln ganzheitliche Lebensperspektiven.</p>',NULL,NULL),(129,129,1,'Selbstbild','2018-08-01 11:08:41','2018-08-03 10:44:07','c61f8989-336d-46e8-833b-be1169df3569','<p>Die Kinder wissen, dass sie von Gott geliebt sind. Sie kennen ihren Wert und haben lebendige Hoffnung.</p>\n<hr /><p>Die Kinder haben ein positives Selbstbild, sind stolz auf ihre kulturellen Wurzeln und lernen Probleme zu meistern.</p>\n<hr />',NULL,NULL,NULL),(130,130,1,'Patenkinder Verantwortung','2018-08-01 11:09:37','2018-08-03 10:44:07','36b25575-d197-4742-b998-c4e2847a3fc7','<p>Die Angehörigen der Patenkinder werden ihrer Verantwortung gerecht, die Familien stabilisieren sich und es entstehen vielseitige positive Beziehungen. </p>\n<hr /><p>Die Patenkinder können auf schulische Unterstützung zurückgreifen, entwickeln ihre Begabungen sowie Kreativität und haben Zugang zu ganzheitlichem Lernen.</p>\n<hr />',NULL,NULL,NULL),(131,131,1,'Rechte kennen','2018-08-01 11:10:28','2018-08-03 10:44:07','9b3a7291-d81f-4cef-bd1d-c327bef8f25c','<p>Die Patenkinder und ihre Angehörigen verstehen und übernehmen ökologische und soziale Verantwortung, sie sind Multiplikatoren nachhaltiger Entwicklung und gehen verantwortungsbewusst mit der Schöpfung um. </p>\n<hr /><p>Die Patenkinder kennen ihre Rechte, unterstützen sich gegenseitig und haben einen Ort, an dem sie Kind sein können.</p>\n<hr />',NULL,NULL,NULL),(132,132,1,'Kinderpate werden','2018-08-01 11:15:44','2018-08-03 10:44:08','e64e74ea-c8e6-4c97-b648-fb325de79ef2','<p>Eine Kinderpatenschaft Plus ist ab einer monatlichen Spende von 35 Euro oder mehr möglich. <br />„Plus“ steht dafür, dass nicht nur das einzelne Kind gefördert und begleitet wird, sondern auch sein Umfeld. Das umfasst Angebote für die Angehörigen genauso wie Entwicklungsprojekte im Heimatdorf des Patenkindes, die mit einem kleinen Betrag gefördert werden.</p>\n<p>Je nach Höhe der monatlichen Patenspende fließen durchschnittlich 8 % in die Verwaltung des Patenprogramms, während mind. 90 % durch die Angebote des Patenkinderprogramms direkt für die ganzheitliche Entwicklung des Patenkindes zur Verfügung stehen und kinderrelevante Projekte in seinem Heimatdorf fördern.</p>',NULL,NULL,NULL),(133,133,1,'Ganzheitliche Begleitung für gelingendes  Leben','2018-08-01 11:24:55','2018-08-03 10:44:08','4722e443-398a-4b2c-b572-8ac05a7428ef',NULL,NULL,NULL,NULL),(134,134,1,'Warum ganzheitliche Patenschaften?','2018-08-01 11:25:45','2018-08-03 10:44:08','cf988746-8b4f-4d63-9486-a6313c857e4e',NULL,'<p>Jedes Kind ist in seiner Einmaligkeit ein von Gott geliebtes Geschöpf und verfügt über Kreativität, Begabungen und Potential. Es bildet eine Einheit aus Körper, Seele und Geist und entwickelt sich in einem Netzwerk zwischenmenschlicher, sozialer und ökologischer Beziehungen und Abhängigkeiten. Um Kindern und Jugendlichen ganzheitliche Entwicklung zu ermöglichen, haben wir unser vielseitiges, facettenreiches und interdisziplinäres Patenkinderprogramm entwickelt, das auf ein selbstbestimmtes, ausgeglichenes und verantwortungsbewusstes Leben vorbereitet.</p>',NULL,NULL),(135,135,1,'Naturschutz','2018-08-01 12:57:26','2018-08-03 10:44:08','3172e95c-5ea6-42d7-92c0-91095b98807d','<p>Umwelt- und Naturschutz sind ein wichtiger Bestandteil der Arbeit von Chance e.V., denn die Natur ist Schöpfung Gottes und die Lebensgrundlage aller Menschen und Geschöpfe. Noch nie war ihr Fortbestand durch den Menschen weltweit so bedroht wie heute.</p>','<p>Umwelt- und Naturschutz <br /> Chancen für die Schöpfung</p>',NULL,NULL),(136,136,1,'Umweltverschmutzung','2018-08-01 12:59:00','2018-08-03 10:44:08','31dc2dcd-19b8-474c-9a17-358c1442bf41','<p>Die Umwelt- und Naturschutzarbeit von Chance e.V. beruht auf unserem christlichen Weltbild. Wir fördern ökologische Gerechtigkeit, Umweltbildung, die Schaffung von Naturschutzgebieten und Armutsbekämpfung durch ökologisch nachhaltige Entwicklung.</p>','<p>Umweltverschmutzung ist Todesursache Nummer eins, vor allem in Ländern wie Peru und Kenia. Dabei sind gerade die Armen auf eine intakte Natur angewiesen, um der Armut zu entkommen und ihre Selbstbestimmung zu stärken. Im globalen Kampf um Ressourcen werden sie immer häufiger Opfer ökologischer Ungerechtigkeit, obwohl gerade sie die Natur traditionell schonend nutzen.</p>',NULL,NULL),(137,137,1,'Die Bestandteile unseres Umwelt- und  Naturschutzprogramms','2018-08-01 13:09:34','2018-08-03 10:44:08','36a2601c-01cb-46e0-b9f4-9d4b82645d06',NULL,'<p>Unser ganzheitliches Umwelt- und Naturschutzkonzept sieht den Menschen als Teil der Schöpfung, der zum achtsamen und verantwortungsbewussten Umgang mit der Natur berufen ist. Die Bewahrung der Schöpfung ist kein Entwicklungshemmnis, stattdessen fördert intelligenter Umwelt- und Naturschutz die wirtschaftliche Entwicklung, Menschenrechte und Selbstbestimmung nachhaltig. Menschen sehen wir nicht als Umweltproblem, sondern als Teil der Lösung. Denn sie haben das Potenzial, die Armut zu reduzieren und gleichzeitig die Natur zu bewahren. Dieses Potenzial fördert Chance e.V.</p>',NULL,NULL),(138,138,1,'Aufklärung, Bildung und Dialog','2018-08-01 13:10:02','2018-08-03 10:44:08','0af005c7-4d81-401a-8bdf-5a70579096a8',NULL,NULL,NULL,NULL),(139,139,1,'Befähigung','2018-08-01 13:10:08','2018-08-03 10:44:08','b7807eb7-0a8f-46ba-b8a8-812dc2341914',NULL,NULL,NULL,NULL),(140,140,1,'Ressourcenmanagement','2018-08-01 13:10:25','2018-08-03 10:44:08','0de8e40e-be48-4ac1-aaf0-ea4aa53a362f','<p>Wir begleiten Dorfgemeinschaften, Kleinbauern, traditionelle Anführer und kommunale Entscheidungsträger und befähigen sie, Ressourcen bewusst und verantwortlich zu nutzen. Hierfür stellen wir ihnen das Know-How und die Mittel zur Verfügung.</p>\n\n',NULL,NULL,NULL),(141,141,1,'Menschenrechte','2018-08-01 13:10:34','2018-08-03 10:44:08','e5042046-7573-49f4-84bb-e1ada0bfc89f',NULL,NULL,NULL,NULL),(142,142,1,'Einrichtung und Betreuung von Naturschutzgebieten','2018-08-01 13:10:39','2018-08-03 10:44:08','85782b04-1e47-4318-914f-b2834c407a4a',NULL,NULL,NULL,NULL),(143,143,1,'Gemeinschaftsbaumschulen und Aufforstung','2018-08-01 13:10:44','2018-08-03 10:44:08','11ed24d6-39e1-457d-866a-7dd9378acf88',NULL,NULL,NULL,NULL),(144,144,1,'Armutsbekämpfung durch ökologisch nachhaltige wirtschaftliche Entwicklung ','2018-08-01 13:10:49','2018-08-03 10:44:08','40c29ea9-48c8-4ecc-83f0-425854d185d5',NULL,NULL,NULL,NULL),(145,145,1,'Allianzen und Kooperationen ','2018-08-01 13:10:57','2018-08-03 10:44:08','7f9cb5ce-a38c-45d2-ae49-4aad27c454a2',NULL,NULL,NULL,NULL),(146,146,1,'Das Ziel: Bewahrung der Schöpfung und  Verbesserung der Lebensqualität ','2018-08-01 13:31:49','2018-08-03 10:44:09','421d2551-8504-4c67-a0a4-79e202db3041',NULL,'<p>Ziel unseres Umwelt- und Naturschutzprogramms ist es, Menschen und Gemeinschaften zu befähigen, effektive Akteure für den Schutz der Schöpfung zu sein:</p>',NULL,NULL),(147,147,1,'Menschen kennen','2018-08-01 13:33:11','2018-08-03 10:44:09','ea0a5316-5d96-4c7c-bc45-121dddbdaf61','<p>Die Menschen kennen und verstehen den Wert und die Bedeutung der Natur.</p>\n<hr /><p>Sie verfügen über Fähigkeiten und Techniken, die Natur zu bewahren und schonend zu nutzen. </p>\n<hr /><p>Es gelingt ihnen, ihre Landrechte zu verteidigen und ihren Lebensraum zu bewahren.</p>\n<hr />',NULL,NULL,NULL),(148,148,1,'Entscheidungsträger','2018-08-01 13:33:55','2018-08-03 10:44:09','fe8b190f-c46e-476a-b9d8-f8120018c33c','<p>Entscheidungsträger haben das nötige Bewusstsein, um adäquate Entscheidungen zu treffen.</p>\n<hr /><p>Die Selbstbestimmung der Gemeinschaften ist gestärkt.</p>\n<hr /><p>Schutzgebiete und Reservate werden eingerichtet.</p>\n<hr />',NULL,NULL,NULL),(149,149,1,'Aufforstung','2018-08-01 13:34:36','2018-08-03 10:44:09','609bfee5-7136-49b4-aded-7add886d7200','<p>Aufforstung trägt zur Wiederherstellung geschädigter Flächen bei. </p>\n<hr /><p>Den Dorfgemeinschaften gelingt es, sich an den Klimawandel anzupassen.</p>\n<hr /><p>Die Menschen bewahren die Schöpfung und reduzieren gleichzeitig die Armut durch nachhaltige wirtschaftliche Entwicklung.</p>\n<hr />',NULL,NULL,NULL),(150,150,1,'Waldpate werden','2018-08-01 13:49:22','2018-08-03 10:44:09','8a39114e-04f6-4abc-b918-152b9f53416a','<p><strong>Mit nur fünf Euro im Monat retten Sie einen Hektar Regenwald in Peru und werden so Chance-Waldpate. </strong> <br /> Mit einer monatlichen Waldpatenspende von 25 Euro schützen Sie 5 Hektar Regenwald, mit 50 Euro zehn Hektar usw. Ab einer Fläche von einem Hektar können Sie frei festlegen wie groß die Fläche sein soll, die Sie als Waldpate retten wollen. </p>\n<p>Ihre Spenden fließen zu 100 % in den Schutz des 18.000 Hektar großen Waldgebiets, das uns von der peruanischen Forstbehörde anvertraut wurde, um es vor der Zerstörung zu bewahren. Wir helfen damit den umliegenden Kleinbauerndörfern beim Kampf gegen die Armut, stellen Waldhüter ein und bauen Kontrollposten. Das ist eine Investition in die Zukunft von zwei Landkreisen, deren Wasserversorgung vom Chance-Regenwald abhängt.</p>',NULL,NULL,NULL),(151,151,1,'Der Chance-Regenwald – eine Chance für  Mensch und Schöpfung','2018-08-01 13:59:08','2018-08-03 10:44:09','2d6eba1f-ff1d-4e3f-b4b2-d1b4dca80f67','<p><strong>Rettung in letzter Sekunde </strong> <br /> Gemeinsam mit unserer Partnerorganisation gelang es uns, das letzte intakte Waldgebiet im Peren-Distrikt zu retten – gerade noch rechtzeitig, bevor Brandrodung, Bodenspekulation und Wilderei auch hier ihr zerstörerisches Werk tun konnten. Nach zweijährigen Verhandlungen übertrug uns die peruanische Forstbehörde das ganze Gebiet als Naturschutzkonzession, um es in ihrem Namen zu schützen. </p>\n<p><strong>Nachhaltige Entwicklungskonzepte für bessere Lebensqualität </strong> <br /> Chance e.V. begleitet und bestärkt die umliegenden Kleinbauerndörfer in ihren Anstrengungen für eine bessere Lebensqualität. Sie sind auf die Ressourcen aus unserem Wald angewiesen, der sie z.B. reichlich mit Wasser versorgt. Gemeinsam mit ihnen entwickeln wir nachhaltige Entwicklungskonzepte, vermitteln ihnen wichtige Fähigkeiten und begleiten ihre Kinder im Rahmen des Chance-Patenprogramms. So bekommen sie die Chance, ihre Lebenssituation eigenständig zu verbessern und der Armut zu entkommen. In enger Partnerschaft kooperieren wir außerdem mit den Gemeinden, Kirchen und Schulen der Gegend, um das Umweltbewusstsein der Menschen zu stärken, die so Akteure für den Schutz ihres Lebensraumes werden. </p>\n<p><strong>Schutz und Forschung </strong> <br /> Kontrollposten und ein Team lokaler Waldhüter sorgen rund um die Uhr dafür, dass der Wald sicher und geschützt ist. Ein kleines Camp mitten im Chance-Regenwald dient Universitäten und Wissenschaftlern, die mit uns zusammenarbeiten, als Ausgangspunkt ihrer Arbeit. </p>\n<p><strong>Der Regenwald von Chance e.V. ist eine Chance für Mensch und Schöpfung </strong> <br /> Der Chance-Regenwald ist letztes Rückzugsgebiet vieler vom Aussterben bedrohter Arten wie z.B. Felsenhähne, Orchideen, Kolibris, Jaguare, Zwerghirsche und Tapire. Er ist ein gigantischer Wasserspeicher für die umliegenden Landkreise, was im Zuge des Klimawandels immer wichtiger wird. Er sichert das Überleben der angrenzenden Kleinbauerndörfer, stärkt die Rechte der Landbevölkerung und bekämpft so aktiv Ungerechtigkeit und Vetternwirtschaft. Der Regenwald von Chance e.V. ist eine Chance für Mensch und Schöpfung. </p>\n<p>Wahrscheinlich ist der Chance-Regenwald außerdem das größte von einer christlichen Organisation betriebene Naturschutzgebiet Südamerikas und darüber hinaus.</p>','<p>180 Quadratkilometer Leben und Hoffnung mitten in einem Meer aus Zerstörung. Das ist der Regenwald von Chance e.V.</p>',NULL,NULL),(152,152,1,'Der Chance-Regenwald in Zahlen:','2018-08-01 14:14:03','2018-08-03 10:44:09','2d69ac52-3d09-424d-a396-54af8375df5a',NULL,NULL,NULL,NULL),(153,153,1,'1/11','2018-08-01 14:15:23','2018-08-03 10:44:09','6adae997-e45c-4787-8777-f880eed82cba','<p>Fläche: <strong>18.000 Hektar</strong> (Das ist mehr als die Hälfte des Bundeslandes Bremen und viel mehr als die meisten deutschen Nationalparks.)</p>',NULL,NULL,NULL),(154,154,1,'2/11','2018-08-01 14:16:03','2018-08-03 10:44:09','851d25a1-bbde-4091-a4d2-532ab7235936','<p>Höhe: Der Chance-Regenwald liegt auf einer Höhe von <strong>1500 bis 3000 Meter</strong> über dem Meeresspiegel. Zum Vergleich: Die Zugspitze ist als höchster Berg Deutschlands „nur“ 2962 Meter hoch.</p>\n\n\n\n',NULL,NULL,NULL),(155,155,1,'3/11','2018-08-01 14:16:23','2018-08-03 10:44:09','599ca7c3-d4b0-4403-a605-d8cb03fdd44f','<p>Gründung: <strong>2017</strong></p>',NULL,NULL,NULL),(156,156,1,'4/11','2018-08-01 14:16:45','2018-08-03 10:44:10','6ccb37c1-ec7a-4d92-b66c-58672351fda3','<p>Lorem ipsum dolor sit amet :)</p>',NULL,NULL,NULL),(157,157,1,'5/11','2018-08-01 21:57:35','2018-08-03 10:44:10','135e3898-1d92-487d-b082-ff50b5a4f3b8','<p>Fülltext</p>',NULL,NULL,NULL),(158,158,1,'6/11','2018-08-01 21:57:45','2018-08-03 10:44:10','f0e46c1e-3a78-4080-9021-3d8417edde56','<p>Fülltext</p>',NULL,NULL,NULL),(159,159,1,'7/11','2018-08-01 21:57:53','2018-08-03 10:44:10','ab84a83f-41d8-4a8e-a3ce-88cfa9420169','<p>Fülltext</p>',NULL,NULL,NULL),(160,160,1,'Konzept vom gelingenden Leben','2018-08-01 21:59:18','2018-08-03 10:44:10','4f2c5131-99ac-49a1-8a38-b38b13bf6d1d',NULL,'<p>Chance e.V. verbindet die Bekämpfung von Armut und Ungleichheit mit der Bewahrung der Schöpfung, denn beides gehört zu unserem Konzept vom gelingenden Leben.</p>',NULL,NULL),(161,161,1,'Armutsbekämpfung','2018-08-01 22:08:00','2018-08-03 10:44:10','59d9887d-b52e-4cee-b1d1-a27b8b2e9900','<p><strong>Wachsende Armut durch Verletzung der Rechte und Strukturen indigener Gemeinschaften</strong> <br /> Einseitige Großprojekte, blinder Fortschrittsglaube und selbst gut gemeinte Hilfsaktionen verbessern das Schicksal der Armen häufig kaum. Im Namen des so genannten „Fortschritts“ werden die Rechte und die sozialen Strukturen indigener Gemeinschaften und anderer Bevölkerungsgruppen häufig sogar so schwer verletzt, dass sie ihre Selbstbestimmung verlieren und ihre natürlichen Lebensgrundlagen zerstört werden. Wachsende Armut ist die Folge.</p>\n<p><strong>Selbstbestimmte Verbesserung der eigenen Lebensqualität</strong> <br /> Wirksame Armutsbekämpfung beginnt deshalb mit den Menschen selbst. Sie müssen ihren eigenen ganzheitlichen und nachhaltigen Entwicklungsprozess eigenständig, verantwortungsbewusst und auf positiven Werten basierend partizipativ gestalten. Das Ziel ist die selbstbestimmte Verbesserung der eigenen Lebensqualität durch sinnvolle Hilfe zur Selbsthilfe, die Förderung effektiver Selbstverwaltung, persönliches „Empowering“ und den schonenden Umgang mit den natürlichen Ressourcen. Chance e.V. fördert die Verbesserung vorhandener Erwerbsquellen, die Erschließung alternativer Wirtschaftszweige wie z.B. Tourismus oder Orchideenzucht sowie die Erleichterung des Marktzugangs durch strategische Partnerschaften.</p>','<p>Armut bedeutet nicht bloß wirtschaftlichen Mangel, sie ist vielmehr ein komplexes Phänomen ökonomischer, sozialer, kultureller, ökologischer, politischer und psychologischer Faktoren. Das bedeutet, dass Armutsbekämpfung ganzheitlich sein muss, um wirkliche Veränderung zu bewirken.</p>',NULL,NULL),(162,164,1,'17.000 Kinder ','2018-08-02 09:52:04','2018-08-03 10:44:10','7b529d08-6fdd-4617-95be-4f9778b38bbe',NULL,'<p>unter fünf Jahren sterben an den Folgen extremer Armut. Jeden Tag!</p>',NULL,NULL),(163,165,1,'Jedes 2. Kind muss in  Armut leben. ','2018-08-02 09:52:19','2018-08-03 10:44:10','87cf0bb1-d5b2-4066-b97c-2a597e3aa1d4',NULL,'<p>Insgesamt über 1 Milliarde Kinder weltweit.</p>\n',NULL,NULL),(164,166,1,'795 Mio. Menschen','2018-08-02 09:53:04','2018-08-03 10:44:10','453be2a6-d759-43ff-9907-4287aead51c2',NULL,'<p>leiden weltweit an Hunger. Das bedeutet, dass weltweit einer von neun Menschen täglich hungrig ins Bett geht.</p>\n\n',NULL,NULL),(165,167,1,'Fülltext','2018-08-02 09:53:13','2018-08-03 10:44:10','0636b007-fb64-49ca-9375-602e398f6b79',NULL,'<p>sdfsdfsd</p>',NULL,NULL),(166,168,1,'Bildung','2018-08-02 09:57:27','2018-08-03 10:44:11','11be4d40-f40f-402f-bb12-a5d13e51adf1','<p>Es klärt über Rechte auf, vermittelt praktische berufliche Fähigkeiten, fördert positive Werte und stärkt sowohl den Einzelnen als auch die Gemeinschaft. Je nach Bildungsangebot richten wir uns an Kinder, Jugendliche, Frauen, traditionelle Anführer, Entscheidungsträger, Gemeindeleiter oder ganze Dorfgemeinschaften. So lernen die Menschen, ihre gemeinsamen Interessen zu vertreten, auf ihr kulturelles Erbe stolz zu sein, die Armut zu bekämpfen und die Schöpfung zu bewahren.</p>','<p>Vielfältige interdisziplinäre und ganzheitliche Bildungsangebote sind ein wichtiger Bestandteil der Arbeit von Chance e.V. Aus dem Lebensumfeld der Menschen heraus ermöglichen wir kontextrelevantes Lernen.</p>',NULL,NULL),(167,169,1,'Weniger als  1% der jährl. Waffenausgaben ','2018-08-02 10:00:22','2018-08-03 10:44:11','6d8e4ae8-6a43-4936-aa97-8f693e347f9f',NULL,'<p>weltweit (ca. 1,74 Billionen US-Dollar) würden reichen, um jedem Kind weltweit eine Schulbildung zu gewähren.</p>',NULL,NULL),(168,170,1,'162 Mio. Kindern','2018-08-02 10:00:37','2018-08-03 10:44:11','722c9534-b004-4949-8e5e-ee94f622846c',NULL,'<p>wird auch heute noch das Recht auf schulische Ausbildung verwehrt.</p>',NULL,NULL),(169,171,1,'5 Mrd. Arbeitstage & 440  Mio. Schultage','2018-08-02 10:00:57','2018-08-03 10:44:11','b55e4bca-c6c5-41a1-9302-9acd86fb9e5e',NULL,'<p>gehen aufgrund von Krankheiten verloren, die mit mangelhafter Wasserversorgung in Zusammenhang stehen.</p>',NULL,NULL),(170,172,1,'Fülltext','2018-08-02 10:01:04','2018-08-03 10:44:11','076217ce-419c-4b9d-969f-b998d1f87f72',NULL,'<p>sdfsdfsdf</p>',NULL,NULL),(171,173,1,'Christliches Engagement','2018-08-02 10:06:19','2018-08-03 10:44:11','140d2b13-200e-4427-abc8-dec3d9f8c772','<p>Durch konkrete und für die Menschen relevante Projekte wollen wir der Liebe Gottes ganz praktisch Ausdruck verleihen. Dabei respektieren wir die Menschen und Gemeinschaften, mit denen wir arbeiten, in ihrer Vielfalt und Einmaligkeit. Wir begegnen ihnen auf Augenhöhe, mit Achtung und einer am Vorbild Christi orientierten, wertschätzenden, annehmenden und authentischen Nächstenliebe ohne Eigeninteresse.</p>','<p>Chance e.V. ist eine auf christlichen Werten basierende Organisation. In unserem Netzwerk verstehen wir Mission als gemeinnützige, partnerschaftliche Zusammenarbeit gleichwürdiger Partner aus unterschiedlichen Kulturen, die bereit sind, voneinander zu lernen und ihren Glauben miteinander zu teilen, ohne dem anderen etwas aufzuzwingen.</p>',NULL,NULL),(172,174,1,'Weniger als  25% des Verdienstes der Reichsten reicht','2018-08-03 08:47:29','2018-08-03 10:44:11','79477c35-7b79-44ff-ac58-c7d1e4fb7439',NULL,'<p>um die extreme globale Armut zu beenden – ca. 60 Millionen Dollar.</p>\n',NULL,NULL),(173,175,1,'1% besitzt mehr als die  restlichen 99% ','2018-08-03 08:49:14','2018-08-03 10:44:11','64bebc1e-64d1-42bd-a2ac-10b3aa5535ea',NULL,'<p>Die 42 Reichsten Erdenbürger kontrollieren mehr Geld und Ressourcen als die Hälfte der Menschheit (ca. 4 Mrd. Menschen) zusammengenommen.</p>\n\n\n',NULL,NULL),(174,176,1,'1,25 $ pro Tag','2018-08-03 08:49:39','2018-08-03 10:44:11','ef0c5e48-c2c8-4650-8830-4fcbcd633dc0',NULL,'<p>1,02 Milliarden Menschen leben immer noch in extremer Armut.</p>\n',NULL,NULL),(175,177,1,'fülltext','2018-08-03 08:49:49','2018-08-03 10:44:11','3e092f58-aef4-4030-894e-4a780f4b9b69',NULL,'<p>füllanleser</p>',NULL,NULL),(176,178,1,'Soziales','2018-08-03 09:05:43','2018-08-03 10:44:11','31832371-ace6-40ec-892a-371e9f198f59','<p>Wir stärken die Identität und Selbstachtung der Menschen durch vielfältige Seminare, Bildungsangebote, kompetente Sozialarbeit und Beratung. Sie beginnen, sich selbst und andere in neuem Licht zu sehen, entdecken ihr Potential und richten ihr Leben neu aus. Durch die Förderung des sozialen Zusammenhalts und der gegenseitigen Solidarität stärken wir die Selbstbestimmung der Menschen und ermutigen sie, Ausgrenzung und Benachteiligung zu überwinden, damit neue Perspektiven entstehen können.</p>','<p>Menschen begleiten, zurüsten und befähigen – so verstehen wir den sozialen Charakter der Arbeit von Chance e.V., denn in den Armen und Not Leidenden begegnen wir Christus, der uns zu authentischer Nächstenliebe und Empathie beruft. Sie sind für uns nicht Klienten oder Kunden, sondern zu allererst Geschwister und eigenständige Partner.</p>',NULL,NULL),(177,179,1,'Essen im Wert von 235€  pro Person','2018-08-03 09:06:54','2018-08-03 10:44:11','33f1f9ca-ef9a-4dbd-b42f-133174e31f04',NULL,'<p>wird in Deutschland jedes Jahr weggeworfen – gemessen an der deutschen Bevölkerung etwa 20 Milliarden €.</p>\n\n\n',NULL,NULL),(178,180,1,'10mal mehr Land und  Ressourcen','2018-08-03 09:07:53','2018-08-03 10:44:12','85327629-9cc6-49a9-9d11-9f19357606d2',NULL,'<p>benötigt eine Landfläche, welche Viehfutter produziert, als Ackerland, auf dem z.B. Hirse, Erbsen, Linsen oder Gerste angebaut würden.</p>\n\n\n',NULL,NULL),(179,181,1,'1,3 Mrd. Tonnen  Lebensmittel ','2018-08-03 09:08:11','2018-08-03 10:44:12','1f2d29c3-31b2-4d22-aa8f-0f7ce7356cd4',NULL,'<p>gehen jedes Jahr in den Abfall. Ein Drittel der hergestellten Nahrung geht verloren, während 795 Mio. Menschen an Hunger leiden.</p>\n\n\n',NULL,NULL),(180,182,1,'FÜlltext','2018-08-03 09:08:24','2018-08-03 10:44:12','9423dbbe-f92d-4c3e-8852-049a96798d44',NULL,'<p>Füllanleser</p>',NULL,NULL),(181,183,1,'Umwelt- und Naturschutz','2018-08-03 09:11:46','2018-08-03 10:44:12','4244b2c9-ef7b-47cf-b3ba-f732c4d4136d','<p>Sie beruht und entwickelt sich auf Grundlage naturwissenschaftlicher Prinzipien. Der Mensch ist nicht Herrscher über die Natur, sondern Bewahrer und integraler Bestandteil der Schöpfung. Seinen Lebensraum Erde teilt der Mensch sich mit seinen Mitgeschöpfen, denen er mit Achtung begegnen soll. Gott ist der Schöpfung in Liebe zugewandt. Deshalb betritt er in Christus, den das Neue Testament als Erlöser und Versöhner der ganzen Schöpfung darstellt, selbst die Welt. Die Schönheit und Vielfalt der natürlichen Schöpfung verweist auf Gott, der sie bewahrt und erhält. Umwelt- und Naturschutz sind also nicht bloß aus eigennützigen Motiven notwendig, sie stellen einen wichtigen Teil unserer christlichen Ethik, unserer Berufung und unseres Gottesdienstes dar. </p>\n<p>Chance e.V. ermutigt Menschen, die Natur zu schätzen. Wir befähigen sie, die Schöpfung verantwortungsbewusst zu behandeln, nachhaltig zu nutzen und für künftige Generationen zu bewahren. Ohne Umweltschutz sind nachhaltige Entwicklung und Armutsbekämpfung unmöglich, denn der Schutz der Natur fördert die Lebensqualität der Menschen. Er ist für das Überleben der Armen unerlässlich, geht Hand in Hand mit christlichen Werten und fördert letzten Endes eine geistliche Lebensanschauung. In einer Welt, wo jedes sechste Menschenleben durch Umweltprobleme verkürzt wird und Umweltzerstörung weltweit, vor allem aber unter den Ärmsten, Todesursache Nummer 1 ist, ist die Förderung ökologischer Gerechtigkeit wichtiger Bestandteil von ganzheitlicher Entwicklungszusammenarbeit und christlichem Einsatz für die Armen.</p>\n<p>Chance e.V. fördert Umweltbildung. Durch die Stärkung ökologischer Land-, Forst- und Viehwirtschaft befähigen wir die Menschen, Armut zu bekämpfen und Ressourcen nachhaltig zu nutzen. Aufforstung, der Schutz von Wäldern, Savannen und Gewässern sowie die Einrichtung von Naturschutzgebieten bewahrt die natürliche Lebensgrundlage der Menschen.</p>','<p>In unserem Netzwerk verstehen wir die Natur als Schöpfung und Eigentum Gottes. Als solche besitzt sie ein eigenes Recht auf Leben und ihr Wert geht über den Nutzen, den sie für den Menschen hat, hinaus.</p>',NULL,NULL),(182,184,1,'7 Mio. Menschen','2018-08-03 09:12:23','2018-08-03 10:44:12','f8ebb201-f265-4766-84d0-501569fdd033',NULL,'<p>sterben aufgrund von Luftverschmutzung aus dem Verbrauch von Brennstoffen pro Jahr.</p>\n\n',NULL,NULL),(183,185,1,'Jede 3. Tierart gilt als  gefährdet ','2018-08-03 09:12:39','2018-08-03 10:44:12','f398ebd8-06a0-413a-b4bb-4bb6e6de668f',NULL,'<p>in 2011. Das sind 10% mehr als in 2009.</p>',NULL,NULL),(184,186,1,'35 Fußballfelder pro  Minute','2018-08-03 09:13:05','2018-08-03 10:44:12','40681687-64f5-4ebd-95b6-02904fdcf36f',NULL,'<p>Fläche wertvoller Wälder verschwinden weltweit. Das sind 13 Millionen Hektar pro Jahr.</p>\n\n',NULL,NULL),(185,187,1,'FÜlltext','2018-08-03 09:13:13','2018-08-03 10:44:12','531a1cf4-26f2-48a5-8580-e04d0db3805d',NULL,'<p>Füllanleser</p>',NULL,NULL),(194,196,1,'Erfahren Sie mehr über die  Menschen hinter den Projekten','2018-08-03 09:54:27','2018-08-03 10:44:12','95d4d314-4ec1-4570-8f6c-3682bb86ba99',NULL,'<p>Unsere Projekte geben Chancen und verändern das Leben von Menschen. Persönlich und unmittelbar. Diesen Menschen geben wir eine Stimme. Lernen Sie einige von ihnen kennen und erfahren Sie mehr darüber, wie unsere Projekte ihre Lebensqualität tiefgreifend verbessern.</p>',NULL,NULL),(195,197,1,'Médalid','2018-08-03 09:55:30','2018-08-03 10:50:37','829fb30c-63e4-40a0-b0d5-1a3ff7667969','<p>„Durch Chance e.V. entdeckte ich meinen Wert als Frau und als Indianerin. Ich hörte auf, mich für meine Wurzeln zu schämen und erlernte Fähigkeiten, die mir jetzt helfen auf eigenen Beinen zu stehen. Meinen Töchtern kann ich ein besseres Zuhause bieten und im Dorf mehr Verantwortung übernehmen. Ich wünsche mir, dass Chance e.V. noch vielen anderen so helfen kann wie mir.“</p>\n<p>Weiterlesen</p>','<p>Allein erziehende Mutter und Kunsthandwerkerin aus Peru</p>',NULL,NULL),(196,198,1,'Carlos Abel','2018-08-03 09:56:24','2018-08-03 10:44:13','b2fa94d9-3278-47ee-9c95-5d25cfbdf61d','<p>„Ich hätte niemals auch nur davon geträumt, einmal eine feste Arbeitsstelle und ein geregeltes Auskommen zu haben oder anderen Menschen durch meine Fähigkeiten hilfreich sein zu können. Zwei Dinge haben mein Leben grundlegend verändert: Die Erkenntnis, dass Gott michliebt und die Begegnung mit Chance e.V., die mir half mein Potential zu entdecken.“</p>\n\n\n\n\n\n\n\n\n<p>Weiterlesen</p>','<p>Indianeranführer und Chance-Mitarbeiter</p>',NULL,NULL),(197,199,1,'Rebeca','2018-08-03 09:57:03','2018-08-03 10:44:13','dd27ee03-ab15-4faf-81a4-fd2a3e5e93d6','<p>„Schon immer habe ich dafür gebetet, dass es mir gelingen würde, meinen Kindern eine würdevolle Zukunft zu ermöglichen. Aber bei so viel Not und Armut ist es manchmal schwer, nicht den Mut zu verlieren. Die Zusammenarbeit mit Chance e.V. bedeutet für mich, dass meine Gebete erhört worden sind, denn jetzt haben alle Familien in meinem Dorf die Möglichkeit, ihre Lebensumstände zu verändern. Natürlich dauert das lange, aber ich sehe, wie unsere ganze Dorfgemeinschaft immer stärker wird.“</p>\n\n\n\n\n\n\n\n\n\n\n\n\n<p>Weiterlesen</p>','<p>Yánesha-Indianerin und engagierte Dorfälteste</p>\n',NULL,NULL),(198,200,1,'Roland und Roberto','2018-08-03 09:58:09','2018-08-03 10:44:13','1d687d9a-94de-433e-b874-93acbdd85771','<p>„Die Verantwortung für eine ganze Dorfgemeinschaft zu tragen ist wirklich nicht leicht. Oft fühlst du dich allein und bei so viel Ungerechtigkeit und Not, kommen dir manchmal sogar die Tränen. Doch in Chance e.V. haben wir einen starken Verbündeten. Andere Organisationen kommen und schenken uns Projekte, die wir gar nicht dauerhaft aufrechterhalten können. Dann ziehen sie weiter und lassen uns mit noch mehr Problemen zurück. Chance e.V. ist anders. Das Team nimmt sich die Zeit für tiefen Dialog und wahrhaftige Begegnung, manchmal auch für lange Diskussionen. Am Ende vermitteln sie uns aber die Fähigkeiten, unsere Angelegenheit in die eigene Hand nehmen zu können.“ </p>\n\n\n\n\n\n\n\n\n\n\n\n\n\n\n\n\n<p>Weiterlesen<br /></p>\n','<p>Dorfoberhäupter und Familienväter</p>',NULL,NULL),(199,201,1,'Emilia','2018-08-03 09:58:39','2018-08-03 10:44:13','14d64f5e-cc50-4150-8aee-b592c68c2d24','<p>„Der Todeskampf meines Mannes war lang und qualvoll. Er starb, weil wir zu arm waren, uns Medikamente leisten zu können. Wie sollte ich meine Kinder ganz allein ernähren und sie zur Schule schicken können? Durch die Hilfe des Patenkinderprogramms von Chance e.V. gelang es mir, die Hoffnung nicht ganz zu verlieren und mein Schicksal Schritt für Schritt in die eigene Hand zu nehmen.“ </p>\n\n\n\n\n\n\n\n\n\n<p>Weiterlesen</p>','<p>Witwe und Mutter mehrerer Patenkinder</p>',NULL,NULL),(200,202,1,'Pancho','2018-08-03 09:59:26','2018-08-03 10:44:13','5d8a25e1-a1cd-4e41-8bc1-56e6f1933a04','<p>„Meine Frau ließ mich und die Kinder schon vor Jahren im Stich. Dann wurde auch die Situation in unserem Dorf immer schlimmer. Unser Dorfchef war korrupt und hatte schon einen Teil des Dorflandes an ein Unternehmen verschachert. Wir mussten ihn absetzen. Als die Dorfbewohner mich baten, ihr Anführer zu werden, habe ich mir das nur zugetraut, weil ich darauf vertraute, dass Chance e.V. mich bei dieser schwierigen Aufgabe begleiten würde.“ </p>\n\n\n\n\n\n\n\n\n\n\n<p>Weiterlesen</p>','<p>Dorfchef, Gemeindeältester und allein erziehender Vater</p>\n',NULL,NULL),(201,203,1,'Don Jesús und Vilma','2018-08-03 10:00:01','2018-08-03 10:44:13','9c29016a-eee6-4609-9999-7059d8051857','<p>„Wir haben fünf wunderbare Kinder und leben in einem Armenviertel von Villa Rica. Vilma ist fast taub und leicht geistig behindert. Trotzdem haben wir ein harmonisches Familienleben, denn wir halten zusammen. Auch wenn wir kaum genug für unsere Grundbedürfnisse haben, sind wir dankbar. Dankbar vor allem, weil Chance e.V. uns hilft, unseren Kindern ein besseres Leben zu ermöglichen.“</p>\n\n\n\n\n\n\n\n\n\n<p>Weiterlesen</p>','<p>Tagelöhner, Slumbewohner und Eltern von fünf Patenkindern</p>\n',NULL,NULL),(202,204,1,'Gino','2018-08-03 10:00:37','2018-08-03 10:44:13','ea47ad74-3706-464c-bf5e-abe9a7268779','<p>„Ich habe erfahren, dass Gott mir auch dann noch hilft, wenn ich nicht mehr weiter weiß. Mit einem zinsfreien Kleinkredit half Chance e.V. mir, meinen eigenen Markstand aufzubauen und als Halbwaise über die Runden zu kommen. Dabei habe ich gelernt, Verantwortung zu übernehmen und ein echter kleiner Geschäftsmann zu werden.“</p>\n\n\n\n\n\n\n\n\n<p>Weiterlesen</p>','<p>der erste Projektteilnehmer, als Chance e.V. 2003 seine Arbeit begann</p>\n',NULL,NULL),(203,205,1,'Gladys','2018-08-03 10:01:10','2018-08-03 10:44:13','ed59f3da-3d2e-40eb-a3bf-5846d20de429','<p>„Mit 15 bekam ich mein erstes Kind, ohne verheiratet zu sein. Das war eine Schande und ich bin bis heute auf mich allein gestellt. Ohne Mann kann ich als Maasai-Frau kein eigenes Land besitzen, deshalb müssen meine Mutter, meine jüngeren Geschwister, meine Kinder und ich uns allein durchschlagen.“</p>\n\n\n\n\n\n\n\n<p>Weiterlesen <br /></p>\n','<p>landlose, alleinstehende Mutter und Maasai-Frau</p>\n',NULL,NULL),(204,206,1,'Lekishon','2018-08-03 10:01:49','2018-08-03 10:44:13','c4fc280b-344f-4de4-931e-3eaf4ba47947','<p>„Von Geburt an konnte ich nicht richtig laufen, weil meine Füße nach innen gedreht waren. Meine Eltern schämten sich manchmal für mich und ließen mich dann einfach zu Hause. Mit der Hilfe meiner deutschen Paten konnte ich dann doch zur Schule gehen. Dadurch verstanden auch meine Eltern, dass sie sich nicht für mich schämen mussten.“</p>\n\n\n\n\n\n\n\n\n<p>Weiterlesen</p>','<p>Tagelöhner, Slumbewohner und Eltern von fünf Chance-Patenjunge, der früher gehbehindert war</p>\n\n',NULL,NULL),(205,207,1,'Laly, Magaly und Ciro','2018-08-03 10:02:31','2018-08-03 10:44:13','e8559a41-76e8-479f-8b39-11f0274c5253','<p>„Als wir gerade Teenager waren, wurde unsere Mutter im Regenwald ermordet. Zeitgleich saß unser Vater wegen Drogendelikten im Gefängnis. In dem Slum, in dem wir aufgewachsen waren, hätten wir auf uns allein gestellt kaum überleben können. Die Schule hätten wir wahrscheinlich abgebrochen, Laly und Magaly wären vielleicht in der Prostitution gelandet und Ciro kriminell geworden. All das blieb uns dank Chance e.V. erspart.“</p>\n\n\n\n\n\n\n\n\n\n\n<p>Weiterlesen</p>','<p>die allerersten Patenkinder von Chance e.V.</p>\n',NULL,NULL),(206,208,1,'Médalid','2018-08-03 10:21:54','2018-08-03 10:44:13','8e4d28bc-3254-47b9-9528-d5280bb38b52','<p>„Durch Chance e.V. entdeckte ich meinen Wert als Frau und als Indianerin. Ich hörte auf, mich für meine Wurzeln zu schämen und erlernte Fähigkeiten, die mir jetzt helfen, auf eigenen Beinen zu stehen. Meinen Töchtern kann ich ein besseres Zuhause bieten und im Dorf mehr Verantwortung übernehmen. Ich wünsche mir, dass Chance e.V. noch vielen anderen so helfen kann wie mir.“</p>','<p>Allein erziehende Mutter und Kunsthandwerkerin aus Peru</p>',NULL,'<p>„Schon immer mochte ich das traditionelle Kunsthandwerk meines Volkes, doch fehlte es mir an Ausbildung und Werkzeugen, die ich mir einfach nicht leisten konnte. Ich fand also noch ein paar andere Dorfbewohner mit denselben Interessen und gemeinsam wandten wir uns an das Chance-Team, das begonnen hatte, die Anführer unseres Dorfes für effektivere Selbstverwaltung auszubilden. </p>\n<p>Manche Frauen in unserer Gruppe sprachen kaum Spanisch und waren vollkommen verschüchtert. Mit Chance e.V. lernten wir zunächst, wie wertvoll und geliebt wir sind. Als es uns dann mit der Anleitung des Chance-Teams gelang, unsere eigene kleine Kunsthandwerkerkooperative einzutragen wurden vor allem wir Frauen immer selbstsicherer. </p>\n<p>In den folgenden Monaten unterstützte Chance e.V. uns mit Fortbildungen und Exkursionen. Als unsere Produkte immer besser und unser Einsatz immer sicherer wurde, finanzierte Chance e.V. schließlich Werkzeuge, die wir als Gruppe gemeinsam nutzten. Durch die Vermittlung von Chance e.V. wurden wir bald auf Messen und Volksfeste eingeladen, sogar an der nationalen Kunsthandwerksmesse in Lima konnten wir teilnehmen. </p>\n<p>Heute kann ich meinen Schmuck sogar bis nach Deutschland verkaufen und meinen Kindern so eine bessere Lebensqualität bieten. 90 Prozent der von mir verwendeten Materialien finde ich in unseren Regenwäldern: Baumsamen, Pflanzenfasern, natürliche Farbstoffe und Bienenwachs. Meine Arbeit stärkt unsere kulturelle Identität als Yánesha-Indianer und hilft, unsere Wälder und unser Erbe zu bewahren. Das gebe ich auch an meine Töchter weiter. Mein Leben hat sich grundlegend verändert.“</p>\n<p>Auch wenn Médalid heute auf eigenen Beinen steht, kommt sie immer wieder im Chance-Projektzentrum vorbei. Dann berichtet sie von ihren Erfolgen und Herausforderungen und möchte manchmal kurz für unser Team beten. Einmal kam sie nach einer erfolgreichen Messe und überreichte unserer Partnerorganisation eine kleine Spende mit den Worten: <strong>„So wie ihr mir geholfen habt, die zu werden, die ich jetzt bin, sollt ihr auch anderen helfen können…“</strong></p>'),(207,209,1,'Geschichten, die begeistern ','2018-08-03 10:56:01','2018-08-03 11:01:27','0e090b32-b496-4bbc-a026-3b150fe45e0f',NULL,NULL,'Aktuelle Nachrichten aus unseren Projekten in Peru und Kenia. Jeden Tag geben wir zahllosen Menschen die Chance, ihr Leben  selbstbestimmt zu verbessern, ihre Rechte zu verteidigen, die Armut zu  bekämpfen und die Schöpfung zu bewahren. Erfahren Sie anhand vieler  unterschiedlicher Beispiele, wie wirksam unsere Arbeit ist und wie sehr der  Einsatz für nachhaltige Entwicklung begeistern kann.',NULL),(208,210,1,'Der Chance-Kinderwald','2018-08-03 11:02:05','2018-08-03 11:02:05','780c73bf-d118-446c-bdce-a6bc0961c285',NULL,'<p>In Peru schaffen wir den Wald der Kinder für die Möglichkeit, sich ganzheitlich und gesund zu entwickeln. </p>\n\n\n<p>Erfahren Sie mehr über den Kinderwald</p>',NULL,NULL),(209,211,1,'Schulungen für starke Dörfer','2018-08-03 11:02:23','2018-08-03 11:02:23','b5cccdde-4b06-4c2a-91b0-5e890f3d4dbe',NULL,'<p>Mit Seminaren für die Vertreter von Indianerdörfern machen wir Dorfbewohner und Dorfgemeinschaften stark. </p>\n\n\n<p>Lesen Sie die Erfahrungen der Teilnehmer</p>',NULL,NULL),(210,212,1,'Der Kampf gegen die Armut','2018-08-03 11:02:44','2018-08-03 11:02:44','1d23808e-af3f-4c26-8952-8c981d19382e',NULL,'<p>Viele kleine Schritte und langer Atem auf dem Weg zum Ziel. Chance e.V.. </p><p>Erfahren Sie mehr über unseren Kampf gegen die Armut</p>\n\n\n',NULL,NULL),(211,213,1,'Eine ganz besondere  Erfahrung','2018-08-03 11:03:20','2018-08-03 11:03:20','b82c8c3e-dc44-4030-a4b0-cdc67831722d',NULL,'<p>Kürzlich fand unsere erste Freizeit für notleidende Kinder aus Amazonien statt. </p>\n\n<p>Erfahren Sie mehr</p>',NULL,NULL),(212,214,1,'Starke Kinder, starke Dörfer','2018-08-03 11:03:43','2018-08-03 11:03:43','ab0d8774-ccb1-4858-b709-e1631e8c687e',NULL,'<p>Für Yordi und Robert haben wir unser Patenschaftsprogramm weiterentwickelt. </p>\n\n<p>Wie Kinderpatenschaften ganze Dörfer verändern</p>\n',NULL,NULL),(213,215,1,'Wunder in Yunculmas','2018-08-03 11:04:02','2018-08-03 11:04:02','60095665-ec63-48d8-a894-00b5ee2b9870',NULL,'<p>Nach Generationen der Ausbeutung und schwerer Schicksalsschläge kommt Bewegung in das Volk der Yanesha. </p>\n\n\n<p>Gemeinschaften können sich verändern</p>',NULL,NULL),(214,216,1,'Der Chance-Kinderwald','2018-08-03 11:04:17','2018-08-03 11:04:17','7c396dbc-e9db-4f7a-8777-ca4df8958147',NULL,'<p>In Peru schaffen wir den Wald der Kinder für die Möglichkeit, sich ganzheitlich und gesund zu entwickeln. </p>\n\n\n<p>Erfahren Sie mehr über den Kinderwald</p>',NULL,NULL),(215,217,1,'Schulungen für starke Dörfer','2018-08-03 11:04:38','2018-08-03 11:07:55','999ae729-49c6-49de-b5e9-9e63b9db0011',NULL,'<p>Mit Seminaren für die Vertreter von Indianerdörfern machen wir Dorfbewohner und Dorfgemeinschaften stark. </p>\n<p>Lesen Sie die Erfahrungen der Teilnehmer</p>',NULL,NULL),(216,218,1,'Der Kampf gegen die Armut','2018-08-03 11:04:52','2018-08-03 11:04:52','88b769ee-d109-4212-85f2-e21d6f182b91',NULL,'<p>Viele kleine Schritte und langer Atem auf dem Weg zum Ziel. Chance e.V.. </p>\n\n<p>Erfahren Sie mehr über unseren Kampf gegen die Armut</p>\n',NULL,NULL),(217,219,1,'Eine ganz besondere  Erfahrung','2018-08-03 11:05:08','2018-08-03 11:05:08','0914820c-9554-4076-8c2e-181e4cd47731',NULL,'<p>Kürzlich fand unsere erste Freizeit für notleidende Kinder aus Amazonien statt. </p>\n\n<p>Erfahren Sie mehr</p>',NULL,NULL),(218,220,1,'Starke Kinder, starke Dörfer','2018-08-03 11:05:22','2018-08-03 11:05:22','ae1a473c-e7f4-4517-8f49-71f77a5cb7ec',NULL,'<p>Für Yordi und Robert haben wir unser Patenschaftsprogramm weiterentwickelt. </p>\n\n<p>Wie Kinderpatenschaften ganze Dörfer verändern</p>\n',NULL,NULL),(219,221,1,'Wunder in Yunculmas','2018-08-03 11:05:41','2018-08-03 11:05:41','ede37a4e-cffe-470f-9c01-c84a00c6cba2',NULL,'<p>Nach Generationen der Ausbeutung und schwerer Schicksalsschläge kommt Bewegung in das Volk der Yanesha. </p>\n\n\n<p>Gemeinschaften können sich verändern</p>',NULL,NULL),(221,223,1,'Chance e.V. kommt zu Ihnen','2018-08-03 11:41:23','2018-08-03 11:49:34','ca11f8db-87bb-43da-8b50-74d78c106f72','<p>Werden Sie aktiv!</p>','<p>Egal ob Kirche, Schule oder Jugendgruppe.</p>\n<p>Laden Sie uns ein, um mehr über unsere Arbeit, die Menschen vor Ort und das Schicksal der Armen zu erfahren</p>','Mitmachen und die Welt verändern: Als Teil des internationalen Teams von  Chance e.V. können Sie Mensch und Schöpfung eine Chance geben – kreativ,  individuell und wirksam.',NULL),(222,224,1,'Freiwilligendienst','2018-08-03 11:41:38','2018-08-03 11:41:38','d187c1ca-c734-4b00-b911-56afec0b20fc',NULL,'<p>Werde Teil unseres Teams in Peru oder Kenia und setze dich ein für Mensch und Schöpfung. </p>\n\n\n<p>Mach mit!</p>',NULL,NULL),(223,225,1,'Projektbesuch','2018-08-03 11:41:52','2018-08-03 11:41:52','f50e0895-1cac-4bdb-96cb-79efd1299efd',NULL,'<p>Besuchen Sie unsere Partner vor Ort und erleben Sie Begegnung mit Kulturen, Menschen, Projekten und der Natur.</p>\n\n\n<p>Kommen Sie uns besuchen</p>',NULL,NULL),(224,226,1,'Für Sie daheim','2018-08-03 11:42:11','2018-08-03 11:42:11','4a85e56b-bab4-485b-95e3-8fac2065844a',NULL,'<p>Im Alltag und zu Hause können Sie viel tun, um Mensch und Schöpfung eine Chance zu geben.</p>\n\n\n<p>Erfahren Sie was Sie daheim tun können</p>',NULL,NULL),(225,227,1,'Presse und Downloads','2018-08-03 11:42:24','2018-08-03 11:42:24','2d853431-5f65-406f-9882-4947de3c3941',NULL,'<p>Lesen Sie Pressebeiträge und Veröffentlichungen über die Arbeit von Chance e.V.</p>\n\n\n<p>Zur Übersicht</p>',NULL,NULL),(226,228,1,'Literaturtipps','2018-08-03 11:42:43','2018-08-03 11:42:43','c35d114d-1e9e-4d2c-bb43-28fca30cd787',NULL,'<p>Interessante Literaturtipps zu den Themen Nachhaltigkeit, ganzheitliche Mission, Bewahrung der Schöpfung, Peru, Kenia usw.</p>\n\n\n<p>Zu den Literaturtipps</p>',NULL,NULL),(227,229,1,'Zitate','2018-08-03 11:43:04','2018-08-03 11:43:04','7fa8fa40-e4d3-4ce0-81d4-ad8d78d1973d',NULL,'<p>Unsere Programme befinden sich in einem dauerhaften Prozess. Lesen Sie Berichte von Personen aus den Projekten vor Ort.</p>\n\n\n<p>Erhalten Sie Projekteinblicke</p>',NULL,NULL),(228,232,1,'Freundesbrief abonnieren','2018-08-04 07:56:33','2018-08-04 07:56:33','7becd97a-22d9-4add-a807-eb93ebf5412d','<p>Sie möchten den Freundesbrief gerne als Brief erhalten?</p>\n<p>Melden Sie sich hier an und freuen Sie sich auf unsere Post.</p>','<p>Lassen Sie sich ungefähr einmal monatlich durch unseren konstenfreien Freundesbrief „Chance-Aktuell“ informieren.</p>\n\n',NULL,NULL),(229,233,1,'Als Multiplikator Chancen geben:','2018-08-04 08:12:26','2018-08-04 08:37:07','c2b78ce4-6b45-4eb7-9e46-52c54c980c3b',NULL,'<p>Erzählen Sie anderen von Chance e.V. </p>\n<hr /><p>Laden Sie uns zu einem Gottesdienst, einem Unterrichtsbesuch oder einer Infoveranstaltung in Ihre Kirche, Gemeinde oder Schule ein.</p>\n<hr /><p>Organisieren Sie eine Partnerschaft zwischen Chance e.V. und Ihrer Kirche, Gemeinde oder Schule.</p>\n<hr /><p>Bestellen Sie Infomaterial, Newsletter oder Rundmails.<br /></p>\n<hr /><p>Posten Sie uns in Ihren sozialen Netzwerken. <br /></p>\n<hr />',NULL,NULL),(230,234,1,'Werden Sie Teil von Chance e.V.','2018-08-04 08:13:54','2018-08-04 08:27:20','f0a07b1f-2aaf-4a1e-a699-24592ae418f0','<p>Haben Sie noch andere kreative Ideen, wie Sie helfen können? Dann fangen Sie einfach an und erzählen uns von Ihrem Engagement.Herzlich willkommen in unserem Team für nachhaltige Entwicklung und ganzheitliche Lebensqualität!</p>','<p>Es gibt viele Möglichkeiten, wie Sie die Arbeit von Chance e.V. mitgestalten können:</p>',NULL,NULL),(231,235,1,'Praktisch Chancen geben:','2018-08-04 08:16:45','2018-08-04 08:16:45','74380253-351e-4796-918f-7fe9f8bb742d',NULL,'<p>Arbeiten Sie vor Ort in Kenia oder Peru mit, als Praktikant, weltwärts-Freiwilliger oder Volontär.</p>\n<hr /><p>Besuchen Sie eine unserer Partnerorganisationen und lernen Sie unsere Projekte persönlich kennen.<br /></p>\n<hr /><p>Unterstützen Sie unsere Arbeit in Deutschland durch ehrenamtliche Mitarbeit. <br /></p>\n<hr /><p>Beten Sie für unsere Projekte, die Menschen vor Ort und unser Team.</p>\n<hr /><p>Gestalten Sie Ihr Leben so, dass Sie durch Ihr tagtägliches Verhalten Nachhaltigkeit, Gerechtigkeit und Umweltschutz fördern.</p> <hr />',NULL,NULL),(232,236,1,'Als Spender Chancen geben:','2018-08-04 08:18:36','2018-08-04 08:18:36','b58fcc60-13f3-498d-8513-e8ce75a8ddeb',NULL,'<p>Unterstützen Sie die Chance-Projekte einmalig oder dauerhaft regelmäßig mit Spenden.</p>\n<hr /><p>Nutzen Sie Feierlichkeiten oder andere Anlässe, um Spenden für Chance e.V. zu sammeln. </p>\n<hr /><p>Werden Sie Pate und wählen Sie zwischen einer allgemeinen Chance-Patenschaft, einer Länder-, Dorf-, Kinder- oder Waldpatenschaft.<br /></p>\n<hr /><p>Werden Sie kreativ und organisieren Sie Ihre eigene Fundraising- oder Öffentlichkeitsaktion für Chance e.V. – ganz so, wie Sie möchten. Wir stellen Ihnen gern Infomaterialien zur Verfügung.</p>\n<hr />',NULL,NULL);
/*!40000 ALTER TABLE `content` ENABLE KEYS */;
UNLOCK TABLES;

--
-- Table structure for table `craftidtokens`
--

DROP TABLE IF EXISTS `craftidtokens`;
/*!40101 SET @saved_cs_client     = @@character_set_client */;
/*!40101 SET character_set_client = utf8 */;
CREATE TABLE `craftidtokens` (
  `id` int(11) NOT NULL AUTO_INCREMENT,
  `userId` int(11) NOT NULL,
  `accessToken` text NOT NULL,
  `expiryDate` datetime DEFAULT NULL,
  `dateCreated` datetime NOT NULL,
  `dateUpdated` datetime NOT NULL,
  `uid` char(36) NOT NULL DEFAULT '0',
  PRIMARY KEY (`id`),
  KEY `craftidtokens_userId_fk` (`userId`),
  CONSTRAINT `craftidtokens_userId_fk` FOREIGN KEY (`userId`) REFERENCES `users` (`id`) ON DELETE CASCADE
) ENGINE=InnoDB DEFAULT CHARSET=utf8;
/*!40101 SET character_set_client = @saved_cs_client */;

--
-- Dumping data for table `craftidtokens`
--

LOCK TABLES `craftidtokens` WRITE;
/*!40000 ALTER TABLE `craftidtokens` DISABLE KEYS */;
/*!40000 ALTER TABLE `craftidtokens` ENABLE KEYS */;
UNLOCK TABLES;

--
-- Table structure for table `deprecationerrors`
--

DROP TABLE IF EXISTS `deprecationerrors`;
/*!40101 SET @saved_cs_client     = @@character_set_client */;
/*!40101 SET character_set_client = utf8 */;
CREATE TABLE `deprecationerrors` (
  `id` int(11) NOT NULL AUTO_INCREMENT,
  `key` varchar(255) NOT NULL,
  `fingerprint` varchar(255) NOT NULL,
  `lastOccurrence` datetime NOT NULL,
  `file` varchar(255) NOT NULL,
  `line` smallint(6) unsigned DEFAULT NULL,
  `message` varchar(255) DEFAULT NULL,
  `traces` text,
  `dateCreated` datetime NOT NULL,
  `dateUpdated` datetime NOT NULL,
  `uid` char(36) NOT NULL DEFAULT '0',
  PRIMARY KEY (`id`),
  UNIQUE KEY `deprecationerrors_key_fingerprint_unq_idx` (`key`,`fingerprint`)
) ENGINE=InnoDB AUTO_INCREMENT=223 DEFAULT CHARSET=utf8;
/*!40101 SET character_set_client = @saved_cs_client */;

--
-- Dumping data for table `deprecationerrors`
--

LOCK TABLES `deprecationerrors` WRITE;
/*!40000 ALTER TABLE `deprecationerrors` DISABLE KEYS */;
INSERT INTO `deprecationerrors` VALUES (210,'ElementQuery::getIterator()','/home/sites/site39/web/craft/templates/ueberUns/index.html:36','2018-08-03 11:58:35','/home/sites/site39/web/craft/templates/ueberUns/index.html',36,'Looping through element queries directly has been deprecated. Use the all() function to fetch the query results before looping over them.','[{\"objectClass\":\"craft\\\\services\\\\Deprecator\",\"file\":\"/home/sites/site39/web/craft/vendor/craftcms/cms/src/elements/db/ElementQuery.php\",\"line\":456,\"class\":\"craft\\\\services\\\\Deprecator\",\"method\":\"log\",\"args\":\"\\\"ElementQuery::getIterator()\\\", \\\"Looping through element queries directly has been deprecated. Us...\\\"\"},{\"objectClass\":\"craft\\\\elements\\\\db\\\\EntryQuery\",\"file\":\"/home/sites/site39/web/craft/storage/runtime/compiled_templates/f2/f25a277ba6cbc686d43c17ffef6e620bb329b13b0691059350082693ade161ae.php\",\"line\":80,\"class\":\"craft\\\\elements\\\\db\\\\ElementQuery\",\"method\":\"getIterator\",\"args\":null},{\"objectClass\":\"__TwigTemplate_97d749c287a3c592d4ce70e349e0f1f14bd2260571d31482f55ca4460f184f42\",\"file\":\"/home/sites/site39/web/craft/vendor/twig/twig/lib/Twig/Template.php\",\"line\":189,\"class\":\"__TwigTemplate_97d749c287a3c592d4ce70e349e0f1f14bd2260571d31482f55ca4460f184f42\",\"method\":\"block_block1\",\"args\":\"[\\\"view\\\" => craft\\\\web\\\\View, \\\"SORT_ASC\\\" => 4, \\\"SORT_DESC\\\" => 3, \\\"SORT_REGULAR\\\" => 0, ...], [\\\"headerbildPosition1\\\" => [__TwigTemplate_97d749c287a3c592d4ce70e349e0f1f14bd2260571d31482f55ca4460f184f42, \\\"block_headerbildPosition1\\\"], \\\"headerbildPosition2\\\" => [__TwigTemplate_f23f6d3dc615bfd02295ce1b0abcaa585c5e7fdfe28ee5a30c186697f638a38e, \\\"block_headerbildPosition2\\\"], \\\"block1\\\" => [__TwigTemplate_97d749c287a3c592d4ce70e349e0f1f14bd2260571d31482f55ca4460f184f42, \\\"block_block1\\\"]]\"},{\"objectClass\":\"__TwigTemplate_f23f6d3dc615bfd02295ce1b0abcaa585c5e7fdfe28ee5a30c186697f638a38e\",\"file\":\"/home/sites/site39/web/craft/storage/runtime/compiled_templates/d0/d0e9746f5769d100b0b2fba71d9d6b925d039806bd127d2ad81d87e92105cb80.php\",\"line\":102,\"class\":\"Twig_Template\",\"method\":\"displayBlock\",\"args\":\"\\\"block1\\\", [\\\"view\\\" => craft\\\\web\\\\View, \\\"SORT_ASC\\\" => 4, \\\"SORT_DESC\\\" => 3, \\\"SORT_REGULAR\\\" => 0, ...], [\\\"headerbildPosition1\\\" => [__TwigTemplate_97d749c287a3c592d4ce70e349e0f1f14bd2260571d31482f55ca4460f184f42, \\\"block_headerbildPosition1\\\"], \\\"headerbildPosition2\\\" => [__TwigTemplate_f23f6d3dc615bfd02295ce1b0abcaa585c5e7fdfe28ee5a30c186697f638a38e, \\\"block_headerbildPosition2\\\"], \\\"block1\\\" => [__TwigTemplate_97d749c287a3c592d4ce70e349e0f1f14bd2260571d31482f55ca4460f184f42, \\\"block_block1\\\"]]\"},{\"objectClass\":\"__TwigTemplate_f23f6d3dc615bfd02295ce1b0abcaa585c5e7fdfe28ee5a30c186697f638a38e\",\"file\":\"/home/sites/site39/web/craft/vendor/twig/twig/lib/Twig/Template.php\",\"line\":390,\"class\":\"__TwigTemplate_f23f6d3dc615bfd02295ce1b0abcaa585c5e7fdfe28ee5a30c186697f638a38e\",\"method\":\"doDisplay\",\"args\":\"[\\\"view\\\" => craft\\\\web\\\\View, \\\"SORT_ASC\\\" => 4, \\\"SORT_DESC\\\" => 3, \\\"SORT_REGULAR\\\" => 0, ...], [\\\"headerbildPosition1\\\" => [__TwigTemplate_97d749c287a3c592d4ce70e349e0f1f14bd2260571d31482f55ca4460f184f42, \\\"block_headerbildPosition1\\\"], \\\"headerbildPosition2\\\" => [__TwigTemplate_f23f6d3dc615bfd02295ce1b0abcaa585c5e7fdfe28ee5a30c186697f638a38e, \\\"block_headerbildPosition2\\\"], \\\"block1\\\" => [__TwigTemplate_97d749c287a3c592d4ce70e349e0f1f14bd2260571d31482f55ca4460f184f42, \\\"block_block1\\\"]]\"},{\"objectClass\":\"__TwigTemplate_f23f6d3dc615bfd02295ce1b0abcaa585c5e7fdfe28ee5a30c186697f638a38e\",\"file\":\"/home/sites/site39/web/craft/vendor/craftcms/cms/src/web/twig/Template.php\",\"line\":49,\"class\":\"Twig_Template\",\"method\":\"displayWithErrorHandling\",\"args\":\"[\\\"view\\\" => craft\\\\web\\\\View, \\\"SORT_ASC\\\" => 4, \\\"SORT_DESC\\\" => 3, \\\"SORT_REGULAR\\\" => 0, ...], [\\\"headerbildPosition1\\\" => [__TwigTemplate_97d749c287a3c592d4ce70e349e0f1f14bd2260571d31482f55ca4460f184f42, \\\"block_headerbildPosition1\\\"], \\\"headerbildPosition2\\\" => [__TwigTemplate_f23f6d3dc615bfd02295ce1b0abcaa585c5e7fdfe28ee5a30c186697f638a38e, \\\"block_headerbildPosition2\\\"], \\\"block1\\\" => [__TwigTemplate_97d749c287a3c592d4ce70e349e0f1f14bd2260571d31482f55ca4460f184f42, \\\"block_block1\\\"]]\"},{\"objectClass\":\"__TwigTemplate_f23f6d3dc615bfd02295ce1b0abcaa585c5e7fdfe28ee5a30c186697f638a38e\",\"file\":\"/home/sites/site39/web/craft/vendor/twig/twig/lib/Twig/Template.php\",\"line\":367,\"class\":\"craft\\\\web\\\\twig\\\\Template\",\"method\":\"displayWithErrorHandling\",\"args\":\"[\\\"view\\\" => craft\\\\web\\\\View, \\\"SORT_ASC\\\" => 4, \\\"SORT_DESC\\\" => 3, \\\"SORT_REGULAR\\\" => 0, ...], [\\\"headerbildPosition1\\\" => [__TwigTemplate_97d749c287a3c592d4ce70e349e0f1f14bd2260571d31482f55ca4460f184f42, \\\"block_headerbildPosition1\\\"], \\\"headerbildPosition2\\\" => [__TwigTemplate_f23f6d3dc615bfd02295ce1b0abcaa585c5e7fdfe28ee5a30c186697f638a38e, \\\"block_headerbildPosition2\\\"], \\\"block1\\\" => [__TwigTemplate_97d749c287a3c592d4ce70e349e0f1f14bd2260571d31482f55ca4460f184f42, \\\"block_block1\\\"]]\"},{\"objectClass\":\"__TwigTemplate_f23f6d3dc615bfd02295ce1b0abcaa585c5e7fdfe28ee5a30c186697f638a38e\",\"file\":\"/home/sites/site39/web/craft/vendor/craftcms/cms/src/web/twig/Template.php\",\"line\":31,\"class\":\"Twig_Template\",\"method\":\"display\",\"args\":\"[\\\"view\\\" => craft\\\\web\\\\View, \\\"SORT_ASC\\\" => 4, \\\"SORT_DESC\\\" => 3, \\\"SORT_REGULAR\\\" => 0, ...], [\\\"headerbildPosition1\\\" => [__TwigTemplate_97d749c287a3c592d4ce70e349e0f1f14bd2260571d31482f55ca4460f184f42, \\\"block_headerbildPosition1\\\"], \\\"block1\\\" => [__TwigTemplate_97d749c287a3c592d4ce70e349e0f1f14bd2260571d31482f55ca4460f184f42, \\\"block_block1\\\"]]\"},{\"objectClass\":\"__TwigTemplate_f23f6d3dc615bfd02295ce1b0abcaa585c5e7fdfe28ee5a30c186697f638a38e\",\"file\":\"/home/sites/site39/web/craft/storage/runtime/compiled_templates/f2/f25a277ba6cbc686d43c17ffef6e620bb329b13b0691059350082693ade161ae.php\",\"line\":29,\"class\":\"craft\\\\web\\\\twig\\\\Template\",\"method\":\"display\",\"args\":\"[\\\"view\\\" => craft\\\\web\\\\View, \\\"SORT_ASC\\\" => 4, \\\"SORT_DESC\\\" => 3, \\\"SORT_REGULAR\\\" => 0, ...], [\\\"headerbildPosition1\\\" => [__TwigTemplate_97d749c287a3c592d4ce70e349e0f1f14bd2260571d31482f55ca4460f184f42, \\\"block_headerbildPosition1\\\"], \\\"block1\\\" => [__TwigTemplate_97d749c287a3c592d4ce70e349e0f1f14bd2260571d31482f55ca4460f184f42, \\\"block_block1\\\"]]\"},{\"objectClass\":\"__TwigTemplate_97d749c287a3c592d4ce70e349e0f1f14bd2260571d31482f55ca4460f184f42\",\"file\":\"/home/sites/site39/web/craft/vendor/twig/twig/lib/Twig/Template.php\",\"line\":390,\"class\":\"__TwigTemplate_97d749c287a3c592d4ce70e349e0f1f14bd2260571d31482f55ca4460f184f42\",\"method\":\"doDisplay\",\"args\":\"[\\\"view\\\" => craft\\\\web\\\\View, \\\"SORT_ASC\\\" => 4, \\\"SORT_DESC\\\" => 3, \\\"SORT_REGULAR\\\" => 0, ...], [\\\"headerbildPosition1\\\" => [__TwigTemplate_97d749c287a3c592d4ce70e349e0f1f14bd2260571d31482f55ca4460f184f42, \\\"block_headerbildPosition1\\\"], \\\"block1\\\" => [__TwigTemplate_97d749c287a3c592d4ce70e349e0f1f14bd2260571d31482f55ca4460f184f42, \\\"block_block1\\\"]]\"},{\"objectClass\":\"__TwigTemplate_97d749c287a3c592d4ce70e349e0f1f14bd2260571d31482f55ca4460f184f42\",\"file\":\"/home/sites/site39/web/craft/vendor/craftcms/cms/src/web/twig/Template.php\",\"line\":49,\"class\":\"Twig_Template\",\"method\":\"displayWithErrorHandling\",\"args\":\"[\\\"view\\\" => craft\\\\web\\\\View, \\\"SORT_ASC\\\" => 4, \\\"SORT_DESC\\\" => 3, \\\"SORT_REGULAR\\\" => 0, ...], [\\\"headerbildPosition1\\\" => [__TwigTemplate_97d749c287a3c592d4ce70e349e0f1f14bd2260571d31482f55ca4460f184f42, \\\"block_headerbildPosition1\\\"], \\\"block1\\\" => [__TwigTemplate_97d749c287a3c592d4ce70e349e0f1f14bd2260571d31482f55ca4460f184f42, \\\"block_block1\\\"]]\"},{\"objectClass\":\"__TwigTemplate_97d749c287a3c592d4ce70e349e0f1f14bd2260571d31482f55ca4460f184f42\",\"file\":\"/home/sites/site39/web/craft/vendor/twig/twig/lib/Twig/Template.php\",\"line\":367,\"class\":\"craft\\\\web\\\\twig\\\\Template\",\"method\":\"displayWithErrorHandling\",\"args\":\"[\\\"view\\\" => craft\\\\web\\\\View, \\\"SORT_ASC\\\" => 4, \\\"SORT_DESC\\\" => 3, \\\"SORT_REGULAR\\\" => 0, ...], [\\\"headerbildPosition1\\\" => [__TwigTemplate_97d749c287a3c592d4ce70e349e0f1f14bd2260571d31482f55ca4460f184f42, \\\"block_headerbildPosition1\\\"], \\\"block1\\\" => [__TwigTemplate_97d749c287a3c592d4ce70e349e0f1f14bd2260571d31482f55ca4460f184f42, \\\"block_block1\\\"]]\"},{\"objectClass\":\"__TwigTemplate_97d749c287a3c592d4ce70e349e0f1f14bd2260571d31482f55ca4460f184f42\",\"file\":\"/home/sites/site39/web/craft/vendor/craftcms/cms/src/web/twig/Template.php\",\"line\":31,\"class\":\"Twig_Template\",\"method\":\"display\",\"args\":\"[], []\"},{\"objectClass\":\"__TwigTemplate_97d749c287a3c592d4ce70e349e0f1f14bd2260571d31482f55ca4460f184f42\",\"file\":\"/home/sites/site39/web/craft/vendor/twig/twig/lib/Twig/Template.php\",\"line\":375,\"class\":\"craft\\\\web\\\\twig\\\\Template\",\"method\":\"display\",\"args\":\"[]\"},{\"objectClass\":\"__TwigTemplate_97d749c287a3c592d4ce70e349e0f1f14bd2260571d31482f55ca4460f184f42\",\"file\":\"/home/sites/site39/web/craft/vendor/twig/twig/lib/Twig/Environment.php\",\"line\":289,\"class\":\"Twig_Template\",\"method\":\"render\",\"args\":\"[]\"},{\"objectClass\":\"craft\\\\web\\\\twig\\\\Environment\",\"file\":\"/home/sites/site39/web/craft/vendor/craftcms/cms/src/web/View.php\",\"line\":330,\"class\":\"Twig_Environment\",\"method\":\"render\",\"args\":\"\\\"ueberUns\\\", []\"},{\"objectClass\":\"craft\\\\web\\\\View\",\"file\":\"/home/sites/site39/web/craft/vendor/craftcms/cms/src/web/View.php\",\"line\":377,\"class\":\"craft\\\\web\\\\View\",\"method\":\"renderTemplate\",\"args\":\"\\\"ueberUns\\\", []\"},{\"objectClass\":\"craft\\\\web\\\\View\",\"file\":\"/home/sites/site39/web/craft/vendor/craftcms/cms/src/web/Controller.php\",\"line\":155,\"class\":\"craft\\\\web\\\\View\",\"method\":\"renderPageTemplate\",\"args\":\"\\\"ueberUns\\\", []\"},{\"objectClass\":\"craft\\\\controllers\\\\TemplatesController\",\"file\":\"/home/sites/site39/web/craft/vendor/craftcms/cms/src/controllers/TemplatesController.php\",\"line\":78,\"class\":\"craft\\\\web\\\\Controller\",\"method\":\"renderTemplate\",\"args\":\"\\\"ueberUns\\\", []\"},{\"objectClass\":\"craft\\\\controllers\\\\TemplatesController\",\"file\":null,\"line\":null,\"class\":\"craft\\\\controllers\\\\TemplatesController\",\"method\":\"actionRender\",\"args\":\"\\\"ueberUns\\\", []\"},{\"objectClass\":null,\"file\":\"/home/sites/site39/web/craft/vendor/yiisoft/yii2/base/InlineAction.php\",\"line\":57,\"class\":null,\"method\":\"call_user_func_array\",\"args\":\"[craft\\\\controllers\\\\TemplatesController, \\\"actionRender\\\"], [\\\"ueberUns\\\", []]\"},{\"objectClass\":\"yii\\\\base\\\\InlineAction\",\"file\":\"/home/sites/site39/web/craft/vendor/yiisoft/yii2/base/Controller.php\",\"line\":157,\"class\":\"yii\\\\base\\\\InlineAction\",\"method\":\"runWithParams\",\"args\":\"[\\\"template\\\" => \\\"ueberUns\\\", \\\"p\\\" => \\\"ueberUns\\\"]\"},{\"objectClass\":\"craft\\\\controllers\\\\TemplatesController\",\"file\":\"/home/sites/site39/web/craft/vendor/craftcms/cms/src/web/Controller.php\",\"line\":103,\"class\":\"yii\\\\base\\\\Controller\",\"method\":\"runAction\",\"args\":\"\\\"render\\\", [\\\"template\\\" => \\\"ueberUns\\\", \\\"p\\\" => \\\"ueberUns\\\"]\"},{\"objectClass\":\"craft\\\\controllers\\\\TemplatesController\",\"file\":\"/home/sites/site39/web/craft/vendor/yiisoft/yii2/base/Module.php\",\"line\":528,\"class\":\"craft\\\\web\\\\Controller\",\"method\":\"runAction\",\"args\":\"\\\"render\\\", [\\\"template\\\" => \\\"ueberUns\\\", \\\"p\\\" => \\\"ueberUns\\\"]\"},{\"objectClass\":\"craft\\\\web\\\\Application\",\"file\":\"/home/sites/site39/web/craft/vendor/craftcms/cms/src/web/Application.php\",\"line\":282,\"class\":\"yii\\\\base\\\\Module\",\"method\":\"runAction\",\"args\":\"\\\"templates/render\\\", [\\\"template\\\" => \\\"ueberUns\\\", \\\"p\\\" => \\\"ueberUns\\\"]\"},{\"objectClass\":\"craft\\\\web\\\\Application\",\"file\":\"/home/sites/site39/web/craft/vendor/yiisoft/yii2/web/Application.php\",\"line\":103,\"class\":\"craft\\\\web\\\\Application\",\"method\":\"runAction\",\"args\":\"\\\"templates/render\\\", [\\\"template\\\" => \\\"ueberUns\\\", \\\"p\\\" => \\\"ueberUns\\\"]\"},{\"objectClass\":\"craft\\\\web\\\\Application\",\"file\":\"/home/sites/site39/web/craft/vendor/craftcms/cms/src/web/Application.php\",\"line\":271,\"class\":\"yii\\\\web\\\\Application\",\"method\":\"handleRequest\",\"args\":\"craft\\\\web\\\\Request\"},{\"objectClass\":\"craft\\\\web\\\\Application\",\"file\":\"/home/sites/site39/web/craft/vendor/yiisoft/yii2/base/Application.php\",\"line\":386,\"class\":\"craft\\\\web\\\\Application\",\"method\":\"handleRequest\",\"args\":\"craft\\\\web\\\\Request\"},{\"objectClass\":\"craft\\\\web\\\\Application\",\"file\":\"/home/sites/site39/web/craft/web/index.php\",\"line\":21,\"class\":\"yii\\\\base\\\\Application\",\"method\":\"run\",\"args\":null}]','2018-08-03 11:58:35','2018-08-03 11:58:35','94dc31d6-7b27-4c90-9ead-2a4c3ba3f050'),(221,'ElementQuery::getIterator()','/home/sites/site39/web/craft/templates/fuerSie/index.html:41','2018-08-03 11:48:32','/home/sites/site39/web/craft/templates/fuerSie/index.html',41,'Looping through element queries directly has been deprecated. Use the all() function to fetch the query results before looping over them.','[{\"objectClass\":\"craft\\\\services\\\\Deprecator\",\"file\":\"/home/sites/site39/web/craft/vendor/craftcms/cms/src/elements/db/ElementQuery.php\",\"line\":456,\"class\":\"craft\\\\services\\\\Deprecator\",\"method\":\"log\",\"args\":\"\\\"ElementQuery::getIterator()\\\", \\\"Looping through element queries directly has been deprecated. Us...\\\"\"},{\"objectClass\":\"craft\\\\elements\\\\db\\\\EntryQuery\",\"file\":\"/home/sites/site39/web/craft/storage/runtime/compiled_templates/57/5742aa374268fdcf43af147898791c7e14b5644056f3884c2dafd309d19456bd.php\",\"line\":85,\"class\":\"craft\\\\elements\\\\db\\\\ElementQuery\",\"method\":\"getIterator\",\"args\":null},{\"objectClass\":\"__TwigTemplate_d0aab71e15e0c67e75fc132ddf4cb1414d3f660963f1c254440d3f878149820f\",\"file\":\"/home/sites/site39/web/craft/vendor/twig/twig/lib/Twig/Template.php\",\"line\":189,\"class\":\"__TwigTemplate_d0aab71e15e0c67e75fc132ddf4cb1414d3f660963f1c254440d3f878149820f\",\"method\":\"block_block1\",\"args\":\"[\\\"view\\\" => craft\\\\web\\\\View, \\\"SORT_ASC\\\" => 4, \\\"SORT_DESC\\\" => 3, \\\"SORT_REGULAR\\\" => 0, ...], [\\\"headerbildPosition1\\\" => [__TwigTemplate_d0aab71e15e0c67e75fc132ddf4cb1414d3f660963f1c254440d3f878149820f, \\\"block_headerbildPosition1\\\"], \\\"headerbildPosition2\\\" => [__TwigTemplate_f23f6d3dc615bfd02295ce1b0abcaa585c5e7fdfe28ee5a30c186697f638a38e, \\\"block_headerbildPosition2\\\"], \\\"block1\\\" => [__TwigTemplate_d0aab71e15e0c67e75fc132ddf4cb1414d3f660963f1c254440d3f878149820f, \\\"block_block1\\\"]]\"},{\"objectClass\":\"__TwigTemplate_f23f6d3dc615bfd02295ce1b0abcaa585c5e7fdfe28ee5a30c186697f638a38e\",\"file\":\"/home/sites/site39/web/craft/storage/runtime/compiled_templates/d0/d0e9746f5769d100b0b2fba71d9d6b925d039806bd127d2ad81d87e92105cb80.php\",\"line\":102,\"class\":\"Twig_Template\",\"method\":\"displayBlock\",\"args\":\"\\\"block1\\\", [\\\"view\\\" => craft\\\\web\\\\View, \\\"SORT_ASC\\\" => 4, \\\"SORT_DESC\\\" => 3, \\\"SORT_REGULAR\\\" => 0, ...], [\\\"headerbildPosition1\\\" => [__TwigTemplate_d0aab71e15e0c67e75fc132ddf4cb1414d3f660963f1c254440d3f878149820f, \\\"block_headerbildPosition1\\\"], \\\"headerbildPosition2\\\" => [__TwigTemplate_f23f6d3dc615bfd02295ce1b0abcaa585c5e7fdfe28ee5a30c186697f638a38e, \\\"block_headerbildPosition2\\\"], \\\"block1\\\" => [__TwigTemplate_d0aab71e15e0c67e75fc132ddf4cb1414d3f660963f1c254440d3f878149820f, \\\"block_block1\\\"]]\"},{\"objectClass\":\"__TwigTemplate_f23f6d3dc615bfd02295ce1b0abcaa585c5e7fdfe28ee5a30c186697f638a38e\",\"file\":\"/home/sites/site39/web/craft/vendor/twig/twig/lib/Twig/Template.php\",\"line\":390,\"class\":\"__TwigTemplate_f23f6d3dc615bfd02295ce1b0abcaa585c5e7fdfe28ee5a30c186697f638a38e\",\"method\":\"doDisplay\",\"args\":\"[\\\"view\\\" => craft\\\\web\\\\View, \\\"SORT_ASC\\\" => 4, \\\"SORT_DESC\\\" => 3, \\\"SORT_REGULAR\\\" => 0, ...], [\\\"headerbildPosition1\\\" => [__TwigTemplate_d0aab71e15e0c67e75fc132ddf4cb1414d3f660963f1c254440d3f878149820f, \\\"block_headerbildPosition1\\\"], \\\"headerbildPosition2\\\" => [__TwigTemplate_f23f6d3dc615bfd02295ce1b0abcaa585c5e7fdfe28ee5a30c186697f638a38e, \\\"block_headerbildPosition2\\\"], \\\"block1\\\" => [__TwigTemplate_d0aab71e15e0c67e75fc132ddf4cb1414d3f660963f1c254440d3f878149820f, \\\"block_block1\\\"]]\"},{\"objectClass\":\"__TwigTemplate_f23f6d3dc615bfd02295ce1b0abcaa585c5e7fdfe28ee5a30c186697f638a38e\",\"file\":\"/home/sites/site39/web/craft/vendor/craftcms/cms/src/web/twig/Template.php\",\"line\":49,\"class\":\"Twig_Template\",\"method\":\"displayWithErrorHandling\",\"args\":\"[\\\"view\\\" => craft\\\\web\\\\View, \\\"SORT_ASC\\\" => 4, \\\"SORT_DESC\\\" => 3, \\\"SORT_REGULAR\\\" => 0, ...], [\\\"headerbildPosition1\\\" => [__TwigTemplate_d0aab71e15e0c67e75fc132ddf4cb1414d3f660963f1c254440d3f878149820f, \\\"block_headerbildPosition1\\\"], \\\"headerbildPosition2\\\" => [__TwigTemplate_f23f6d3dc615bfd02295ce1b0abcaa585c5e7fdfe28ee5a30c186697f638a38e, \\\"block_headerbildPosition2\\\"], \\\"block1\\\" => [__TwigTemplate_d0aab71e15e0c67e75fc132ddf4cb1414d3f660963f1c254440d3f878149820f, \\\"block_block1\\\"]]\"},{\"objectClass\":\"__TwigTemplate_f23f6d3dc615bfd02295ce1b0abcaa585c5e7fdfe28ee5a30c186697f638a38e\",\"file\":\"/home/sites/site39/web/craft/vendor/twig/twig/lib/Twig/Template.php\",\"line\":367,\"class\":\"craft\\\\web\\\\twig\\\\Template\",\"method\":\"displayWithErrorHandling\",\"args\":\"[\\\"view\\\" => craft\\\\web\\\\View, \\\"SORT_ASC\\\" => 4, \\\"SORT_DESC\\\" => 3, \\\"SORT_REGULAR\\\" => 0, ...], [\\\"headerbildPosition1\\\" => [__TwigTemplate_d0aab71e15e0c67e75fc132ddf4cb1414d3f660963f1c254440d3f878149820f, \\\"block_headerbildPosition1\\\"], \\\"headerbildPosition2\\\" => [__TwigTemplate_f23f6d3dc615bfd02295ce1b0abcaa585c5e7fdfe28ee5a30c186697f638a38e, \\\"block_headerbildPosition2\\\"], \\\"block1\\\" => [__TwigTemplate_d0aab71e15e0c67e75fc132ddf4cb1414d3f660963f1c254440d3f878149820f, \\\"block_block1\\\"]]\"},{\"objectClass\":\"__TwigTemplate_f23f6d3dc615bfd02295ce1b0abcaa585c5e7fdfe28ee5a30c186697f638a38e\",\"file\":\"/home/sites/site39/web/craft/vendor/craftcms/cms/src/web/twig/Template.php\",\"line\":31,\"class\":\"Twig_Template\",\"method\":\"display\",\"args\":\"[\\\"view\\\" => craft\\\\web\\\\View, \\\"SORT_ASC\\\" => 4, \\\"SORT_DESC\\\" => 3, \\\"SORT_REGULAR\\\" => 0, ...], [\\\"headerbildPosition1\\\" => [__TwigTemplate_d0aab71e15e0c67e75fc132ddf4cb1414d3f660963f1c254440d3f878149820f, \\\"block_headerbildPosition1\\\"], \\\"block1\\\" => [__TwigTemplate_d0aab71e15e0c67e75fc132ddf4cb1414d3f660963f1c254440d3f878149820f, \\\"block_block1\\\"]]\"},{\"objectClass\":\"__TwigTemplate_f23f6d3dc615bfd02295ce1b0abcaa585c5e7fdfe28ee5a30c186697f638a38e\",\"file\":\"/home/sites/site39/web/craft/storage/runtime/compiled_templates/57/5742aa374268fdcf43af147898791c7e14b5644056f3884c2dafd309d19456bd.php\",\"line\":29,\"class\":\"craft\\\\web\\\\twig\\\\Template\",\"method\":\"display\",\"args\":\"[\\\"view\\\" => craft\\\\web\\\\View, \\\"SORT_ASC\\\" => 4, \\\"SORT_DESC\\\" => 3, \\\"SORT_REGULAR\\\" => 0, ...], [\\\"headerbildPosition1\\\" => [__TwigTemplate_d0aab71e15e0c67e75fc132ddf4cb1414d3f660963f1c254440d3f878149820f, \\\"block_headerbildPosition1\\\"], \\\"block1\\\" => [__TwigTemplate_d0aab71e15e0c67e75fc132ddf4cb1414d3f660963f1c254440d3f878149820f, \\\"block_block1\\\"]]\"},{\"objectClass\":\"__TwigTemplate_d0aab71e15e0c67e75fc132ddf4cb1414d3f660963f1c254440d3f878149820f\",\"file\":\"/home/sites/site39/web/craft/vendor/twig/twig/lib/Twig/Template.php\",\"line\":390,\"class\":\"__TwigTemplate_d0aab71e15e0c67e75fc132ddf4cb1414d3f660963f1c254440d3f878149820f\",\"method\":\"doDisplay\",\"args\":\"[\\\"view\\\" => craft\\\\web\\\\View, \\\"SORT_ASC\\\" => 4, \\\"SORT_DESC\\\" => 3, \\\"SORT_REGULAR\\\" => 0, ...], [\\\"headerbildPosition1\\\" => [__TwigTemplate_d0aab71e15e0c67e75fc132ddf4cb1414d3f660963f1c254440d3f878149820f, \\\"block_headerbildPosition1\\\"], \\\"block1\\\" => [__TwigTemplate_d0aab71e15e0c67e75fc132ddf4cb1414d3f660963f1c254440d3f878149820f, \\\"block_block1\\\"]]\"},{\"objectClass\":\"__TwigTemplate_d0aab71e15e0c67e75fc132ddf4cb1414d3f660963f1c254440d3f878149820f\",\"file\":\"/home/sites/site39/web/craft/vendor/craftcms/cms/src/web/twig/Template.php\",\"line\":49,\"class\":\"Twig_Template\",\"method\":\"displayWithErrorHandling\",\"args\":\"[\\\"view\\\" => craft\\\\web\\\\View, \\\"SORT_ASC\\\" => 4, \\\"SORT_DESC\\\" => 3, \\\"SORT_REGULAR\\\" => 0, ...], [\\\"headerbildPosition1\\\" => [__TwigTemplate_d0aab71e15e0c67e75fc132ddf4cb1414d3f660963f1c254440d3f878149820f, \\\"block_headerbildPosition1\\\"], \\\"block1\\\" => [__TwigTemplate_d0aab71e15e0c67e75fc132ddf4cb1414d3f660963f1c254440d3f878149820f, \\\"block_block1\\\"]]\"},{\"objectClass\":\"__TwigTemplate_d0aab71e15e0c67e75fc132ddf4cb1414d3f660963f1c254440d3f878149820f\",\"file\":\"/home/sites/site39/web/craft/vendor/twig/twig/lib/Twig/Template.php\",\"line\":367,\"class\":\"craft\\\\web\\\\twig\\\\Template\",\"method\":\"displayWithErrorHandling\",\"args\":\"[\\\"view\\\" => craft\\\\web\\\\View, \\\"SORT_ASC\\\" => 4, \\\"SORT_DESC\\\" => 3, \\\"SORT_REGULAR\\\" => 0, ...], [\\\"headerbildPosition1\\\" => [__TwigTemplate_d0aab71e15e0c67e75fc132ddf4cb1414d3f660963f1c254440d3f878149820f, \\\"block_headerbildPosition1\\\"], \\\"block1\\\" => [__TwigTemplate_d0aab71e15e0c67e75fc132ddf4cb1414d3f660963f1c254440d3f878149820f, \\\"block_block1\\\"]]\"},{\"objectClass\":\"__TwigTemplate_d0aab71e15e0c67e75fc132ddf4cb1414d3f660963f1c254440d3f878149820f\",\"file\":\"/home/sites/site39/web/craft/vendor/craftcms/cms/src/web/twig/Template.php\",\"line\":31,\"class\":\"Twig_Template\",\"method\":\"display\",\"args\":\"[], []\"},{\"objectClass\":\"__TwigTemplate_d0aab71e15e0c67e75fc132ddf4cb1414d3f660963f1c254440d3f878149820f\",\"file\":\"/home/sites/site39/web/craft/vendor/twig/twig/lib/Twig/Template.php\",\"line\":375,\"class\":\"craft\\\\web\\\\twig\\\\Template\",\"method\":\"display\",\"args\":\"[]\"},{\"objectClass\":\"__TwigTemplate_d0aab71e15e0c67e75fc132ddf4cb1414d3f660963f1c254440d3f878149820f\",\"file\":\"/home/sites/site39/web/craft/vendor/twig/twig/lib/Twig/Environment.php\",\"line\":289,\"class\":\"Twig_Template\",\"method\":\"render\",\"args\":\"[]\"},{\"objectClass\":\"craft\\\\web\\\\twig\\\\Environment\",\"file\":\"/home/sites/site39/web/craft/vendor/craftcms/cms/src/web/View.php\",\"line\":330,\"class\":\"Twig_Environment\",\"method\":\"render\",\"args\":\"\\\"fuerSie\\\", []\"},{\"objectClass\":\"craft\\\\web\\\\View\",\"file\":\"/home/sites/site39/web/craft/vendor/craftcms/cms/src/web/View.php\",\"line\":377,\"class\":\"craft\\\\web\\\\View\",\"method\":\"renderTemplate\",\"args\":\"\\\"fuerSie\\\", []\"},{\"objectClass\":\"craft\\\\web\\\\View\",\"file\":\"/home/sites/site39/web/craft/vendor/craftcms/cms/src/web/Controller.php\",\"line\":155,\"class\":\"craft\\\\web\\\\View\",\"method\":\"renderPageTemplate\",\"args\":\"\\\"fuerSie\\\", []\"},{\"objectClass\":\"craft\\\\controllers\\\\TemplatesController\",\"file\":\"/home/sites/site39/web/craft/vendor/craftcms/cms/src/controllers/TemplatesController.php\",\"line\":78,\"class\":\"craft\\\\web\\\\Controller\",\"method\":\"renderTemplate\",\"args\":\"\\\"fuerSie\\\", []\"},{\"objectClass\":\"craft\\\\controllers\\\\TemplatesController\",\"file\":null,\"line\":null,\"class\":\"craft\\\\controllers\\\\TemplatesController\",\"method\":\"actionRender\",\"args\":\"\\\"fuerSie\\\", []\"},{\"objectClass\":null,\"file\":\"/home/sites/site39/web/craft/vendor/yiisoft/yii2/base/InlineAction.php\",\"line\":57,\"class\":null,\"method\":\"call_user_func_array\",\"args\":\"[craft\\\\controllers\\\\TemplatesController, \\\"actionRender\\\"], [\\\"fuerSie\\\", []]\"},{\"objectClass\":\"yii\\\\base\\\\InlineAction\",\"file\":\"/home/sites/site39/web/craft/vendor/yiisoft/yii2/base/Controller.php\",\"line\":157,\"class\":\"yii\\\\base\\\\InlineAction\",\"method\":\"runWithParams\",\"args\":\"[\\\"template\\\" => \\\"fuerSie\\\", \\\"p\\\" => \\\"fuerSie\\\"]\"},{\"objectClass\":\"craft\\\\controllers\\\\TemplatesController\",\"file\":\"/home/sites/site39/web/craft/vendor/craftcms/cms/src/web/Controller.php\",\"line\":103,\"class\":\"yii\\\\base\\\\Controller\",\"method\":\"runAction\",\"args\":\"\\\"render\\\", [\\\"template\\\" => \\\"fuerSie\\\", \\\"p\\\" => \\\"fuerSie\\\"]\"},{\"objectClass\":\"craft\\\\controllers\\\\TemplatesController\",\"file\":\"/home/sites/site39/web/craft/vendor/yiisoft/yii2/base/Module.php\",\"line\":528,\"class\":\"craft\\\\web\\\\Controller\",\"method\":\"runAction\",\"args\":\"\\\"render\\\", [\\\"template\\\" => \\\"fuerSie\\\", \\\"p\\\" => \\\"fuerSie\\\"]\"},{\"objectClass\":\"craft\\\\web\\\\Application\",\"file\":\"/home/sites/site39/web/craft/vendor/craftcms/cms/src/web/Application.php\",\"line\":282,\"class\":\"yii\\\\base\\\\Module\",\"method\":\"runAction\",\"args\":\"\\\"templates/render\\\", [\\\"template\\\" => \\\"fuerSie\\\", \\\"p\\\" => \\\"fuerSie\\\"]\"},{\"objectClass\":\"craft\\\\web\\\\Application\",\"file\":\"/home/sites/site39/web/craft/vendor/yiisoft/yii2/web/Application.php\",\"line\":103,\"class\":\"craft\\\\web\\\\Application\",\"method\":\"runAction\",\"args\":\"\\\"templates/render\\\", [\\\"template\\\" => \\\"fuerSie\\\", \\\"p\\\" => \\\"fuerSie\\\"]\"},{\"objectClass\":\"craft\\\\web\\\\Application\",\"file\":\"/home/sites/site39/web/craft/vendor/craftcms/cms/src/web/Application.php\",\"line\":271,\"class\":\"yii\\\\web\\\\Application\",\"method\":\"handleRequest\",\"args\":\"craft\\\\web\\\\Request\"},{\"objectClass\":\"craft\\\\web\\\\Application\",\"file\":\"/home/sites/site39/web/craft/vendor/yiisoft/yii2/base/Application.php\",\"line\":386,\"class\":\"craft\\\\web\\\\Application\",\"method\":\"handleRequest\",\"args\":\"craft\\\\web\\\\Request\"},{\"objectClass\":\"craft\\\\web\\\\Application\",\"file\":\"/home/sites/site39/web/craft/web/index.php\",\"line\":21,\"class\":\"yii\\\\base\\\\Application\",\"method\":\"run\",\"args\":null}]','2018-08-03 11:48:32','2018-08-03 11:48:32','3971fa75-9b52-4a81-a2d9-45747e0a51ee');
/*!40000 ALTER TABLE `deprecationerrors` ENABLE KEYS */;
UNLOCK TABLES;

--
-- Table structure for table `elementindexsettings`
--

DROP TABLE IF EXISTS `elementindexsettings`;
/*!40101 SET @saved_cs_client     = @@character_set_client */;
/*!40101 SET character_set_client = utf8 */;
CREATE TABLE `elementindexsettings` (
  `id` int(11) NOT NULL AUTO_INCREMENT,
  `type` varchar(255) NOT NULL,
  `settings` text,
  `dateCreated` datetime NOT NULL,
  `dateUpdated` datetime NOT NULL,
  `uid` char(36) NOT NULL DEFAULT '0',
  PRIMARY KEY (`id`),
  UNIQUE KEY `elementindexsettings_type_unq_idx` (`type`)
) ENGINE=InnoDB DEFAULT CHARSET=utf8;
/*!40101 SET character_set_client = @saved_cs_client */;

--
-- Dumping data for table `elementindexsettings`
--

LOCK TABLES `elementindexsettings` WRITE;
/*!40000 ALTER TABLE `elementindexsettings` DISABLE KEYS */;
/*!40000 ALTER TABLE `elementindexsettings` ENABLE KEYS */;
UNLOCK TABLES;

--
-- Table structure for table `elements`
--

DROP TABLE IF EXISTS `elements`;
/*!40101 SET @saved_cs_client     = @@character_set_client */;
/*!40101 SET character_set_client = utf8 */;
CREATE TABLE `elements` (
  `id` int(11) NOT NULL AUTO_INCREMENT,
  `fieldLayoutId` int(11) DEFAULT NULL,
  `type` varchar(255) NOT NULL,
  `enabled` tinyint(1) NOT NULL DEFAULT '1',
  `archived` tinyint(1) NOT NULL DEFAULT '0',
  `dateCreated` datetime NOT NULL,
  `dateUpdated` datetime NOT NULL,
  `uid` char(36) NOT NULL DEFAULT '0',
  PRIMARY KEY (`id`),
  KEY `elements_fieldLayoutId_idx` (`fieldLayoutId`),
  KEY `elements_type_idx` (`type`),
  KEY `elements_enabled_idx` (`enabled`),
  KEY `elements_archived_dateCreated_idx` (`archived`,`dateCreated`),
  CONSTRAINT `elements_fieldLayoutId_fk` FOREIGN KEY (`fieldLayoutId`) REFERENCES `fieldlayouts` (`id`) ON DELETE SET NULL
) ENGINE=InnoDB AUTO_INCREMENT=237 DEFAULT CHARSET=utf8;
/*!40101 SET character_set_client = @saved_cs_client */;

--
-- Dumping data for table `elements`
--

LOCK TABLES `elements` WRITE;
/*!40000 ALTER TABLE `elements` DISABLE KEYS */;
INSERT INTO `elements` VALUES (1,NULL,'craft\\elements\\User',1,0,'2018-07-23 14:53:48','2018-07-23 14:53:48','3ed99dd0-1c25-42fb-99ba-9e712b1f4183'),(22,3,'craft\\elements\\Asset',1,0,'2018-07-25 10:44:08','2018-07-25 10:44:08','32618ea5-d81f-43e2-a240-8473154ab48c'),(23,3,'craft\\elements\\Asset',1,0,'2018-07-25 10:44:10','2018-07-25 10:44:10','887a36a7-b970-4194-b5c7-f1d7e37c045c'),(24,3,'craft\\elements\\Asset',1,0,'2018-07-25 10:44:11','2018-07-25 10:44:11','98518a45-cff8-4558-91a9-1c9f579c6226'),(25,3,'craft\\elements\\Asset',1,0,'2018-07-25 10:44:12','2018-07-25 10:44:12','8de59caa-729f-476b-91c7-aa0d73dc87d0'),(26,3,'craft\\elements\\Asset',1,0,'2018-07-25 10:44:13','2018-07-25 10:44:13','727a706e-f2b0-418f-b71c-38e847b56194'),(27,3,'craft\\elements\\Asset',1,0,'2018-07-25 10:44:14','2018-07-25 10:44:14','c3cb430f-cc46-448f-93db-d6b252a3bd1c'),(28,3,'craft\\elements\\Asset',1,0,'2018-07-25 10:44:16','2018-07-25 10:44:16','eb10068f-e22b-4e42-945c-105e046dc123'),(29,3,'craft\\elements\\Asset',1,0,'2018-07-25 10:44:18','2018-07-25 10:44:18','ba057b38-e83b-4fa7-b9eb-81480ea8e10d'),(30,3,'craft\\elements\\Asset',1,0,'2018-07-25 10:44:19','2018-07-25 10:44:19','a5a98cea-1008-4079-a0ce-8b0428dea18d'),(31,3,'craft\\elements\\Asset',1,0,'2018-07-25 10:44:20','2018-07-25 10:44:20','f0c824c7-3e0e-4849-b419-49ecf5e3139b'),(32,3,'craft\\elements\\Asset',1,0,'2018-07-25 10:44:21','2018-07-25 10:44:21','a565678b-7384-437c-9339-6991175e576d'),(33,3,'craft\\elements\\Asset',1,0,'2018-07-25 10:44:22','2018-07-25 10:44:22','23166c2d-90ed-4fe2-bb21-b5295e059a38'),(34,3,'craft\\elements\\Asset',1,0,'2018-07-25 10:44:23','2018-07-25 10:44:23','037d0a6e-317b-4d8a-a526-9378087989a3'),(36,3,'craft\\elements\\Asset',1,0,'2018-07-25 10:51:23','2018-07-25 10:51:23','6b209362-bd6e-4f9a-8e46-60a3abe4c368'),(37,3,'craft\\elements\\Asset',1,0,'2018-07-25 11:04:38','2018-07-25 11:04:38','92f5de16-6230-499d-906f-4e17ae8433d3'),(38,9,'craft\\elements\\Entry',1,0,'2018-07-29 17:11:07','2018-07-30 09:49:39','67eefe8e-a62d-45ce-b8f6-e89b9f7c86bf'),(39,9,'craft\\elements\\Entry',1,0,'2018-07-29 17:37:53','2018-07-30 10:34:40','001bf0e5-d899-43e0-b9b4-3be9df887a31'),(40,9,'craft\\elements\\Entry',1,0,'2018-07-29 17:38:15','2018-07-30 10:37:06','814ce591-f0ab-40b0-8209-0ccb21e35a75'),(41,9,'craft\\elements\\Entry',1,0,'2018-07-29 17:39:48','2018-07-30 09:49:40','ad386219-a4da-46ed-970a-9fd9911f15cc'),(42,9,'craft\\elements\\Entry',1,0,'2018-07-29 17:41:28','2018-07-30 09:49:40','c298112e-7f09-4ec4-95fb-47a8354bcb5a'),(43,9,'craft\\elements\\Entry',1,0,'2018-07-29 18:21:51','2018-07-30 09:49:40','28b67637-60ca-49ee-8893-1f88e634ddd9'),(44,9,'craft\\elements\\Entry',1,0,'2018-07-29 18:22:57','2018-07-30 11:13:57','1188451d-85db-49aa-a735-f55ffe06f280'),(45,9,'craft\\elements\\Entry',1,0,'2018-07-29 18:23:40','2018-07-30 10:38:29','30466428-37e6-4c95-89fd-5625fdb422a5'),(46,9,'craft\\elements\\Entry',1,0,'2018-07-29 18:25:20','2018-07-30 10:40:51','dd08bbd0-bc52-4c17-9ba9-31963e20bd44'),(47,9,'craft\\elements\\Entry',1,0,'2018-07-29 18:26:32','2018-07-30 10:33:06','6cdd872f-7a8a-47ad-854f-0fc273ac5c6a'),(48,9,'craft\\elements\\Entry',1,0,'2018-07-30 07:55:50','2018-07-30 11:00:12','3da12c20-a2c6-4426-bd07-bc8ac1d3d28c'),(49,9,'craft\\elements\\Entry',1,0,'2018-07-30 11:13:49','2018-07-30 15:19:09','a9f95442-40ac-4963-9740-cceba61096b6'),(50,9,'craft\\elements\\Entry',1,0,'2018-07-30 11:17:46','2018-07-30 11:17:46','1a7f85a1-c17f-43a3-a061-529824df9485'),(51,9,'craft\\elements\\Entry',1,0,'2018-07-30 11:24:10','2018-07-30 11:52:04','be5bd1e7-bd14-431f-bec4-730c3b60ebda'),(52,9,'craft\\elements\\Entry',1,0,'2018-07-30 11:39:04','2018-07-30 11:54:13','ebc93294-29bc-4eb2-9dde-d803e0a61ee3'),(53,9,'craft\\elements\\Entry',1,0,'2018-07-30 11:39:55','2018-07-30 11:53:23','d08179d1-0446-4db4-932a-3e1acd5f8194'),(54,9,'craft\\elements\\Entry',1,0,'2018-07-30 11:40:42','2018-07-30 11:53:55','760b9149-b84c-4bb8-afa0-773e6bdfd896'),(55,9,'craft\\elements\\Entry',1,0,'2018-07-30 12:12:02','2018-07-30 12:12:20','f28731a6-1dad-4998-bb73-2d85741db80c'),(56,9,'craft\\elements\\Entry',1,0,'2018-07-30 12:14:48','2018-07-30 14:59:33','aff48b28-6eea-4332-acb2-c02694b3552b'),(57,9,'craft\\elements\\Entry',1,0,'2018-07-30 12:16:00','2018-07-30 12:16:00','1fe210aa-f491-4aee-8159-8707223acc89'),(58,9,'craft\\elements\\Entry',1,0,'2018-07-30 12:16:28','2018-07-30 12:16:28','ca20ee4a-05e1-4fa6-9a96-e6b04fd9e430'),(59,9,'craft\\elements\\Entry',1,0,'2018-07-30 12:17:02','2018-07-30 12:17:02','ff7e477c-ca3f-44f4-95fc-25fd765be4bf'),(60,9,'craft\\elements\\Entry',1,0,'2018-07-30 12:17:55','2018-07-30 12:17:55','7aa77376-a657-4b35-8303-e5c567c5daaa'),(61,9,'craft\\elements\\Entry',1,0,'2018-07-30 15:10:39','2018-07-30 15:10:59','736aef51-12f9-4463-9239-5fa53863f1fe'),(62,9,'craft\\elements\\Entry',1,0,'2018-07-30 15:13:55','2018-07-30 15:14:54','d26c5fbf-dd62-4e14-bd4e-4446cb48d5af'),(63,9,'craft\\elements\\Entry',1,0,'2018-07-30 15:16:49','2018-07-30 15:16:49','1ba5e320-6abf-4272-8b34-7e7fce64fc7f'),(64,9,'craft\\elements\\Entry',1,0,'2018-07-30 15:18:51','2018-07-30 15:18:51','71d872bb-e656-451c-a04d-43b21a7ae3e7'),(65,9,'craft\\elements\\Entry',1,0,'2018-07-30 15:21:59','2018-07-30 15:21:59','ac9fb60f-7bf4-401d-a015-d8dffee172e6'),(66,9,'craft\\elements\\Entry',1,0,'2018-07-30 15:23:04','2018-07-30 15:23:04','63d559d0-3ae2-4198-bf84-e94f037f4452'),(67,9,'craft\\elements\\Entry',1,0,'2018-07-30 15:24:21','2018-07-30 15:24:21','0071a999-4caa-415f-aad2-c1464430520d'),(68,9,'craft\\elements\\Entry',1,0,'2018-07-31 08:55:44','2018-07-31 08:55:44','f9aec5dd-3264-4d51-aceb-83b1b85e43df'),(69,9,'craft\\elements\\Entry',1,0,'2018-07-31 08:56:39','2018-07-31 08:56:39','bced20e0-8867-4be0-ad04-12633f789d15'),(70,9,'craft\\elements\\Entry',1,0,'2018-07-31 08:57:36','2018-07-31 08:57:36','73e20c6b-2c7d-4b41-aa07-46cdce3ff09d'),(71,9,'craft\\elements\\Entry',1,0,'2018-07-31 08:58:05','2018-07-31 08:58:05','ecccc463-31aa-41ab-8557-df2296104372'),(72,9,'craft\\elements\\Entry',1,0,'2018-07-31 08:59:01','2018-07-31 08:59:01','fea1adf9-c82d-4a3c-9a81-7bf88a4aa500'),(73,9,'craft\\elements\\Entry',1,0,'2018-07-31 08:59:39','2018-07-31 08:59:39','b2b5b6c3-f9c3-4040-9dde-ec8bdf05914a'),(74,9,'craft\\elements\\Entry',1,0,'2018-07-31 09:00:13','2018-07-31 09:00:13','8b4c51f4-b591-4573-ab8d-c2a58378bc10'),(75,9,'craft\\elements\\Entry',1,0,'2018-07-31 09:00:53','2018-07-31 09:00:53','8e4ddbc1-5a57-4197-a62e-290454593b36'),(76,9,'craft\\elements\\Entry',1,0,'2018-07-31 09:01:26','2018-07-31 09:01:26','6530d593-8d21-4e10-85af-d06e29c2eb12'),(77,9,'craft\\elements\\Entry',1,0,'2018-07-31 09:02:04','2018-07-31 09:02:04','63d9f672-12fe-480c-939c-8031757568f9'),(78,10,'craft\\elements\\Entry',1,0,'2018-07-31 09:38:03','2018-08-03 10:44:03','1ad1a2e0-e5f2-4b20-847d-920e39f5f3d7'),(79,10,'craft\\elements\\Entry',1,0,'2018-07-31 09:38:40','2018-08-03 10:44:03','0bbdc9e7-8286-453c-8120-06847902044a'),(80,10,'craft\\elements\\Entry',1,0,'2018-07-31 09:39:05','2018-08-03 10:44:03','bf5fc378-2814-416f-8af2-ee0bc3773f16'),(81,10,'craft\\elements\\Entry',1,0,'2018-07-31 09:39:27','2018-08-03 10:44:03','bc947ddc-4776-42d5-83f6-7ca6353431cf'),(82,10,'craft\\elements\\Entry',1,0,'2018-07-31 09:39:52','2018-08-03 10:55:33','d6f205cc-07d7-40cf-98ae-dc11019ccff8'),(83,10,'craft\\elements\\Entry',1,0,'2018-07-31 11:10:58','2018-08-03 10:44:03','94fab34d-09e3-47ef-a218-2eb113cf8c60'),(84,10,'craft\\elements\\Entry',1,0,'2018-07-31 11:11:42','2018-08-03 10:44:04','e7075bd0-47ea-4690-8d9e-a09c7c05692e'),(85,10,'craft\\elements\\Entry',1,0,'2018-07-31 11:16:00','2018-08-03 10:44:04','0c1a6824-343e-452d-a53e-03a38a1b3e44'),(86,10,'craft\\elements\\Entry',1,0,'2018-07-31 11:16:58','2018-08-03 10:44:04','5cd0740e-401e-4222-87a6-f37fab8dbb73'),(87,10,'craft\\elements\\Entry',1,0,'2018-07-31 11:17:41','2018-08-03 10:44:04','f9c702c6-a406-462a-8e71-e170f6853aa1'),(88,10,'craft\\elements\\Entry',1,0,'2018-07-31 11:18:49','2018-08-03 10:44:04','36e69c2d-6d56-41c5-b341-a33a60ac007b'),(89,10,'craft\\elements\\Entry',1,0,'2018-07-31 11:19:35','2018-08-03 10:44:04','0453ad91-fb29-43d9-92f4-53e37dbbfec1'),(90,10,'craft\\elements\\Entry',1,0,'2018-07-31 11:19:57','2018-08-03 10:44:04','ecf2be8a-e3b3-48b7-8eb3-276332c9fb58'),(91,10,'craft\\elements\\Entry',1,0,'2018-07-31 11:20:30','2018-08-03 10:44:04','c38bd837-1c73-4ab4-a644-c3857aa7e6c0'),(92,10,'craft\\elements\\Entry',1,0,'2018-07-31 11:36:25','2018-08-03 10:44:04','1e36c36c-bdf7-4b76-b54b-47bbcae748cb'),(93,10,'craft\\elements\\Entry',1,0,'2018-07-31 11:37:02','2018-08-03 10:44:04','c780ec9b-c9ae-4d6e-a0fb-26a802412df5'),(94,10,'craft\\elements\\Entry',1,0,'2018-07-31 11:37:32','2018-08-03 10:44:04','295da08a-bc36-4238-93c0-f74c4dd757ec'),(95,10,'craft\\elements\\Entry',1,0,'2018-07-31 11:44:04','2018-08-03 10:44:04','3c1471de-eb61-4384-895d-8d3e420eaabc'),(96,10,'craft\\elements\\Entry',1,0,'2018-07-31 11:46:24','2018-08-03 10:44:04','08f0f5a2-2aa4-4073-8280-c0b8d81fb8ff'),(97,10,'craft\\elements\\Entry',1,0,'2018-07-31 11:46:49','2018-08-03 10:44:04','483e00cb-52e7-4ea8-9fd1-92ec53e67f16'),(98,10,'craft\\elements\\Entry',1,0,'2018-07-31 11:47:36','2018-08-03 10:44:05','ff22a161-2a23-4d8f-a233-f476af98a63e'),(99,10,'craft\\elements\\Entry',1,0,'2018-07-31 11:47:55','2018-08-03 10:44:05','017d6144-069c-421f-bcf7-b51b1e6488ef'),(100,10,'craft\\elements\\Entry',1,0,'2018-07-31 11:48:29','2018-08-03 10:44:05','8cc0b2fb-05d8-4900-a525-4bb7f93fb353'),(101,10,'craft\\elements\\Entry',1,0,'2018-07-31 11:48:36','2018-08-03 10:44:05','ccdf9427-1298-4eec-8ca4-b9cad5c72222'),(102,10,'craft\\elements\\Entry',1,0,'2018-07-31 11:48:43','2018-08-03 10:44:05','2f43b794-0d00-465e-8805-730777c9f307'),(103,10,'craft\\elements\\Entry',1,0,'2018-07-31 11:49:08','2018-08-03 10:44:05','8bdd8a04-244f-4d0c-932d-b8a2792cc7d0'),(104,10,'craft\\elements\\Entry',1,0,'2018-07-31 11:50:32','2018-08-03 10:44:05','ab09c175-9086-4243-846a-9ad2ce698f0c'),(105,10,'craft\\elements\\Entry',1,0,'2018-07-31 11:52:28','2018-08-03 10:44:05','28b99798-d254-47b0-99fb-ec27677754bf'),(106,10,'craft\\elements\\Entry',1,0,'2018-08-01 09:27:10','2018-08-03 10:44:05','6f55bfd1-357c-49a4-8c61-1684821a7c5a'),(107,10,'craft\\elements\\Entry',1,0,'2018-08-01 09:27:47','2018-08-03 10:44:05','56f8869c-208d-46dd-ba1b-d598643a55b9'),(108,10,'craft\\elements\\Entry',1,0,'2018-08-01 09:29:17','2018-08-03 10:44:06','561592f0-37c7-417f-867a-3da96bd6469e'),(109,10,'craft\\elements\\Entry',1,0,'2018-08-01 09:30:02','2018-08-03 10:44:06','947b8d74-8112-4f10-920b-e0b4a26fa8bc'),(110,10,'craft\\elements\\Entry',1,0,'2018-08-01 09:32:39','2018-08-03 10:44:06','2b81eb0a-15e9-4a35-984f-71f9d1bf5a79'),(111,10,'craft\\elements\\Entry',1,0,'2018-08-01 10:48:23','2018-08-03 10:44:06','3bf6f59d-5ec1-4939-a3fa-6326326ab822'),(112,10,'craft\\elements\\Entry',1,0,'2018-08-01 10:48:48','2018-08-03 10:44:06','5d7f1b03-1dd3-48bb-b71a-368ef9164056'),(113,10,'craft\\elements\\Entry',1,0,'2018-08-01 10:49:14','2018-08-03 10:44:06','2cf6b5e8-5aa5-4224-8d88-1a0dede8f933'),(114,10,'craft\\elements\\Entry',1,0,'2018-08-01 10:49:21','2018-08-03 10:44:06','826306b6-6c3f-4a39-8e14-9c450a45a5ff'),(115,10,'craft\\elements\\Entry',1,0,'2018-08-01 10:49:31','2018-08-03 10:44:06','968dcf77-636b-4793-b51a-06c2fa9af9bc'),(116,10,'craft\\elements\\Entry',1,0,'2018-08-01 10:49:37','2018-08-03 10:44:06','de103d60-40ad-48c4-844e-2d68f3ee4579'),(117,10,'craft\\elements\\Entry',1,0,'2018-08-01 10:49:43','2018-08-03 10:44:06','4ea16e75-1b80-44a4-af7a-0a054808fe6d'),(118,10,'craft\\elements\\Entry',1,0,'2018-08-01 10:49:47','2018-08-03 10:44:06','ce7ec7e5-39a6-40be-8edc-d70f714889b5'),(119,10,'craft\\elements\\Entry',1,0,'2018-08-01 10:49:52','2018-08-03 10:44:06','23d8ef58-c47d-4d66-954d-8d09f29a7a22'),(120,10,'craft\\elements\\Entry',1,0,'2018-08-01 10:49:58','2018-08-03 10:44:06','52e8541b-a777-40b8-8739-0be82557dedd'),(121,10,'craft\\elements\\Entry',1,0,'2018-08-01 10:50:02','2018-08-03 10:44:07','956c97b4-c27d-429c-a489-897e2cadafb3'),(122,10,'craft\\elements\\Entry',1,0,'2018-08-01 10:50:11','2018-08-03 10:44:07','48635791-7806-491b-83a8-e43f5a4d9b0b'),(123,10,'craft\\elements\\Entry',1,0,'2018-08-01 10:50:20','2018-08-03 10:44:07','0511eee6-23ba-433c-9ccb-1f8dd1a8dfb4'),(124,10,'craft\\elements\\Entry',1,0,'2018-08-01 10:50:26','2018-08-03 10:44:07','1dbe2d6a-8616-4a4f-9464-97bd7c61c0cf'),(125,10,'craft\\elements\\Entry',1,0,'2018-08-01 10:50:31','2018-08-03 10:44:07','a55e318a-d906-4750-8b73-a63d29acaa7f'),(126,10,'craft\\elements\\Entry',1,0,'2018-08-01 10:50:38','2018-08-03 10:44:07','9933bc8f-a661-4708-95b5-832d4e0bc751'),(127,10,'craft\\elements\\Entry',1,0,'2018-08-01 11:04:34','2018-08-03 10:44:07','0914efe5-dec0-44e2-8b09-dcadeb599c3f'),(128,10,'craft\\elements\\Entry',1,0,'2018-08-01 11:07:08','2018-08-03 10:44:07','23a9d6a4-b5ee-44af-893b-ca3367502283'),(129,10,'craft\\elements\\Entry',1,0,'2018-08-01 11:08:41','2018-08-03 10:44:07','c6ba3e8e-92d1-4df6-8a70-78ec0b601913'),(130,10,'craft\\elements\\Entry',1,0,'2018-08-01 11:09:37','2018-08-03 10:44:07','68e56fc4-c44a-47a1-8aec-ea5d92b89ef0'),(131,10,'craft\\elements\\Entry',1,0,'2018-08-01 11:10:28','2018-08-03 10:44:07','ecafe76a-6d11-4ae4-b3c5-c7dc00d67b7d'),(132,10,'craft\\elements\\Entry',1,0,'2018-08-01 11:15:44','2018-08-03 10:44:08','51f1686f-2b9f-4c24-ae36-e5d2354d152c'),(133,10,'craft\\elements\\Entry',1,0,'2018-08-01 11:24:55','2018-08-03 10:44:08','45ecf91a-0dff-41e5-875c-7d2179828854'),(134,10,'craft\\elements\\Entry',1,0,'2018-08-01 11:25:45','2018-08-03 10:44:08','2ff20caa-6b90-4747-ac5b-d459aa85abbf'),(135,10,'craft\\elements\\Entry',1,0,'2018-08-01 12:57:26','2018-08-03 10:44:08','aa82fc7b-890f-4cb4-83b9-fc9a17da74be'),(136,10,'craft\\elements\\Entry',1,0,'2018-08-01 12:59:00','2018-08-03 10:44:08','e59ffc88-3fcd-446a-afc7-1a820cd0cdb9'),(137,10,'craft\\elements\\Entry',1,0,'2018-08-01 13:09:34','2018-08-03 10:44:08','ecbfe4bf-24db-4d88-824c-960f7e67d14c'),(138,10,'craft\\elements\\Entry',1,0,'2018-08-01 13:10:02','2018-08-03 10:44:08','feeea523-7c2a-491d-ac10-a62d18adb44a'),(139,10,'craft\\elements\\Entry',1,0,'2018-08-01 13:10:08','2018-08-03 10:44:08','702f9f21-8e3f-47fa-982f-64e6f7811b8e'),(140,10,'craft\\elements\\Entry',1,0,'2018-08-01 13:10:25','2018-08-03 10:44:08','db83449d-d3b8-4af2-b431-1df235a2da55'),(141,10,'craft\\elements\\Entry',1,0,'2018-08-01 13:10:34','2018-08-03 10:44:08','34ebd347-627a-41e4-9370-cd4af54b4ead'),(142,10,'craft\\elements\\Entry',1,0,'2018-08-01 13:10:39','2018-08-03 10:44:08','7bf3f702-df9d-4921-b36b-93bc243da91c'),(143,10,'craft\\elements\\Entry',1,0,'2018-08-01 13:10:44','2018-08-03 10:44:08','5d971f9a-ea7e-4786-82b2-7506dfb75e08'),(144,10,'craft\\elements\\Entry',1,0,'2018-08-01 13:10:49','2018-08-03 10:44:08','6a36e3e3-de59-4cae-b9b8-f2e23169871f'),(145,10,'craft\\elements\\Entry',1,0,'2018-08-01 13:10:57','2018-08-03 10:44:08','45d66359-a040-4e8b-84b1-098ec7aebfa9'),(146,10,'craft\\elements\\Entry',1,0,'2018-08-01 13:31:49','2018-08-03 10:44:09','661a122b-3e7e-403f-8426-be5f6d3a50b9'),(147,10,'craft\\elements\\Entry',1,0,'2018-08-01 13:33:11','2018-08-03 10:44:09','bc121192-eddb-492b-b933-694d9112ef7a'),(148,10,'craft\\elements\\Entry',1,0,'2018-08-01 13:33:55','2018-08-03 10:44:09','7e36a6ca-cbab-4409-b7a9-b2836ed64d85'),(149,10,'craft\\elements\\Entry',1,0,'2018-08-01 13:34:36','2018-08-03 10:44:09','48dc3d92-ef0d-480c-b4f0-879383a522fd'),(150,10,'craft\\elements\\Entry',1,0,'2018-08-01 13:49:22','2018-08-03 10:44:09','717c402f-3b9d-48bf-852e-f9186900772d'),(151,10,'craft\\elements\\Entry',1,0,'2018-08-01 13:59:08','2018-08-03 10:44:09','122d489c-b3bb-4eb1-9d7d-c888631867d8'),(152,10,'craft\\elements\\Entry',1,0,'2018-08-01 14:14:03','2018-08-03 10:44:09','504393d9-0faa-4ce9-9a72-d0dcdf63b1ec'),(153,10,'craft\\elements\\Entry',1,0,'2018-08-01 14:15:23','2018-08-03 10:44:09','bef34261-39e0-444d-9f35-f4401b618e35'),(154,10,'craft\\elements\\Entry',1,0,'2018-08-01 14:16:02','2018-08-03 10:44:09','01aae984-5fbf-4f01-811b-28c79264fb82'),(155,10,'craft\\elements\\Entry',1,0,'2018-08-01 14:16:23','2018-08-03 10:44:09','fe7710ab-84da-4d4c-b745-5efe2353ec4d'),(156,10,'craft\\elements\\Entry',1,0,'2018-08-01 14:16:44','2018-08-03 10:44:10','9b0e329b-8f02-4e92-a9e3-f35d26bf7c5a'),(157,10,'craft\\elements\\Entry',1,0,'2018-08-01 21:57:35','2018-08-03 10:44:10','7fd08f1c-76d4-4b4a-a985-604ade5fefcf'),(158,10,'craft\\elements\\Entry',1,0,'2018-08-01 21:57:45','2018-08-03 10:44:10','608c8850-6742-4c8d-90ae-d9e07510accd'),(159,10,'craft\\elements\\Entry',1,0,'2018-08-01 21:57:53','2018-08-03 10:44:10','76843d36-f0f9-45e3-b468-af3b1710e1cc'),(160,10,'craft\\elements\\Entry',1,0,'2018-08-01 21:59:18','2018-08-03 10:44:10','787026bc-ef30-46de-9778-505186e14fc8'),(161,10,'craft\\elements\\Entry',1,0,'2018-08-01 22:08:00','2018-08-03 10:44:10','dabb9ba3-2467-4f6b-8a5f-bf84d1eff5a8'),(164,10,'craft\\elements\\Entry',1,0,'2018-08-02 09:52:04','2018-08-03 10:44:10','b4c4b2f4-e432-4d58-9752-0845e62d4e93'),(165,10,'craft\\elements\\Entry',1,0,'2018-08-02 09:52:19','2018-08-03 10:44:10','ae5c6472-21ab-43a2-89fa-08c2323c7473'),(166,10,'craft\\elements\\Entry',1,0,'2018-08-02 09:53:04','2018-08-03 10:44:10','5052dfdf-04ee-4479-be10-e9aa5e77aeae'),(167,10,'craft\\elements\\Entry',1,0,'2018-08-02 09:53:13','2018-08-03 10:44:10','917335c1-4b43-4598-b360-9b66a932effd'),(168,10,'craft\\elements\\Entry',1,0,'2018-08-02 09:57:27','2018-08-03 10:44:10','74f4af71-bb0e-4fea-83ee-00986d17fa13'),(169,10,'craft\\elements\\Entry',1,0,'2018-08-02 10:00:22','2018-08-03 10:44:11','a42c0da5-9f65-4885-ad5f-198068f9bb1a'),(170,10,'craft\\elements\\Entry',1,0,'2018-08-02 10:00:37','2018-08-03 10:44:11','7d5c8dd9-023d-40dc-afb5-be756d8f3b2e'),(171,10,'craft\\elements\\Entry',1,0,'2018-08-02 10:00:57','2018-08-03 10:44:11','3081e1ae-d8fd-4945-92a5-f6b9b8074092'),(172,10,'craft\\elements\\Entry',1,0,'2018-08-02 10:01:04','2018-08-03 10:44:11','339bb999-4212-459b-a9c7-cb532d0b3cea'),(173,10,'craft\\elements\\Entry',1,0,'2018-08-02 10:06:19','2018-08-03 10:44:11','5b3637ee-4d6d-4064-a0ae-bdc62423a98c'),(174,10,'craft\\elements\\Entry',1,0,'2018-08-03 08:47:29','2018-08-03 10:44:11','3e2a30b1-f088-456f-99eb-8ccc171b17ab'),(175,10,'craft\\elements\\Entry',1,0,'2018-08-03 08:49:14','2018-08-03 10:44:11','225bd768-d8e0-4f21-b9b2-3a5dbd690bec'),(176,10,'craft\\elements\\Entry',1,0,'2018-08-03 08:49:39','2018-08-03 10:44:11','79728efe-6c4c-4353-b7d8-7949c3dbf971'),(177,10,'craft\\elements\\Entry',1,0,'2018-08-03 08:49:49','2018-08-03 10:44:11','bac00332-f8d3-4686-b330-82e4be60e658'),(178,10,'craft\\elements\\Entry',1,0,'2018-08-03 09:05:43','2018-08-03 10:44:11','38b7d3ae-1d98-46a8-94c0-bf4c46843943'),(179,10,'craft\\elements\\Entry',1,0,'2018-08-03 09:06:54','2018-08-03 10:44:11','a5b1985e-1db3-4cb9-8d9a-04fd595d0c3b'),(180,10,'craft\\elements\\Entry',1,0,'2018-08-03 09:07:53','2018-08-03 10:44:12','8d3be1db-8240-4a50-9456-b879d57a5ab3'),(181,10,'craft\\elements\\Entry',1,0,'2018-08-03 09:08:11','2018-08-03 10:44:12','b08a42ef-fbaf-4803-9349-7e0daeddcdc9'),(182,10,'craft\\elements\\Entry',1,0,'2018-08-03 09:08:24','2018-08-03 10:44:12','c328903f-b1a9-4f62-9fbd-08515fd8e3f7'),(183,10,'craft\\elements\\Entry',1,0,'2018-08-03 09:11:46','2018-08-03 10:44:12','f3ebe2e0-f305-43fb-9080-58cc4b9f4c73'),(184,10,'craft\\elements\\Entry',1,0,'2018-08-03 09:12:23','2018-08-03 10:44:12','2300ffa8-14bb-4773-bf6c-cc7f3b97faec'),(185,10,'craft\\elements\\Entry',1,0,'2018-08-03 09:12:39','2018-08-03 10:44:12','d4508cc7-153a-4f54-8e47-cd0d21b6cbaa'),(186,10,'craft\\elements\\Entry',1,0,'2018-08-03 09:13:05','2018-08-03 10:44:12','f2d4b4dc-0603-41c0-bece-b6dbf95d1e67'),(187,10,'craft\\elements\\Entry',1,0,'2018-08-03 09:13:13','2018-08-03 10:44:12','414934ca-8190-4b4b-a23f-483de8db3a6e'),(196,10,'craft\\elements\\Entry',1,0,'2018-08-03 09:54:27','2018-08-03 10:44:12','5f3fa052-e8d0-4ce7-b995-698c4b230828'),(197,10,'craft\\elements\\Entry',1,0,'2018-08-03 09:55:30','2018-08-03 10:50:37','1a734ef3-b404-4aab-b751-263b56090bde'),(198,10,'craft\\elements\\Entry',1,0,'2018-08-03 09:56:24','2018-08-03 10:44:12','f28d25e4-c772-4513-a90d-cd3b7cf51037'),(199,10,'craft\\elements\\Entry',1,0,'2018-08-03 09:57:03','2018-08-03 10:44:13','da329bd2-384b-46d8-a9d6-2504dc833e63'),(200,10,'craft\\elements\\Entry',1,0,'2018-08-03 09:58:09','2018-08-03 10:44:13','50be5bef-6a92-413d-a1c8-776af4e33a8f'),(201,10,'craft\\elements\\Entry',1,0,'2018-08-03 09:58:39','2018-08-03 10:44:13','2ba29fe1-fd36-45b3-9f82-f144d647e408'),(202,10,'craft\\elements\\Entry',1,0,'2018-08-03 09:59:26','2018-08-03 10:44:13','b0342eec-8042-4036-a283-e745c8a0b14b'),(203,10,'craft\\elements\\Entry',1,0,'2018-08-03 10:00:01','2018-08-03 10:44:13','847a8ba5-5047-4d47-9488-27054410393c'),(204,10,'craft\\elements\\Entry',1,0,'2018-08-03 10:00:37','2018-08-03 10:44:13','5367b372-3b3b-4609-adee-82dfa49dfa94'),(205,10,'craft\\elements\\Entry',1,0,'2018-08-03 10:01:10','2018-08-03 10:44:13','79840f49-dd68-4904-a89e-71ccd7fe0000'),(206,10,'craft\\elements\\Entry',1,0,'2018-08-03 10:01:49','2018-08-03 10:44:13','5131a9e1-132b-4bbb-a4d3-851e1c95ccb5'),(207,10,'craft\\elements\\Entry',1,0,'2018-08-03 10:02:31','2018-08-03 10:44:13','5e3d2ce7-b7a4-40fd-bffd-3b0a337c16c8'),(208,10,'craft\\elements\\Entry',1,0,'2018-08-03 10:21:54','2018-08-03 10:44:13','40f52461-cbbd-41da-937e-aed88bcb75d0'),(209,10,'craft\\elements\\Entry',1,0,'2018-08-03 10:56:01','2018-08-03 11:01:27','dc50dbfc-2270-4067-bc53-c22375c2aa91'),(210,10,'craft\\elements\\Entry',1,0,'2018-08-03 11:02:05','2018-08-03 11:02:05','80339c61-2d8f-4e91-addd-ae4f6221543d'),(211,10,'craft\\elements\\Entry',1,0,'2018-08-03 11:02:23','2018-08-03 11:02:23','00db24dc-e061-44ea-8a61-7f23a961c46f'),(212,10,'craft\\elements\\Entry',1,0,'2018-08-03 11:02:44','2018-08-03 11:02:44','7e3572e5-8a46-4454-8a80-6acb81c8015f'),(213,10,'craft\\elements\\Entry',1,0,'2018-08-03 11:03:20','2018-08-03 11:03:20','1ad1d312-3f1a-4465-b2a5-95f103ec3a53'),(214,10,'craft\\elements\\Entry',1,0,'2018-08-03 11:03:43','2018-08-03 11:03:43','f68e7758-03ff-45ac-90fb-9d4b848d8e44'),(215,10,'craft\\elements\\Entry',1,0,'2018-08-03 11:04:02','2018-08-03 11:04:02','f55b0066-4d65-469b-be69-0f4caecdf1d1'),(216,10,'craft\\elements\\Entry',1,0,'2018-08-03 11:04:17','2018-08-03 11:04:17','d97c332e-4256-4013-bf96-7a0891a53e3e'),(217,10,'craft\\elements\\Entry',1,0,'2018-08-03 11:04:38','2018-08-03 11:07:55','5ac43852-6963-47e5-8ed1-645c51f05d1f'),(218,10,'craft\\elements\\Entry',1,0,'2018-08-03 11:04:52','2018-08-03 11:04:52','9d786e9c-c50e-44f1-8d70-f67852733265'),(219,10,'craft\\elements\\Entry',1,0,'2018-08-03 11:05:08','2018-08-03 11:05:08','2daef3f7-dc7e-4b0e-9323-aff2376f041d'),(220,10,'craft\\elements\\Entry',1,0,'2018-08-03 11:05:22','2018-08-03 11:05:22','db4078ee-ede9-4ef2-b9a4-e52a2117167c'),(221,10,'craft\\elements\\Entry',1,0,'2018-08-03 11:05:41','2018-08-03 11:05:41','c5ed1489-26f5-48a3-89cb-7657c07ae311'),(223,12,'craft\\elements\\Entry',1,0,'2018-08-03 11:41:23','2018-08-03 11:49:34','6997c35d-6186-479e-b918-1a00acfed130'),(224,12,'craft\\elements\\Entry',1,0,'2018-08-03 11:41:38','2018-08-03 11:41:38','ba39d45d-bf62-4f01-abe0-daeefaf66fa2'),(225,12,'craft\\elements\\Entry',1,0,'2018-08-03 11:41:52','2018-08-03 11:41:52','675f1e08-5482-44db-83c2-212d90abb0af'),(226,12,'craft\\elements\\Entry',1,0,'2018-08-03 11:42:11','2018-08-03 11:42:11','78aba0b9-6066-48ff-ac6b-ceed4175b645'),(227,12,'craft\\elements\\Entry',1,0,'2018-08-03 11:42:24','2018-08-03 11:42:24','a3679a5d-71fe-44bf-be5d-99525613b5f8'),(228,12,'craft\\elements\\Entry',1,0,'2018-08-03 11:42:43','2018-08-03 11:42:43','fe4ffdaa-d719-4707-8a35-d13db6f35217'),(229,12,'craft\\elements\\Entry',1,0,'2018-08-03 11:43:04','2018-08-03 11:43:04','bd6f8acc-db12-40b5-9862-ebab0c0afe4c'),(232,12,'craft\\elements\\Entry',1,0,'2018-08-04 07:56:33','2018-08-04 07:56:33','bf032a72-48f6-4c2d-a34a-ad039bee9c57'),(233,12,'craft\\elements\\Entry',1,0,'2018-08-04 08:12:26','2018-08-04 08:37:07','0c016895-10bc-410c-9a8c-bfb1e1c8c329'),(234,12,'craft\\elements\\Entry',1,0,'2018-08-04 08:13:54','2018-08-04 08:27:20','14bd9ece-b78f-4dc7-954e-f55333ac3df9'),(235,12,'craft\\elements\\Entry',1,0,'2018-08-04 08:16:45','2018-08-04 08:16:45','9bdc2800-5a22-4a59-9157-0c721559413b'),(236,12,'craft\\elements\\Entry',1,0,'2018-08-04 08:18:36','2018-08-04 08:18:36','769c8155-f089-4bf9-ba3f-10e179607d2e');
/*!40000 ALTER TABLE `elements` ENABLE KEYS */;
UNLOCK TABLES;

--
-- Table structure for table `elements_sites`
--

DROP TABLE IF EXISTS `elements_sites`;
/*!40101 SET @saved_cs_client     = @@character_set_client */;
/*!40101 SET character_set_client = utf8 */;
CREATE TABLE `elements_sites` (
  `id` int(11) NOT NULL AUTO_INCREMENT,
  `elementId` int(11) NOT NULL,
  `siteId` int(11) NOT NULL,
  `slug` varchar(255) DEFAULT NULL,
  `uri` varchar(255) DEFAULT NULL,
  `enabled` tinyint(1) NOT NULL DEFAULT '1',
  `dateCreated` datetime NOT NULL,
  `dateUpdated` datetime NOT NULL,
  `uid` char(36) NOT NULL DEFAULT '0',
  PRIMARY KEY (`id`),
  UNIQUE KEY `elements_sites_elementId_siteId_unq_idx` (`elementId`,`siteId`),
  UNIQUE KEY `elements_sites_uri_siteId_unq_idx` (`uri`,`siteId`),
  KEY `elements_sites_siteId_idx` (`siteId`),
  KEY `elements_sites_slug_siteId_idx` (`slug`,`siteId`),
  KEY `elements_sites_enabled_idx` (`enabled`),
  CONSTRAINT `elements_sites_elementId_fk` FOREIGN KEY (`elementId`) REFERENCES `elements` (`id`) ON DELETE CASCADE,
  CONSTRAINT `elements_sites_siteId_fk` FOREIGN KEY (`siteId`) REFERENCES `sites` (`id`) ON DELETE CASCADE ON UPDATE CASCADE
) ENGINE=InnoDB AUTO_INCREMENT=237 DEFAULT CHARSET=utf8;
/*!40101 SET character_set_client = @saved_cs_client */;

--
-- Dumping data for table `elements_sites`
--

LOCK TABLES `elements_sites` WRITE;
/*!40000 ALTER TABLE `elements_sites` DISABLE KEYS */;
INSERT INTO `elements_sites` VALUES (1,1,1,NULL,NULL,1,'2018-07-23 14:53:48','2018-07-23 14:53:48','94385e9f-1627-4e24-8c65-8797108826df'),(22,22,1,NULL,NULL,1,'2018-07-25 10:44:08','2018-07-25 10:44:08','fe71a8eb-ec71-4fc3-9e81-3fc1611841eb'),(23,23,1,NULL,NULL,1,'2018-07-25 10:44:10','2018-07-25 10:44:10','285d9201-20a6-4603-a076-ec134e8ad9c2'),(24,24,1,NULL,NULL,1,'2018-07-25 10:44:11','2018-07-25 10:44:11','ca63d6b5-10be-489a-8e90-0513d945ad73'),(25,25,1,NULL,NULL,1,'2018-07-25 10:44:12','2018-07-25 10:44:12','ef18697a-4298-468b-b89c-d893c6419fc2'),(26,26,1,NULL,NULL,1,'2018-07-25 10:44:13','2018-07-25 10:44:13','93783702-1b8f-4cd0-a17c-14271a345805'),(27,27,1,NULL,NULL,1,'2018-07-25 10:44:14','2018-07-25 10:44:14','c416646d-bdd2-4ff7-b457-8e54d2142878'),(28,28,1,NULL,NULL,1,'2018-07-25 10:44:16','2018-07-25 10:44:16','ef431695-7c67-4ee7-9c21-45ed5a4cbac8'),(29,29,1,NULL,NULL,1,'2018-07-25 10:44:18','2018-07-25 10:44:18','f0a4e4c9-0341-48e9-b630-72f0c432cfa2'),(30,30,1,NULL,NULL,1,'2018-07-25 10:44:19','2018-07-25 10:44:19','5fd7725e-7b45-46fa-a148-72ba128a2ea4'),(31,31,1,NULL,NULL,1,'2018-07-25 10:44:20','2018-07-25 10:44:20','dd91f6e8-a263-42e1-a23e-a45896b99685'),(32,32,1,NULL,NULL,1,'2018-07-25 10:44:21','2018-07-25 10:44:21','522202a2-ee77-4fdc-8203-d3852351734a'),(33,33,1,NULL,NULL,1,'2018-07-25 10:44:22','2018-07-25 10:44:22','4b44ee41-6c6b-46e8-8c5e-9c21186beca4'),(34,34,1,NULL,NULL,1,'2018-07-25 10:44:23','2018-07-25 10:44:23','ec720d29-574e-40b9-b64e-9df9abcdba1c'),(36,36,1,NULL,NULL,1,'2018-07-25 10:51:23','2018-07-25 10:51:23','681c0c82-daee-46e4-9e1b-6739c27f5c00'),(37,37,1,NULL,NULL,1,'2018-07-25 11:04:38','2018-07-25 11:04:38','92c3b60f-0208-422a-9df2-371cb038ef49'),(38,38,1,'arbeitsweise','ueber-uns/arbeitsweise',1,'2018-07-29 17:11:07','2018-07-30 09:49:39','4020d5e9-ad75-4020-86c7-79bacd7c597e'),(39,39,1,'begleiten','ueber-uns/begleiten',1,'2018-07-29 17:37:53','2018-07-30 10:34:40','e23e986d-4b14-482f-85e9-41233782d065'),(40,40,1,'bestärken','ueber-uns/bestärken',1,'2018-07-29 17:38:16','2018-07-30 10:37:06','c5271237-4f5c-4ffc-9f86-b7a19f07c67f'),(41,41,1,'befähigen','ueber-uns/befähigen',1,'2018-07-29 17:39:48','2018-07-30 09:49:41','4107102f-08a9-4551-8a5e-219fa54f8450'),(42,42,1,'bewahren','ueber-uns/bewahren',1,'2018-07-29 17:41:28','2018-07-30 09:49:41','337e2b38-0f59-4726-8bc5-cfd3866d2a27'),(43,43,1,'konzept','ueber-uns/konzept',1,'2018-07-29 18:21:51','2018-07-30 09:49:40','098d44c9-a3e8-41d5-ab39-254f90a8128e'),(44,44,1,'leitbild','ueber-uns/leitbild',1,'2018-07-29 18:22:57','2018-07-30 11:13:57','1d76a16f-69c3-4f66-9cc0-9b02cfedc5bf'),(45,45,1,'ganzheitlichkeit','ueber-uns/ganzheitlichkeit',1,'2018-07-29 18:23:40','2018-07-30 10:38:29','d454b76e-0970-4918-84f3-b71438b1b68c'),(46,46,1,'nachhaltigkeit','ueber-uns/nachhaltigkeit',1,'2018-07-29 18:25:20','2018-07-30 10:40:51','d3217ec0-6112-4a00-9436-54ee0f4a7262'),(47,47,1,'partnerschaftlichkeit','ueber-uns/partnerschaftlichkeit',1,'2018-07-29 18:26:32','2018-07-30 10:33:06','69c6f07a-6881-4b80-820e-1480ab95d703'),(48,48,1,'menschen-und-gemeinschaften-sollen-heil-werden','ueber-uns/menschen-und-gemeinschaften-sollen-heil-werden',1,'2018-07-30 07:55:50','2018-07-30 11:14:00','9ea0927a-abfd-4121-add2-f0e5b3cbd897'),(49,49,1,'motivation','ueber-uns/motivation',1,'2018-07-30 11:13:49','2018-07-30 15:19:09','52291fb6-72ed-4a7c-82ca-eef0561b5b1c'),(50,50,1,'chance-e-v-entstand-aus-dem-praktischen-glaubensverständnis-und-dem-gesellschaftlichen-engagement-seiner-gründer','ueber-uns/chance-e-v-entstand-aus-dem-praktischen-glaubensverständnis-und-dem-gesellschaftlichen-engagement-seiner-gründer',1,'2018-07-30 11:17:46','2018-07-30 15:19:12','ae3646c4-9394-4eb6-aee9-393b939fb19f'),(51,51,1,'der-verein','ueber-uns/der-verein',1,'2018-07-30 11:24:10','2018-07-30 11:52:04','da3b82b6-c319-4293-a92a-5f3eecc5b89f'),(52,52,1,'engagement','ueber-uns/engagement',1,'2018-07-30 11:39:04','2018-07-30 11:54:13','268fd1ca-6f16-41b6-8508-040e7643b626'),(53,53,1,'grundwerte','ueber-uns/grundwerte',1,'2018-07-30 11:39:55','2018-07-30 11:53:23','06259d82-491b-4308-b682-0da6a93527e2'),(54,54,1,'zusammenarbeit','ueber-uns/zusammenarbeit',1,'2018-07-30 11:40:42','2018-07-30 11:53:55','1c4ad663-30ed-47ea-8705-c0ef3c0505eb'),(55,55,1,'team','ueber-uns/team',1,'2018-07-30 12:12:02','2018-07-30 12:12:23','ce2e64c7-90f5-4e56-a152-96b779e060f1'),(56,56,1,'jens','ueber-uns/jens',1,'2018-07-30 12:14:48','2018-07-30 14:59:33','7191782d-1167-4550-8548-ed97ae1b10d7'),(57,57,1,'kerstin','ueber-uns/kerstin',1,'2018-07-30 12:16:00','2018-07-30 12:16:02','19c2dbe4-b78a-4189-b1d2-653f94411068'),(58,58,1,'marc','ueber-uns/marc',1,'2018-07-30 12:16:28','2018-07-30 12:16:30','7d0f5bb2-ae0d-4aba-abbb-1acf2f6f16d9'),(59,59,1,'elizabeth','ueber-uns/elizabeth',1,'2018-07-30 12:17:02','2018-07-30 12:17:04','d75db8d4-6ef9-4202-9c47-aa120ccc8d82'),(60,60,1,'mark-kasoe','ueber-uns/mark-kasoe',1,'2018-07-30 12:17:55','2018-07-30 12:17:57','e7ce4275-55d3-4c87-ac3e-142e540b01e5'),(61,61,1,'geschichte','ueber-uns/geschichte',1,'2018-07-30 15:10:39','2018-07-30 15:11:02','18cf1382-1501-43e8-a56a-254d5bb61f72'),(62,62,1,'erste-kontakte','ueber-uns/erste-kontakte',1,'2018-07-30 15:13:55','2018-07-30 15:14:54','64d11bb4-448b-41b6-b6f1-802f03dc1a51'),(63,63,1,'kooperationspartner','ueber-uns/kooperationspartner',1,'2018-07-30 15:16:49','2018-07-30 15:16:52','6a7ae7ff-c811-402c-93b8-917883537b7a'),(64,64,1,'transparenz','ueber-uns/transparenz',1,'2018-07-30 15:18:51','2018-07-30 15:18:54','a3e1f1cb-48d1-453c-8f10-be3044d8e1a1'),(65,65,1,'verwaltungskosten','ueber-uns/verwaltungskosten',1,'2018-07-30 15:21:59','2018-07-30 15:22:01','890f8645-6d50-4834-af96-67b175c36054'),(66,66,1,'spendensiegel','ueber-uns/spendensiegel',1,'2018-07-30 15:23:04','2018-07-30 15:23:07','0cd6050e-5a2a-49f2-bf01-c86fe98b4edb'),(67,67,1,'transparenz-offenheit-und-qualität','ueber-uns/transparenz-offenheit-und-qualität',1,'2018-07-30 15:24:21','2018-07-30 15:24:23','39155678-8baa-46bd-bad8-535464589ef7'),(68,68,1,'empfehlungen','ueber-uns/empfehlungen',1,'2018-07-31 08:55:44','2018-07-31 08:55:46','3f11831e-f39e-4118-8106-343ed24b894c'),(69,69,1,'christian-oelke','ueber-uns/christian-oelke',1,'2018-07-31 08:56:39','2018-07-31 08:56:41','56594261-82d0-4ebb-8db7-6d88708ce546'),(70,70,1,'bernhard-röckle','ueber-uns/bernhard-röckle',1,'2018-07-31 08:57:36','2018-07-31 08:57:38','84285510-5fa3-4ae3-b2c5-afd709688a83'),(71,71,1,'theo-weyandt','ueber-uns/theo-weyandt',1,'2018-07-31 08:58:05','2018-07-31 08:58:08','8cdefaa0-d965-4be3-a16e-175009c6ae63'),(72,72,1,'birgit-steinheuer','ueber-uns/birgit-steinheuer',1,'2018-07-31 08:59:01','2018-07-31 08:59:03','dcdf7ee2-b86f-4fd6-8ee3-a24f3e23112c'),(73,73,1,'christian-meissner','ueber-uns/christian-meissner',1,'2018-07-31 08:59:39','2018-07-31 08:59:41','2f915179-3326-47ce-a5a1-960c624412c5'),(74,74,1,'philipp-scheld-pastor','ueber-uns/philipp-scheld-pastor',1,'2018-07-31 09:00:13','2018-07-31 09:00:15','80af53fc-921a-4fc1-86f6-eeeb9239889a'),(75,75,1,'uli-thomas','ueber-uns/uli-thomas',1,'2018-07-31 09:00:53','2018-07-31 09:00:55','b3c0de5e-382a-4fb0-9fc7-17b9e5c88fcd'),(76,76,1,'markus-wehrstedt','ueber-uns/markus-wehrstedt',1,'2018-07-31 09:01:26','2018-07-31 09:01:29','d7738c92-8c98-4e5e-a0ed-e3fb50884986'),(77,77,1,'wilfried-eckhoff','ueber-uns/wilfried-eckhoff',1,'2018-07-31 09:02:04','2018-07-31 09:02:06','6e914684-1736-49bb-bb4a-1bf66d40608b'),(78,78,1,'wo-wir-arbeiten','projekte/wo-wir-arbeiten',1,'2018-07-31 09:38:03','2018-08-03 10:44:03','0c12a46f-7db2-41be-9dbd-4a16abd48f9a'),(79,79,1,'programme','projekte/programme',1,'2018-07-31 09:38:40','2018-08-03 10:44:03','25f3bd4c-d39d-492c-95c2-bbc960821cf4'),(80,80,1,'themen','projekte/themen',1,'2018-07-31 09:39:05','2018-08-03 10:44:03','4882f9cc-0a37-4912-ba59-5d21a357c279'),(81,81,1,'erfahrungsberichte','projekte/erfahrungsberichte',1,'2018-07-31 09:39:27','2018-08-03 10:44:03','d843a30b-90d2-407e-be67-1a0642ef129d'),(82,82,1,'projektberichte','projekte/projektberichte',1,'2018-07-31 09:39:52','2018-08-03 10:55:33','d1503e17-a2ef-4417-8c82-30ef64551675'),(83,83,1,'peru','projekte/peru',1,'2018-07-31 11:10:58','2018-08-03 10:44:13','91326e64-8db6-4c1c-955c-be3428514f9e'),(84,84,1,'villa-rica','projekte/villa-rica',1,'2018-07-31 11:11:42','2018-08-03 10:44:13','b8fc4d26-c45b-4f41-a244-b4eb7dcbc933'),(85,85,1,'indigene-bevölkerung','projekte/indigene-bevölkerung',1,'2018-07-31 11:16:00','2018-08-03 10:44:13','b3040863-3425-4f78-8ecd-ba8877c9360e'),(86,86,1,'wirtschaft','projekte/wirtschaft',1,'2018-07-31 11:16:58','2018-08-03 10:44:13','a3093527-9fda-48fb-8751-cd821a1ff2ae'),(87,87,1,'kenia','projekte/kenia',1,'2018-07-31 11:17:41','2018-08-03 10:44:13','80056025-cd2d-4cb9-9ef0-b59bb006459c'),(88,88,1,'der-halbnomadische-lebenswandel-ist-bedroht','projekte/der-halbnomadische-lebenswandel-ist-bedroht',1,'2018-07-31 11:18:49','2018-08-03 10:44:14','988bb33a-a85b-450b-b223-3cc88b176e3a'),(89,89,1,'safaritourismus-segen-und-gefahr-zugleich','projekte/safaritourismus-segen-und-gefahr-zugleich',1,'2018-07-31 11:19:35','2018-08-03 10:44:14','ed554d6d-546b-46f3-aa7b-e72145c21c49'),(90,90,1,'arbeitsplätze-bildung-und-medizinisches-versorgung-sind-mangelware','projekte/arbeitsplätze-bildung-und-medizinisches-versorgung-sind-mangelware',1,'2018-07-31 11:19:57','2018-08-03 10:44:14','92bd4638-5d92-467e-a9ed-9874e4ff5939'),(91,91,1,'gemeinsam-eine-chance-bieten','projekte/gemeinsam-eine-chance-bieten',1,'2018-07-31 11:20:30','2018-08-03 10:44:14','df902a52-90d3-4b67-a48f-6c152635b9b7'),(92,92,1,'dorfentwicklung-chancen-für-dörfer','projekte/dorfentwicklung-chancen-für-dörfer',1,'2018-07-31 11:36:25','2018-08-03 10:44:13','17119742-8d55-4051-846e-4db89a22c90f'),(93,93,1,'patenschaft-chancen-für-kinder-familien','projekte/patenschaft-chancen-für-kinder-familien',1,'2018-07-31 11:37:02','2018-08-03 10:44:13','fe512931-c0bb-45d4-9fd0-a067ca56c3f7'),(94,94,1,'umwelt-und-naturschutz-chancen-für-die-schöpfung','projekte/umwelt-und-naturschutz-chancen-für-die-schöpfung',1,'2018-07-31 11:37:32','2018-08-03 10:44:13','0b608fdc-ae2c-469e-bd32-562677af85ba'),(95,95,1,'motor','projekte/motor',1,'2018-07-31 11:44:04','2018-08-03 10:44:14','81ff3a2a-1d45-43fd-9608-7511efd13c22'),(96,96,1,'einsatz-in-peru','projekte/einsatz-in-peru',1,'2018-07-31 11:46:24','2018-08-03 10:44:14','7f6ee870-3a44-4fca-9fe7-1c7df905e104'),(97,97,1,'einsatz-in-kenia','projekte/einsatz-in-kenia',1,'2018-07-31 11:46:49','2018-08-03 10:44:14','ca30fdbe-dc34-4b38-a0e7-55be227b92bb'),(98,98,1,'der-fünf-stufen-plan','projekte/der-fünf-stufen-plan',1,'2018-07-31 11:47:36','2018-08-03 10:44:14','a1a22938-33d0-4bc8-81e7-859091bce6b2'),(99,99,1,'stufe-1-dialog-reflexion-und-sensibilisierung','projekte/stufe-1-dialog-reflexion-und-sensibilisierung',1,'2018-07-31 11:47:55','2018-08-03 10:44:14','4491db4f-737e-4118-8eda-d938e80e2aef'),(100,100,1,'stufe-2-selbstdiagnose','projekte/stufe-2-selbstdiagnose',1,'2018-07-31 11:48:29','2018-08-03 10:44:14','8a9f8e9a-2477-448b-93f2-fd2cd66e1121'),(101,101,1,'stufe-3-dorfsatzung','projekte/stufe-3-dorfsatzung',1,'2018-07-31 11:48:36','2018-08-03 10:44:14','775605da-e619-4230-884a-5586f1041a6a'),(102,102,1,'stufe-4-plan-für-gelingendes-leben','projekte/stufe-4-plan-für-gelingendes-leben',1,'2018-07-31 11:48:43','2018-08-03 10:44:14','f130a3bc-45a2-4a60-9735-4f8f01ed7509'),(103,103,1,'stufe-5-umsetzung-des-plans-für-gelingendes-leben','projekte/stufe-5-umsetzung-des-plans-für-gelingendes-leben',1,'2018-07-31 11:49:08','2018-08-03 10:44:14','5caae793-9a54-495e-9799-c0ffbddea87e'),(104,104,1,'das-ziel-starke-dörfer','projekte/das-ziel-starke-dörfer',1,'2018-07-31 11:50:32','2018-08-03 10:44:14','4d497848-6eaa-4bca-ace9-d1f6bf08f86f'),(105,105,1,'territorium','projekte/territorium',1,'2018-07-31 11:52:28','2018-08-03 10:44:14','7b0adbe6-17ee-41c0-a00c-fd37d19f8edd'),(106,106,1,'teilhabe','projekte/teilhabe',1,'2018-08-01 09:27:10','2018-08-03 10:44:14','917a0568-a450-4d9c-b4eb-ffca9d0e6394'),(107,107,1,'dorfentwicklungsplan','projekte/dorfentwicklungsplan',1,'2018-08-01 09:27:47','2018-08-03 10:44:14','ed923c99-e7dc-45a4-b894-671642c46b02'),(108,108,1,'dorfpate-werden','projekte/dorfpate-werden',1,'2018-08-01 09:29:17','2018-08-03 10:44:14','1f7825bd-0367-4ce7-a239-aa4eec98dc01'),(109,109,1,'gelingendes-leben','projekte/gelingendes-leben',1,'2018-08-01 09:30:02','2018-08-03 10:44:14','84170f66-8107-49ce-92a1-d9303f2fdbcf'),(110,110,1,'warum-indigene-gemeinschaften','projekte/warum-indigene-gemeinschaften',1,'2018-08-01 09:32:39','2018-08-03 10:44:14','16353e06-4820-4f2c-acf9-3efc68406db2'),(111,111,1,'kinderpaten','projekte/kinderpaten',1,'2018-08-01 10:48:23','2018-08-03 10:44:14','fc837792-49d9-4edd-adab-24d0b20c5e46'),(112,112,1,'säulen','projekte/säulen',1,'2018-08-01 10:48:48','2018-08-03 10:44:14','bb17edca-a7c2-41a7-9751-7b404399b5d2'),(113,113,1,'hoffnung-und-lebensperspektive','projekte/hoffnung-und-lebensperspektive',1,'2018-08-01 10:49:14','2018-08-03 10:44:14','b6bc1fd3-facc-4f2f-80de-b4c61f065bf0'),(114,114,1,'psychologisch-seelsorgerliche-begleitung','projekte/psychologisch-seelsorgerliche-begleitung',1,'2018-08-01 10:49:21','2018-08-03 10:44:14','b14c708f-69ef-4423-8842-2b7f44e83c53'),(115,115,1,'stärkung-der-kulturellen-identität','projekte/stärkung-der-kulturellen-identität',1,'2018-08-01 10:49:31','2018-08-03 10:44:14','9c21ebcc-9693-476b-814b-bc168e99f514'),(116,116,1,'familien-und-mütterberatung','projekte/familien-und-mütterberatung',1,'2018-08-01 10:49:37','2018-08-03 10:44:14','a54ccd1b-02e8-45bb-bee0-49e96e3b2c98'),(117,117,1,'persönliche-begleitung-und-vernetzung','projekte/persönliche-begleitung-und-vernetzung',1,'2018-08-01 10:49:43','2018-08-03 10:44:14','35f4a21d-b7fa-494e-95ac-6efa1cb14719'),(118,118,1,'schulförderung-und-ganzheitliches-lernen','projekte/schulförderung-und-ganzheitliches-lernen',1,'2018-08-01 10:49:47','2018-08-03 10:44:14','8364cb8e-6f92-42df-a91f-ae251a177822'),(119,119,1,'förderung-von-kreativität-und-begabungen','projekte/förderung-von-kreativität-und-begabungen',1,'2018-08-01 10:49:52','2018-08-03 10:44:14','2b5dbdbb-b96a-4d65-847f-237d34034e9c'),(120,120,1,'umwelterziehung-naturverstehen-und-nachhaltigkeitstraining','projekte/umwelterziehung-naturverstehen-und-nachhaltigkeitstraining',1,'2018-08-01 10:49:58','2018-08-03 10:44:14','de0f2995-ffd9-48af-b81c-d3b1c5be1300'),(121,121,1,'kinderwald','projekte/kinderwald',1,'2018-08-01 10:50:03','2018-08-03 10:44:14','4d65722c-565c-473e-a6a8-4d1b171ec46f'),(122,122,1,'gartenbau-aufforstung-und-tiere','projekte/gartenbau-aufforstung-und-tiere',1,'2018-08-01 10:50:11','2018-08-03 10:44:14','f30971cc-5ed3-4f6e-86a6-94584b6aa97c'),(123,123,1,'soziale-verantwortung-und-menschenrechte','projekte/soziale-verantwortung-und-menschenrechte',1,'2018-08-01 10:50:20','2018-08-03 10:44:14','166c6647-5844-4ac3-934a-542fda6a1a78'),(124,124,1,'christliche-freizeiten-und-exkursionen','projekte/christliche-freizeiten-und-exkursionen',1,'2018-08-01 10:50:26','2018-08-03 10:44:14','51d8edbb-73a0-46be-a6b9-ef1aec322e6b'),(125,125,1,'sport-spiel-und-freizeitangebote','projekte/sport-spiel-und-freizeitangebote',1,'2018-08-01 10:50:31','2018-08-03 10:44:14','c7165027-fe82-4a01-825a-dc5c8c484aa7'),(126,126,1,'rückhalt-durch-paten','projekte/rückhalt-durch-paten',1,'2018-08-01 10:50:38','2018-08-03 10:44:14','ac29bc50-57ae-4751-b352-1501be8528cf'),(127,127,1,'klausel','projekte/klausel',1,'2018-08-01 11:04:34','2018-08-03 10:44:14','3fa03d1a-5172-4ffc-9184-d3e1725d2db9'),(128,128,1,'starke-kinder','projekte/starke-kinder',1,'2018-08-01 11:07:08','2018-08-03 10:44:14','8f0b205d-6ec2-4363-a451-feaed79cd572'),(129,129,1,'selbstbild','projekte/selbstbild',1,'2018-08-01 11:08:41','2018-08-03 10:44:14','2a170dab-762e-4b77-ad1c-9ad822080d97'),(130,130,1,'patenkinder-verantwortung','projekte/patenkinder-verantwortung',1,'2018-08-01 11:09:37','2018-08-03 10:44:14','ae1e52cd-8f5f-4331-81f9-9b273b48a62b'),(131,131,1,'rechte-kennen','projekte/rechte-kennen',1,'2018-08-01 11:10:28','2018-08-03 10:44:14','383c202c-e10e-46eb-b07d-e127b0d6cfc1'),(132,132,1,'kinderpate-werden','projekte/kinderpate-werden',1,'2018-08-01 11:15:44','2018-08-03 10:44:14','a5df80bc-0e7d-4ce4-803e-f666543baa4a'),(133,133,1,'ganzheitliche-begleitung','projekte/ganzheitliche-begleitung',1,'2018-08-01 11:24:55','2018-08-03 10:44:14','1696c916-cec8-4869-b425-8d133454a289'),(134,134,1,'warum-ganzheitlich','projekte/warum-ganzheitlich',1,'2018-08-01 11:25:45','2018-08-03 10:44:14','ad59819a-5d8f-4b11-ad40-191ef6ba4ce2'),(135,135,1,'umwelt-und-naturschutz','projekte/umwelt-und-naturschutz',1,'2018-08-01 12:57:26','2018-08-03 10:44:14','7b28c12c-4f75-402f-b1ed-29c98d07985a'),(136,136,1,'umweltverschmutzung','projekte/umweltverschmutzung',1,'2018-08-01 12:59:00','2018-08-03 10:44:14','ff96ca66-5482-46d9-87c0-9d96acd789ca'),(137,137,1,'bestandteile-naturschutzprogramms','projekte/bestandteile-naturschutzprogramms',1,'2018-08-01 13:09:34','2018-08-03 10:44:14','8c1f7fd2-ef13-4f98-b97b-ae0617b999c0'),(138,138,1,'aufklärung-bildung-und-dialog','projekte/aufklärung-bildung-und-dialog',1,'2018-08-01 13:10:02','2018-08-03 10:44:15','996191e4-61c4-42cb-b3b0-6ad934652664'),(139,139,1,'befähigung','projekte/befähigung',1,'2018-08-01 13:10:08','2018-08-03 10:44:15','59b039e8-bbfb-4a7c-9932-74aa39483cb8'),(140,140,1,'ressourcenmanagement','projekte/ressourcenmanagement',1,'2018-08-01 13:10:25','2018-08-03 10:44:15','e9c8497c-6273-4cb2-919a-a2c7cff8ab9f'),(141,141,1,'menschenrechte','projekte/menschenrechte',1,'2018-08-01 13:10:34','2018-08-03 10:44:15','430d8c3d-30c3-46bf-ba8f-24c7dba1e796'),(142,142,1,'einrichtung-und-betreuung-von-naturschutzgebieten','projekte/einrichtung-und-betreuung-von-naturschutzgebieten',1,'2018-08-01 13:10:39','2018-08-03 10:44:15','6113505d-553c-4d07-987d-b5f817456b93'),(143,143,1,'gemeinschaftsbaumschulen-und-aufforstung','projekte/gemeinschaftsbaumschulen-und-aufforstung',1,'2018-08-01 13:10:44','2018-08-03 10:44:15','973fcd02-8bae-4bf2-b382-0c702f1d0ce7'),(144,144,1,'armutsbekämpfung-durch-ökologisch-nachhaltige-wirtschaftliche-entwicklung','projekte/armutsbekämpfung-durch-ökologisch-nachhaltige-wirtschaftliche-entwicklung',1,'2018-08-01 13:10:49','2018-08-03 10:44:15','ebcba5a2-fd9b-41dd-8f5d-7215015d549c'),(145,145,1,'allianzen-und-kooperationen','projekte/allianzen-und-kooperationen',1,'2018-08-01 13:10:57','2018-08-03 10:44:15','07282210-0888-4f68-8384-708ea9dde987'),(146,146,1,'bewahrung-schöpfung','projekte/bewahrung-schöpfung',1,'2018-08-01 13:31:49','2018-08-03 10:44:14','8af8b2da-946d-4b10-845b-2b1d197f4461'),(147,147,1,'menschen-kennen','projekte/menschen-kennen',1,'2018-08-01 13:33:11','2018-08-03 10:44:15','503a1c59-875b-4dd1-8d95-ac991bcbda1f'),(148,148,1,'entscheidungsträger','projekte/entscheidungsträger',1,'2018-08-01 13:33:55','2018-08-03 10:44:15','3a320476-b8f2-4777-babf-963727e4c268'),(149,149,1,'aufforstung','projekte/aufforstung',1,'2018-08-01 13:34:36','2018-08-03 10:44:15','da0ee933-e195-49ff-a5bd-a5e14bc08ad7'),(150,150,1,'waldpate-werden','projekte/waldpate-werden',1,'2018-08-01 13:49:22','2018-08-03 10:44:14','d1acb014-60ea-458d-811a-8e3aab212649'),(151,151,1,'regenwald','projekte/regenwald',1,'2018-08-01 13:59:08','2018-08-03 10:44:14','48928ede-d1d8-4398-8186-0fcca753f000'),(152,152,1,'der-chance-regenwald-in-zahlen','projekte/der-chance-regenwald-in-zahlen',1,'2018-08-01 14:14:03','2018-08-03 10:44:14','d13d4b74-6691-4140-86e5-c1014f31bdc9'),(153,153,1,'1-11','projekte/1-11',1,'2018-08-01 14:15:23','2018-08-03 10:44:15','69fc265b-d9ec-4811-8195-01ac688c23e2'),(154,154,1,'2-11','projekte/2-11',1,'2018-08-01 14:16:02','2018-08-03 10:44:15','7a46e405-27fe-4a16-8128-df9e34978662'),(155,155,1,'3-11','projekte/3-11',1,'2018-08-01 14:16:23','2018-08-03 10:44:15','9983e6d8-8be5-4e02-a7e7-ef1bc22c6291'),(156,156,1,'4-11','projekte/4-11',1,'2018-08-01 14:16:45','2018-08-03 10:44:15','deca9e1f-8412-4a29-a299-c1318193700a'),(157,157,1,'5-11','projekte/5-11',1,'2018-08-01 21:57:35','2018-08-03 10:44:15','17cba05a-c8c6-472f-9f6b-68179e3112af'),(158,158,1,'6-11','projekte/6-11',1,'2018-08-01 21:57:45','2018-08-03 10:44:15','9406004e-e003-4dcd-87e3-cfe8a954277d'),(159,159,1,'7-11','projekte/7-11',1,'2018-08-01 21:57:53','2018-08-03 10:44:15','3d2d1c73-d5f5-4ef3-b00b-a95de24dd268'),(160,160,1,'gelingenden-leben','projekte/gelingenden-leben',1,'2018-08-01 21:59:18','2018-08-03 10:44:14','5d646081-da76-40b4-897b-74ba06941eaf'),(161,161,1,'armutsbekämpfung','projekte/armutsbekämpfung',1,'2018-08-01 22:08:00','2018-08-03 10:44:13','47c95809-2b33-4869-856e-2cffb02da095'),(164,164,1,'17-000-kinder','projekte/17-000-kinder',1,'2018-08-02 09:52:04','2018-08-03 10:44:15','23beb9bb-14e8-4589-af12-811702bd2389'),(165,165,1,'jedes-2-kind-muss-in-armut-leben','projekte/jedes-2-kind-muss-in-armut-leben',1,'2018-08-02 09:52:19','2018-08-03 10:44:15','0abb60c4-857e-48e1-8dcf-53302104d798'),(166,166,1,'795-mio-menschen','projekte/795-mio-menschen',1,'2018-08-02 09:53:04','2018-08-03 10:44:15','090a3dca-e0bb-44a4-aa30-b120cd64bcbd'),(167,167,1,'fülltext','projekte/fülltext',1,'2018-08-02 09:53:13','2018-08-03 10:44:15','14cf781d-fdc6-4297-bb73-39e15f8fd332'),(168,168,1,'bildung','projekte/bildung',1,'2018-08-02 09:57:27','2018-08-03 10:44:13','cf267d03-bbf9-402c-9831-b94ba5adeb05'),(169,169,1,'weniger-als','projekte/weniger-als',1,'2018-08-02 10:00:22','2018-08-03 10:44:15','11fbcf7f-6f02-4051-9b77-f247e14a2ccc'),(170,170,1,'162-mio-kindern','projekte/162-mio-kindern',1,'2018-08-02 10:00:37','2018-08-03 10:44:15','33ed901b-4e27-4c4c-b8a2-1b856527e198'),(171,171,1,'5-mrd-arbeitstage-440-mio-schultage','projekte/5-mrd-arbeitstage-440-mio-schultage',1,'2018-08-02 10:00:57','2018-08-03 10:44:15','17cefce3-e792-4d9b-8ed0-af31647d34d2'),(172,172,1,'fülltext-1','projekte/fülltext-1',1,'2018-08-02 10:01:04','2018-08-03 10:44:15','4b28442d-0d46-4ad6-bdae-7ad800bd2974'),(173,173,1,'engagement','projekte/engagement',1,'2018-08-02 10:06:19','2018-08-03 10:44:13','cdc4f20d-a8bc-4e7e-9251-3d7ef5485d61'),(174,174,1,'weniger-als-25-des-verdienstes-der-reichsten-reicht','projekte/weniger-als-25-des-verdienstes-der-reichsten-reicht',1,'2018-08-03 08:47:29','2018-08-03 10:44:15','4c967ded-9583-4b55-8215-48afc67172b8'),(175,175,1,'1-besitzt-mehr-als-die-restlichen-99','projekte/1-besitzt-mehr-als-die-restlichen-99',1,'2018-08-03 08:49:14','2018-08-03 10:44:15','a023ccd5-a06d-4cf9-9e63-9eeed86f802a'),(176,176,1,'1-25-pro-tag','projekte/1-25-pro-tag',1,'2018-08-03 08:49:39','2018-08-03 10:44:15','a122b5cd-82d8-4f1b-8f14-c077b087eebc'),(177,177,1,'fülltext-2','projekte/fülltext-2',1,'2018-08-03 08:49:49','2018-08-03 10:44:15','5be56dbe-1547-4029-a345-5a3206cd6f2d'),(178,178,1,'soziales','projekte/soziales',1,'2018-08-03 09:05:43','2018-08-03 10:44:13','41661e6b-2a5a-48d3-8843-df11701d7f6f'),(179,179,1,'essen-im-wert-von-235-pro-person','projekte/essen-im-wert-von-235-pro-person',1,'2018-08-03 09:06:54','2018-08-03 10:44:15','9ad94334-ebe4-4ccc-b950-33135366aedc'),(180,180,1,'10mal-mehr-land-und-ressourcen','projekte/10mal-mehr-land-und-ressourcen',1,'2018-08-03 09:07:53','2018-08-03 10:44:15','cd946d34-9e03-4839-9b12-4d32dd425dfa'),(181,181,1,'1-3-mrd-tonnen-lebensmittel','projekte/1-3-mrd-tonnen-lebensmittel',1,'2018-08-03 09:08:11','2018-08-03 10:44:15','cc6cea8c-2c7c-4a46-afb0-80501f522a60'),(182,182,1,'fülltext-3','projekte/fülltext-3',1,'2018-08-03 09:08:24','2018-08-03 10:44:15','8c722f55-51ea-4ce6-88ee-cc8c1022ed42'),(183,183,1,'umwelt-und-naturschutz-1','projekte/umwelt-und-naturschutz-1',1,'2018-08-03 09:11:46','2018-08-03 10:44:13','cdbd9fdb-a8ec-4732-bca7-9cfd7f16860d'),(184,184,1,'7-mio-menschen','projekte/7-mio-menschen',1,'2018-08-03 09:12:23','2018-08-03 10:44:15','9b29b8ea-7b40-4c50-8b50-3e02e45b6adc'),(185,185,1,'jede-3-tierart-gilt-als-gefährdet','projekte/jede-3-tierart-gilt-als-gefährdet',1,'2018-08-03 09:12:39','2018-08-03 10:44:15','c464c2b0-21d4-4f6e-b205-e5b3dfacae3a'),(186,186,1,'35-fußballfelder-pro-minute','projekte/35-fußballfelder-pro-minute',1,'2018-08-03 09:13:05','2018-08-03 10:44:15','11b1bca4-249e-4b8e-89ea-dcdf18410b21'),(187,187,1,'fülltext-4','projekte/fülltext-4',1,'2018-08-03 09:13:13','2018-08-03 10:44:15','a58a0dab-d6bf-4c86-85db-b8d9878578a0'),(196,196,1,'erfahren-sie-mehr','projekte/erfahren-sie-mehr',1,'2018-08-03 09:54:27','2018-08-03 10:44:13','bdfd3d92-8c07-44be-b664-ee71c8267a73'),(197,197,1,'médalid','projekte/médalid',1,'2018-08-03 09:55:30','2018-08-03 10:50:37','58e4630e-23e9-48c9-b0ea-4060b269c2cf'),(198,198,1,'carlos-abel','projekte/carlos-abel',1,'2018-08-03 09:56:24','2018-08-03 10:44:15','df621bc7-2d48-48b3-9af2-2e543c4bfbb6'),(199,199,1,'rebeca','projekte/rebeca',1,'2018-08-03 09:57:03','2018-08-03 10:44:15','a8830333-ab09-4fe7-b3ba-2b686f0acbeb'),(200,200,1,'roland-und-roberto','projekte/roland-und-roberto',1,'2018-08-03 09:58:09','2018-08-03 10:44:15','4c304173-8c4a-4e02-a6bb-7013281d02b6'),(201,201,1,'emilia','projekte/emilia',1,'2018-08-03 09:58:39','2018-08-03 10:44:15','4846113a-23db-4771-9926-9ff8a7d5badd'),(202,202,1,'pancho','projekte/pancho',1,'2018-08-03 09:59:26','2018-08-03 10:44:15','fd773950-0804-45c8-b60d-38f4f19aa918'),(203,203,1,'don-jesús-und-vilma','projekte/don-jesús-und-vilma',1,'2018-08-03 10:00:01','2018-08-03 10:44:15','b9e590bf-362c-4a01-8368-4cceae703527'),(204,204,1,'gino','projekte/gino',1,'2018-08-03 10:00:37','2018-08-03 10:44:15','936a7ae7-9bb0-489f-8b0d-3850c55e49ed'),(205,205,1,'gladys','projekte/gladys',1,'2018-08-03 10:01:10','2018-08-03 10:44:15','84fc00cc-ae28-48d9-82a1-2e9f4b93be06'),(206,206,1,'lekishon','projekte/lekishon',1,'2018-08-03 10:01:49','2018-08-03 10:44:15','76dc7e4f-685f-416c-8df3-3ff34dcc9439'),(207,207,1,'laly-magaly-und-ciro','projekte/laly-magaly-und-ciro',1,'2018-08-03 10:02:31','2018-08-03 10:44:15','5a04661c-d154-4453-bf05-38796b411724'),(208,208,1,'medalid-lang','projekte/medalid-lang',1,'2018-08-03 10:21:54','2018-08-03 10:44:13','f9c36fd0-75ea-4f39-b398-aefa8359b022'),(209,209,1,'geschichten','projekte/geschichten',1,'2018-08-03 10:56:01','2018-08-03 11:01:27','ba30af1f-b0f2-42da-9e1d-c8dee8ef6ea3'),(210,210,1,'der-chance-kinderwald','projekte/der-chance-kinderwald',1,'2018-08-03 11:02:05','2018-08-03 11:02:06','3decedd5-5385-4024-afd9-bc5d3d59a12e'),(211,211,1,'schulungen-für-starke-dörfer','projekte/schulungen-für-starke-dörfer',1,'2018-08-03 11:02:23','2018-08-03 11:02:24','93d25eae-507d-4a61-b521-ce05a6f90ad3'),(212,212,1,'der-kampf-gegen-die-armut','projekte/der-kampf-gegen-die-armut',1,'2018-08-03 11:02:44','2018-08-03 11:02:46','ea0f75d5-c3c3-4187-8792-3a1f400e0738'),(213,213,1,'eine-ganz-besondere-erfahrung','projekte/eine-ganz-besondere-erfahrung',1,'2018-08-03 11:03:20','2018-08-03 11:03:22','a9d4db6b-1944-41c5-85e2-9772c3c1cdd6'),(214,214,1,'starke-kinder-starke-dörfer','projekte/starke-kinder-starke-dörfer',1,'2018-08-03 11:03:43','2018-08-03 11:03:45','a0395c76-611b-40d9-b1c8-42635c598421'),(215,215,1,'wunder-in-yunculmas','projekte/wunder-in-yunculmas',1,'2018-08-03 11:04:02','2018-08-03 11:04:03','37d942d7-a5f6-4fe1-9976-2258f5316d37'),(216,216,1,'der-chance-kinderwald-1','projekte/der-chance-kinderwald-1',1,'2018-08-03 11:04:17','2018-08-03 11:04:19','97ddd352-ad38-472b-adeb-c4896c629279'),(217,217,1,'schulungen-für-starke-dörfer-1','projekte/schulungen-für-starke-dörfer-1',1,'2018-08-03 11:04:38','2018-08-03 11:07:55','7a3b894a-8c21-47fe-99ca-45233f40a24a'),(218,218,1,'der-kampf-gegen-die-armut-1','projekte/der-kampf-gegen-die-armut-1',1,'2018-08-03 11:04:52','2018-08-03 11:04:54','8a0fbe23-6ef3-466d-b8a5-f98b8184d8a9'),(219,219,1,'eine-ganz-besondere-erfahrung-1','projekte/eine-ganz-besondere-erfahrung-1',1,'2018-08-03 11:05:08','2018-08-03 11:05:09','8f53885e-d4f6-48f8-8760-794a09b08e4a'),(220,220,1,'starke-kinder-starke-dörfer-1','projekte/starke-kinder-starke-dörfer-1',1,'2018-08-03 11:05:22','2018-08-03 11:05:23','9084de48-1688-45a1-a713-51ff9008b413'),(221,221,1,'wunder-in-yunculmas-1','projekte/wunder-in-yunculmas-1',1,'2018-08-03 11:05:41','2018-08-03 11:05:43','57cfe3d8-7ddb-4d8d-90a5-8baa04ba3d7f'),(223,223,1,'chance-kommt','fuer-sie/chance-kommt',1,'2018-08-03 11:41:23','2018-08-03 11:49:34','c82500fb-5233-450a-af40-4f2b7f538cc1'),(224,224,1,'freiwilligendienst','fuer-sie/freiwilligendienst',1,'2018-08-03 11:41:38','2018-08-03 11:41:39','b67486ef-c59b-4402-bf72-7f37e4ea16a4'),(225,225,1,'projektbesuch','fuer-sie/projektbesuch',1,'2018-08-03 11:41:52','2018-08-03 11:41:54','edd8ba22-80be-45f2-9bab-4dddc96897ac'),(226,226,1,'für-sie-daheim','fuer-sie/für-sie-daheim',1,'2018-08-03 11:42:11','2018-08-03 11:42:12','0b8bf14b-ac55-4056-bf4d-7d2448285d56'),(227,227,1,'presse-und-downloads','fuer-sie/presse-und-downloads',1,'2018-08-03 11:42:24','2018-08-03 11:42:26','a7cde5e2-30ab-4bdd-bb49-8f61e7bfc5e5'),(228,228,1,'literaturtipps','fuer-sie/literaturtipps',1,'2018-08-03 11:42:43','2018-08-03 11:42:45','5ec0d0c7-ca25-4611-b696-7b69d2374f03'),(229,229,1,'zitate','fuer-sie/zitate',1,'2018-08-03 11:43:04','2018-08-03 11:43:06','3f809d98-1633-476f-8ebe-0baf1594385b'),(232,232,1,'freundesbrief','fuer-sie/freundesbrief',1,'2018-08-04 07:56:33','2018-08-04 08:37:09','763f79a9-e3d6-4298-8451-d97f726bce46'),(233,233,1,'als-multiplikator-chancen-geben','fuer-sie/als-multiplikator-chancen-geben',1,'2018-08-04 08:12:26','2018-08-04 08:37:07','a617117e-1e77-4be5-859a-137daad1556a'),(234,234,1,'fuelleintrag','fuer-sie/fuelleintrag',1,'2018-08-04 08:13:54','2018-08-04 08:27:20','b51d6fdf-d68c-4f9e-8ccf-d7d4f24f20b8'),(235,235,1,'praktisch-chancen-geben','fuer-sie/praktisch-chancen-geben',1,'2018-08-04 08:16:45','2018-08-04 08:27:22','fd47c14b-9eb8-4253-8d95-7a0c37459b4a'),(236,236,1,'als-spender-chancen-geben','fuer-sie/als-spender-chancen-geben',1,'2018-08-04 08:18:36','2018-08-04 08:27:22','0ecfeff4-31c9-413a-995b-154f9e6cd289');
/*!40000 ALTER TABLE `elements_sites` ENABLE KEYS */;
UNLOCK TABLES;

--
-- Table structure for table `entries`
--

DROP TABLE IF EXISTS `entries`;
/*!40101 SET @saved_cs_client     = @@character_set_client */;
/*!40101 SET character_set_client = utf8 */;
CREATE TABLE `entries` (
  `id` int(11) NOT NULL,
  `sectionId` int(11) NOT NULL,
  `typeId` int(11) NOT NULL,
  `authorId` int(11) DEFAULT NULL,
  `postDate` datetime DEFAULT NULL,
  `expiryDate` datetime DEFAULT NULL,
  `dateCreated` datetime NOT NULL,
  `dateUpdated` datetime NOT NULL,
  `uid` char(36) NOT NULL DEFAULT '0',
  PRIMARY KEY (`id`),
  KEY `entries_postDate_idx` (`postDate`),
  KEY `entries_expiryDate_idx` (`expiryDate`),
  KEY `entries_authorId_idx` (`authorId`),
  KEY `entries_sectionId_idx` (`sectionId`),
  KEY `entries_typeId_idx` (`typeId`),
  CONSTRAINT `entries_authorId_fk` FOREIGN KEY (`authorId`) REFERENCES `users` (`id`) ON DELETE CASCADE,
  CONSTRAINT `entries_id_fk` FOREIGN KEY (`id`) REFERENCES `elements` (`id`) ON DELETE CASCADE,
  CONSTRAINT `entries_sectionId_fk` FOREIGN KEY (`sectionId`) REFERENCES `sections` (`id`) ON DELETE CASCADE,
  CONSTRAINT `entries_typeId_fk` FOREIGN KEY (`typeId`) REFERENCES `entrytypes` (`id`) ON DELETE CASCADE
) ENGINE=InnoDB DEFAULT CHARSET=utf8;
/*!40101 SET character_set_client = @saved_cs_client */;

--
-- Dumping data for table `entries`
--

LOCK TABLES `entries` WRITE;
/*!40000 ALTER TABLE `entries` DISABLE KEYS */;
INSERT INTO `entries` VALUES (38,8,8,1,'2018-07-29 17:11:00',NULL,'2018-07-29 17:11:07','2018-07-30 09:49:39','408aadd2-dce6-4805-a003-5530e99b347c'),(39,8,8,1,'2018-07-29 17:37:00',NULL,'2018-07-29 17:37:53','2018-07-30 10:34:40','1b98075d-8972-465c-98c3-c4563122ba3b'),(40,8,8,1,'2018-07-29 17:38:00',NULL,'2018-07-29 17:38:16','2018-07-30 10:37:06','38e7beb1-2a3b-475e-84bd-be1f4c1c29f2'),(41,8,8,1,'2018-07-29 17:39:00',NULL,'2018-07-29 17:39:49','2018-07-30 09:49:40','d52c1436-a331-43bd-93e5-0010abd242c3'),(42,8,8,1,'2018-07-29 17:41:00',NULL,'2018-07-29 17:41:28','2018-07-30 09:49:40','0842261d-651e-4edc-ba94-8f9b2dbaef2a'),(43,8,8,1,'2018-07-29 18:21:00',NULL,'2018-07-29 18:21:51','2018-07-30 09:49:40','b7c8c4df-31ba-45c4-a1ca-4c9721a9b939'),(44,8,8,1,'2018-07-29 18:22:00',NULL,'2018-07-29 18:22:58','2018-07-30 11:13:57','6234ed97-fbae-4aef-8be6-f567204be753'),(45,8,8,1,'2018-07-29 18:23:00',NULL,'2018-07-29 18:23:40','2018-07-30 10:38:29','bc0301fe-0a01-46ae-97e5-daa924f31723'),(46,8,8,1,'2018-07-29 18:25:00',NULL,'2018-07-29 18:25:20','2018-07-30 10:40:51','3309a7ed-a7a0-46f3-a240-562d21bcb5a8'),(47,8,8,1,'2018-07-29 18:26:00',NULL,'2018-07-29 18:26:32','2018-07-30 10:33:06','b8a30d72-2231-4932-b577-1a0e0a74c7de'),(48,8,8,1,'2018-07-30 07:55:00',NULL,'2018-07-30 07:55:50','2018-07-30 11:00:12','b0d1bad6-6465-40a2-a668-0d706800678e'),(49,8,8,1,'2018-07-30 11:13:00',NULL,'2018-07-30 11:13:50','2018-07-30 15:19:09','6a282c4b-44d9-429b-ba73-446d7333ad48'),(50,8,8,1,'2018-07-30 11:17:00',NULL,'2018-07-30 11:17:47','2018-07-30 11:17:47','97098f8d-27b4-4fdf-9533-248acd141e2a'),(51,8,8,1,'2018-07-30 11:24:00',NULL,'2018-07-30 11:24:11','2018-07-30 11:52:04','b36db643-31d3-41b2-a66e-b28616e25932'),(52,8,8,1,'2018-07-30 11:39:00',NULL,'2018-07-30 11:39:04','2018-07-30 11:54:13','00638875-30d8-41bc-b48b-c951537ef750'),(53,8,8,1,'2018-07-30 11:39:00',NULL,'2018-07-30 11:39:55','2018-07-30 11:53:23','e01fb18f-8773-4193-8efc-fc8e0dd099b4'),(54,8,8,1,'2018-07-30 11:40:00',NULL,'2018-07-30 11:40:42','2018-07-30 11:53:55','4071171c-b1e0-429d-b357-80375a80590d'),(55,8,8,1,'2018-07-30 12:12:00',NULL,'2018-07-30 12:12:02','2018-07-30 12:12:21','1829bfb3-6c6c-4366-888b-033c4749b59e'),(56,8,8,1,'2018-07-30 12:14:00',NULL,'2018-07-30 12:14:49','2018-07-30 14:59:33','0ae1714c-cb40-4b2b-b01c-0ea599db37ea'),(57,8,8,1,'2018-07-30 12:16:00',NULL,'2018-07-30 12:16:00','2018-07-30 12:16:00','3eac3f80-bcc6-40e4-ac82-ca5a70d14f8b'),(58,8,8,1,'2018-07-30 12:16:00',NULL,'2018-07-30 12:16:28','2018-07-30 12:16:28','25d58d5d-3bfa-4b07-9c48-8a791ef92e37'),(59,8,8,1,'2018-07-30 12:17:00',NULL,'2018-07-30 12:17:02','2018-07-30 12:17:02','1e678c10-28e3-4aa4-873f-1e4254f8b2fc'),(60,8,8,1,'2018-07-30 12:17:00',NULL,'2018-07-30 12:17:55','2018-07-30 12:17:55','2730a0a7-a6c4-4df1-9ebb-b9171229736c'),(61,8,8,1,'2018-07-30 15:10:00',NULL,'2018-07-30 15:10:39','2018-07-30 15:10:59','164888af-1e2e-44c7-b3e5-e65b5ae26039'),(62,8,8,1,'2018-07-30 15:13:00',NULL,'2018-07-30 15:13:55','2018-07-30 15:14:54','e4470c52-083d-4cb8-ac81-6175cd809490'),(63,8,8,1,'2018-07-30 15:16:00',NULL,'2018-07-30 15:16:49','2018-07-30 15:16:49','969f2a0b-ad2a-4e54-bd0c-8bf165adf927'),(64,8,8,1,'2018-07-30 15:18:00',NULL,'2018-07-30 15:18:52','2018-07-30 15:18:52','35488924-999f-4975-8d3b-d2bc841cd4eb'),(65,8,8,1,'2018-07-30 15:21:00',NULL,'2018-07-30 15:21:59','2018-07-30 15:21:59','27e5b7db-e907-4191-b9a6-31d332bc6ff0'),(66,8,8,1,'2018-07-30 15:23:00',NULL,'2018-07-30 15:23:05','2018-07-30 15:23:05','7a061b89-5efc-4b5b-98d7-ac3fc0a938eb'),(67,8,8,1,'2018-07-30 15:24:00',NULL,'2018-07-30 15:24:21','2018-07-30 15:24:21','d3765cf5-7cf7-445a-a6f0-bccd3c1e2000'),(68,8,8,1,'2018-07-31 08:55:00',NULL,'2018-07-31 08:55:44','2018-07-31 08:55:44','bff2ba33-b705-4229-829a-8e58702722c7'),(69,8,8,1,'2018-07-31 08:56:00',NULL,'2018-07-31 08:56:39','2018-07-31 08:56:39','7fb943ff-f9a7-4482-a47a-2424e78b8cf5'),(70,8,8,1,'2018-07-31 08:57:00',NULL,'2018-07-31 08:57:36','2018-07-31 08:57:36','3869ad61-3ee1-4ce3-99eb-cf037e8d49d8'),(71,8,8,1,'2018-07-31 08:58:00',NULL,'2018-07-31 08:58:06','2018-07-31 08:58:06','06c45e69-bd43-4594-91cf-9e81095bfbfb'),(72,8,8,1,'2018-07-31 08:59:00',NULL,'2018-07-31 08:59:01','2018-07-31 08:59:01','307797b8-fec8-4d1e-a0cd-eef4c604a76c'),(73,8,8,1,'2018-07-31 08:59:00',NULL,'2018-07-31 08:59:39','2018-07-31 08:59:39','97988b03-cea9-4a17-8924-4440d7e832f4'),(74,8,8,1,'2018-07-31 09:00:00',NULL,'2018-07-31 09:00:13','2018-07-31 09:00:13','126e9398-19d8-415b-a6e7-fa9068170404'),(75,8,8,1,'2018-07-31 09:00:00',NULL,'2018-07-31 09:00:53','2018-07-31 09:00:53','bec73935-f234-4404-8b8c-c4283f344fea'),(76,8,8,1,'2018-07-31 09:01:00',NULL,'2018-07-31 09:01:27','2018-07-31 09:01:27','d61a64c0-f35e-4fe4-ad5b-a7a83e439bdb'),(77,8,8,1,'2018-07-31 09:02:00',NULL,'2018-07-31 09:02:04','2018-07-31 09:02:04','e6e61bff-bdaf-48e3-88a0-84cabe05a307'),(78,9,9,1,'2018-07-31 09:38:00',NULL,'2018-07-31 09:38:03','2018-08-03 10:44:03','0696ad70-8048-4f7e-b59e-6e562c16bb16'),(79,9,9,1,'2018-07-31 09:38:00',NULL,'2018-07-31 09:38:40','2018-08-03 10:44:03','f96f28a5-37f6-4fe4-8f59-b8e80e07f3f9'),(80,9,9,1,'2018-07-31 09:39:00',NULL,'2018-07-31 09:39:05','2018-08-03 10:44:03','02fe7ecc-fba4-4416-b08e-4ac5fb6f28dd'),(81,9,9,1,'2018-07-31 09:39:00',NULL,'2018-07-31 09:39:27','2018-08-03 10:44:03','9ee80b3d-717d-4e9b-8a3c-717f97778d0d'),(82,9,9,1,'2018-07-31 09:39:00',NULL,'2018-07-31 09:39:52','2018-08-03 10:55:33','715f9909-bbcb-457c-9abf-cd2b2cec1ab4'),(83,9,9,1,'2018-07-31 11:10:00',NULL,'2018-07-31 11:10:58','2018-08-03 10:44:03','7ef94c9d-2354-4361-948d-cf39a23eb482'),(84,9,9,1,'2018-07-31 11:11:00',NULL,'2018-07-31 11:11:42','2018-08-03 10:44:04','5e1f5220-a640-4faa-898d-09bb6b5e0794'),(85,9,9,1,'2018-07-31 11:16:00',NULL,'2018-07-31 11:16:00','2018-08-03 10:44:04','360d0656-1bab-4e01-bc82-b767d21c2d7d'),(86,9,9,1,'2018-07-31 11:16:00',NULL,'2018-07-31 11:16:58','2018-08-03 10:44:04','0a5a96d8-1bc1-4212-a909-561f220dbed8'),(87,9,9,1,'2018-07-31 11:17:00',NULL,'2018-07-31 11:17:41','2018-08-03 10:44:04','55d9282e-b9b3-4b8c-8fca-86ad1c89e712'),(88,9,9,1,'2018-07-31 11:18:00',NULL,'2018-07-31 11:18:49','2018-08-03 10:44:04','176b7ca1-5c4e-4712-9fb2-4007870f3167'),(89,9,9,1,'2018-07-31 11:19:00',NULL,'2018-07-31 11:19:35','2018-08-03 10:44:04','0015a753-11b0-42bf-b310-ad5e4a63bcf0'),(90,9,9,1,'2018-07-31 11:19:00',NULL,'2018-07-31 11:19:57','2018-08-03 10:44:04','d1d1ae4e-9f33-4b4c-b80e-519b058149bf'),(91,9,9,1,'2018-07-31 11:20:00',NULL,'2018-07-31 11:20:30','2018-08-03 10:44:04','1c3edef7-5a1f-4639-a4d0-230f8dbaad84'),(92,9,9,1,'2018-07-31 11:36:00',NULL,'2018-07-31 11:36:26','2018-08-03 10:44:04','7c648eaa-3ad6-4fdb-adad-93808452f64e'),(93,9,9,1,'2018-07-31 11:37:00',NULL,'2018-07-31 11:37:02','2018-08-03 10:44:04','a666f592-d1cf-4af3-82c7-237d37262245'),(94,9,9,1,'2018-07-31 11:37:00',NULL,'2018-07-31 11:37:32','2018-08-03 10:44:04','1ee0a3f3-3efa-4801-be81-3c7f2491f23f'),(95,9,9,1,'2018-07-31 11:44:00',NULL,'2018-07-31 11:44:04','2018-08-03 10:44:04','375505b8-209f-4da7-b77e-16aa97a35c4d'),(96,9,9,1,'2018-07-31 11:46:00',NULL,'2018-07-31 11:46:25','2018-08-03 10:44:04','12e1d551-fe26-42c5-beb5-1b91e7224ebb'),(97,9,9,1,'2018-07-31 11:46:00',NULL,'2018-07-31 11:46:49','2018-08-03 10:44:05','33058ef8-fe84-4205-986d-fe3c4867981d'),(98,9,9,1,'2018-07-31 11:47:00',NULL,'2018-07-31 11:47:36','2018-08-03 10:44:05','7618f440-eea4-41ba-bf85-664a9ffa7a28'),(99,9,9,1,'2018-07-31 11:47:00',NULL,'2018-07-31 11:47:55','2018-08-03 10:44:05','c4eedc55-0c54-44d1-a6c5-adef23a43039'),(100,9,9,1,'2018-07-31 11:48:00',NULL,'2018-07-31 11:48:29','2018-08-03 10:44:05','428641b2-ff1a-44a5-9d77-4b9fd968acfd'),(101,9,9,1,'2018-07-31 11:48:00',NULL,'2018-07-31 11:48:36','2018-08-03 10:44:05','69afa024-9cd0-4263-8d02-ab6278a7387b'),(102,9,9,1,'2018-07-31 11:48:00',NULL,'2018-07-31 11:48:43','2018-08-03 10:44:05','754405a5-e838-4069-b34b-bd24910632cb'),(103,9,9,1,'2018-07-31 11:48:00',NULL,'2018-07-31 11:49:08','2018-08-03 10:44:05','475c59f0-ce8b-4b9f-81cb-420b816a325b'),(104,9,9,1,'2018-07-31 11:50:00',NULL,'2018-07-31 11:50:32','2018-08-03 10:44:05','53957453-1fd9-4c86-9154-861dd81c6782'),(105,9,9,1,'2018-07-31 11:52:00',NULL,'2018-07-31 11:52:28','2018-08-03 10:44:05','efcc17f6-ba0f-4cd3-a1d0-da9006c734a1'),(106,9,9,1,'2018-08-01 09:27:00',NULL,'2018-08-01 09:27:10','2018-08-03 10:44:05','07ce2ecc-5417-4853-bad2-22fe8a392ace'),(107,9,9,1,'2018-08-01 09:27:00',NULL,'2018-08-01 09:27:47','2018-08-03 10:44:06','17ab9457-8ae5-4efd-93a4-36598b3065fa'),(108,9,9,1,'2018-08-01 09:29:00',NULL,'2018-08-01 09:29:17','2018-08-03 10:44:06','3d6c7fa5-a500-4b35-a720-c0fa62a403da'),(109,9,9,1,'2018-08-01 09:30:00',NULL,'2018-08-01 09:30:03','2018-08-03 10:44:06','90771fa6-ebc6-4304-adf0-ffccdf1e3acb'),(110,9,9,1,'2018-08-01 09:32:00',NULL,'2018-08-01 09:32:39','2018-08-03 10:44:06','719a3b2d-5819-47d4-aa68-d8b049e60e07'),(111,9,9,1,'2018-08-01 10:48:00',NULL,'2018-08-01 10:48:23','2018-08-03 10:44:06','0b1ff024-692d-4f22-84bd-f75daa27b924'),(112,9,9,1,'2018-08-01 10:48:00',NULL,'2018-08-01 10:48:48','2018-08-03 10:44:06','4366bdf5-bdd9-4924-8dd2-2a00a98f5fc0'),(113,9,9,1,'2018-08-01 10:49:00',NULL,'2018-08-01 10:49:14','2018-08-03 10:44:06','c124688f-c777-4d80-9ad9-19b9ef7534b7'),(114,9,9,1,'2018-08-01 10:49:00',NULL,'2018-08-01 10:49:21','2018-08-03 10:44:06','015b2fcd-612d-4e59-a437-3fb0776e9851'),(115,9,9,1,'2018-08-01 10:49:00',NULL,'2018-08-01 10:49:31','2018-08-03 10:44:06','2598a4b9-dbcb-4b86-94fa-0fcebd5838d0'),(116,9,9,1,'2018-08-01 10:49:00',NULL,'2018-08-01 10:49:37','2018-08-03 10:44:06','25cedf72-bff8-4b3e-8551-d6eac576d701'),(117,9,9,1,'2018-08-01 10:49:00',NULL,'2018-08-01 10:49:43','2018-08-03 10:44:06','a0713cc1-8da2-4c6c-a930-1efea07c09c4'),(118,9,9,1,'2018-08-01 10:49:00',NULL,'2018-08-01 10:49:48','2018-08-03 10:44:06','2fd3d2c3-80ec-41b0-a22f-6df05d569d31'),(119,9,9,1,'2018-08-01 10:49:00',NULL,'2018-08-01 10:49:52','2018-08-03 10:44:06','1565741a-e5fd-4a47-acb2-5c0c835f360d'),(120,9,9,1,'2018-08-01 10:49:00',NULL,'2018-08-01 10:49:58','2018-08-03 10:44:06','e32ff606-a5c3-4d61-8f2d-ce0884f87b11'),(121,9,9,1,'2018-08-01 10:50:00',NULL,'2018-08-01 10:50:03','2018-08-03 10:44:07','b41dfe56-cb30-4e50-b1b2-cce61f4c2b5c'),(122,9,9,1,'2018-08-01 10:50:00',NULL,'2018-08-01 10:50:11','2018-08-03 10:44:07','b3f23844-286b-4308-8315-6d8bfc3cb24b'),(123,9,9,1,'2018-08-01 10:50:00',NULL,'2018-08-01 10:50:20','2018-08-03 10:44:07','2f1d27f2-6e6f-4a79-a0f9-1a9b5d59db52'),(124,9,9,1,'2018-08-01 10:50:00',NULL,'2018-08-01 10:50:26','2018-08-03 10:44:07','63813df7-789c-4464-a51d-7c82dd3862b8'),(125,9,9,1,'2018-08-01 10:50:00',NULL,'2018-08-01 10:50:32','2018-08-03 10:44:07','d3bb0720-35b9-41e8-a0b2-ba5e4ecb9078'),(126,9,9,1,'2018-08-01 10:50:00',NULL,'2018-08-01 10:50:38','2018-08-03 10:44:07','18d254cd-5ffd-4296-84b7-72215bb4ec1b'),(127,9,9,1,'2018-08-01 11:04:00',NULL,'2018-08-01 11:04:34','2018-08-03 10:44:07','78bbdae0-92cb-4960-a526-b3a1a72ff59d'),(128,9,9,1,'2018-08-01 11:07:00',NULL,'2018-08-01 11:07:08','2018-08-03 10:44:07','5dfba88c-d10a-4583-a7c4-dfb5b67ae055'),(129,9,9,1,'2018-08-01 11:08:00',NULL,'2018-08-01 11:08:41','2018-08-03 10:44:07','a331097f-9c32-4605-b0bb-ae3fb3ebcc57'),(130,9,9,1,'2018-08-01 11:09:00',NULL,'2018-08-01 11:09:37','2018-08-03 10:44:07','5e1c579e-17ff-4632-8140-855ad3b4ee06'),(131,9,9,1,'2018-08-01 11:10:00',NULL,'2018-08-01 11:10:28','2018-08-03 10:44:07','99816eef-cdc5-482b-a8a5-80779d4fba5b'),(132,9,9,1,'2018-08-01 11:15:00',NULL,'2018-08-01 11:15:45','2018-08-03 10:44:08','2587590f-b0f3-417e-8986-8e6e44cc9290'),(133,9,9,1,'2018-08-01 11:24:00',NULL,'2018-08-01 11:24:55','2018-08-03 10:44:08','0e42f7b9-e898-4b57-a66e-daf30dc0518c'),(134,9,9,1,'2018-08-01 11:25:00',NULL,'2018-08-01 11:25:45','2018-08-03 10:44:08','6d69eef9-3d2e-4152-987c-bbd58a3ac55d'),(135,9,9,1,'2018-08-01 12:57:00',NULL,'2018-08-01 12:57:26','2018-08-03 10:44:08','08377816-4731-4190-ba81-9886a9937bee'),(136,9,9,1,'2018-08-01 12:59:00',NULL,'2018-08-01 12:59:00','2018-08-03 10:44:08','fc2fda2d-2bc2-41fe-b2d1-564ae05009f6'),(137,9,9,1,'2018-08-01 13:09:00',NULL,'2018-08-01 13:09:34','2018-08-03 10:44:08','92bf7c79-b262-436e-adf6-433ef184f31b'),(138,9,9,1,'2018-08-01 13:10:00',NULL,'2018-08-01 13:10:02','2018-08-03 10:44:08','58b3b357-f4ac-433c-bb5a-2ec0abe3d5f4'),(139,9,9,1,'2018-08-01 13:10:00',NULL,'2018-08-01 13:10:08','2018-08-03 10:44:08','7d1f70a2-f21d-4579-8215-9ddc1d59ddaa'),(140,9,9,1,'2018-08-01 13:10:00',NULL,'2018-08-01 13:10:25','2018-08-03 10:44:08','59687f66-eaff-4048-9f39-9dd02b72c353'),(141,9,9,1,'2018-08-01 13:10:00',NULL,'2018-08-01 13:10:34','2018-08-03 10:44:08','eb790f6b-31de-4738-82de-76eda8133e4e'),(142,9,9,1,'2018-08-01 13:10:00',NULL,'2018-08-01 13:10:39','2018-08-03 10:44:08','3aaa3f3a-3a76-4625-8ec8-cefe72634f16'),(143,9,9,1,'2018-08-01 13:10:00',NULL,'2018-08-01 13:10:44','2018-08-03 10:44:08','abc577ed-3209-45cd-8e35-43a275958ae3'),(144,9,9,1,'2018-08-01 13:10:00',NULL,'2018-08-01 13:10:49','2018-08-03 10:44:08','0a3c0882-e532-47b5-ab7f-8e094f74fde6'),(145,9,9,1,'2018-08-01 13:10:00',NULL,'2018-08-01 13:10:57','2018-08-03 10:44:08','345c7f01-c6f5-44f1-aab6-f66aea45a3d7'),(146,9,9,1,'2018-08-01 13:31:00',NULL,'2018-08-01 13:31:50','2018-08-03 10:44:09','945e8baf-397c-45ac-b921-af34db89a89e'),(147,9,9,1,'2018-08-01 13:33:00',NULL,'2018-08-01 13:33:12','2018-08-03 10:44:09','0db6b79b-483e-4761-8ddd-39282ac897dd'),(148,9,9,1,'2018-08-01 13:33:00',NULL,'2018-08-01 13:33:55','2018-08-03 10:44:09','464b9e65-2bc4-40f6-805c-a4a9303a4406'),(149,9,9,1,'2018-08-01 13:34:00',NULL,'2018-08-01 13:34:36','2018-08-03 10:44:09','a82faafa-cbca-4b15-adc7-8550fe6e0c99'),(150,9,9,1,'2018-08-01 13:49:00',NULL,'2018-08-01 13:49:22','2018-08-03 10:44:09','21abf1ac-061b-423b-9b03-1aa34b8cc42b'),(151,9,9,1,'2018-08-01 13:59:00',NULL,'2018-08-01 13:59:08','2018-08-03 10:44:09','773f1105-203a-4fc1-98c3-4a32370b43c2'),(152,9,9,1,'2018-08-01 14:14:00',NULL,'2018-08-01 14:14:04','2018-08-03 10:44:09','6b14028b-56d7-4908-a449-d3f7a24020bf'),(153,9,9,1,'2018-08-01 14:15:00',NULL,'2018-08-01 14:15:23','2018-08-03 10:44:09','d345d3fa-1d68-469e-9609-00834017b648'),(154,9,9,1,'2018-08-01 14:16:00',NULL,'2018-08-01 14:16:03','2018-08-03 10:44:09','093cce22-ac62-4790-8e8e-d3e200c234bb'),(155,9,9,1,'2018-08-01 14:16:00',NULL,'2018-08-01 14:16:23','2018-08-03 10:44:09','9ac25780-06d7-4fdd-9d1b-d3912e776d7a'),(156,9,9,1,'2018-08-01 14:16:00',NULL,'2018-08-01 14:16:45','2018-08-03 10:44:10','56add424-335e-4894-b7c9-0e24f15a7336'),(157,9,9,1,'2018-08-01 21:57:00',NULL,'2018-08-01 21:57:35','2018-08-03 10:44:10','6e4e783c-56f2-4b51-9b18-eea9fef25f8c'),(158,9,9,1,'2018-08-01 21:57:00',NULL,'2018-08-01 21:57:45','2018-08-03 10:44:10','a1c03dce-29c8-40bc-9cc4-7982a4a316a1'),(159,9,9,1,'2018-08-01 21:57:00',NULL,'2018-08-01 21:57:53','2018-08-03 10:44:10','267755d1-fe6c-469e-a623-acc5e97f213b'),(160,9,9,1,'2018-08-01 21:59:00',NULL,'2018-08-01 21:59:18','2018-08-03 10:44:10','35c03d69-1eb9-4d19-b967-ef07a0541ca7'),(161,9,9,1,'2018-08-01 22:08:00',NULL,'2018-08-01 22:08:00','2018-08-03 10:44:10','b93766e7-3f80-41ae-adf7-d584ed8a3437'),(164,9,9,1,'2018-08-02 09:52:00',NULL,'2018-08-02 09:52:04','2018-08-03 10:44:10','0bedb686-c48b-4cc1-83d9-7082bcfa4b86'),(165,9,9,1,'2018-08-02 09:52:00',NULL,'2018-08-02 09:52:19','2018-08-03 10:44:10','45457e6e-a166-4611-80f3-73364e52d39c'),(166,9,9,1,'2018-08-02 09:53:00',NULL,'2018-08-02 09:53:04','2018-08-03 10:44:10','288a4895-148b-4b63-8dc0-3919284cbb67'),(167,9,9,1,'2018-08-02 09:53:00',NULL,'2018-08-02 09:53:14','2018-08-03 10:44:10','79c384b0-6edc-4da9-992c-9338d4464a54'),(168,9,9,1,'2018-08-02 09:57:00',NULL,'2018-08-02 09:57:27','2018-08-03 10:44:11','351a61a4-463d-4509-9400-f0f4f89e6671'),(169,9,9,1,'2018-08-02 10:00:00',NULL,'2018-08-02 10:00:22','2018-08-03 10:44:11','801f28e5-1359-44b1-8ddb-c73dab02a700'),(170,9,9,1,'2018-08-02 10:00:00',NULL,'2018-08-02 10:00:37','2018-08-03 10:44:11','5caccd5c-b3e2-4983-ac09-65eb78449b4f'),(171,9,9,1,'2018-08-02 10:00:00',NULL,'2018-08-02 10:00:57','2018-08-03 10:44:11','4d7b9246-adbd-4f63-b0ae-3c36c2f07d98'),(172,9,9,1,'2018-08-02 10:01:00',NULL,'2018-08-02 10:01:04','2018-08-03 10:44:11','5c9a51ef-3af6-4600-ae43-631b840cadc3'),(173,9,9,1,'2018-08-02 10:06:00',NULL,'2018-08-02 10:06:19','2018-08-03 10:44:11','27d4a939-a523-41f1-a726-c4b771dc7fc7'),(174,9,9,1,'2018-08-03 08:47:00',NULL,'2018-08-03 08:47:29','2018-08-03 10:44:11','d4d98626-fcdb-4413-bda7-d6609763d2e8'),(175,9,9,1,'2018-08-03 08:49:00',NULL,'2018-08-03 08:49:14','2018-08-03 10:44:11','a215cb37-b5f7-44d1-893b-a90e1cb830d3'),(176,9,9,1,'2018-08-03 08:49:00',NULL,'2018-08-03 08:49:39','2018-08-03 10:44:11','5df79c82-9759-43ce-ae9e-2bfdbb94e2c6'),(177,9,9,1,'2018-08-03 08:49:00',NULL,'2018-08-03 08:49:49','2018-08-03 10:44:11','43e25c5a-b1f2-462c-b856-5dfcd19e5ca5'),(178,9,9,1,'2018-08-03 09:05:00',NULL,'2018-08-03 09:05:43','2018-08-03 10:44:11','e9adf4cf-38df-49a3-9a1a-3de68c3d15d3'),(179,9,9,1,'2018-08-03 09:06:00',NULL,'2018-08-03 09:06:55','2018-08-03 10:44:11','9b43fb94-3dab-4257-90dd-4ea0373aaae9'),(180,9,9,1,'2018-08-03 09:07:00',NULL,'2018-08-03 09:07:54','2018-08-03 10:44:12','7baea563-9fdc-4ce6-86b9-b1c132dccce8'),(181,9,9,1,'2018-08-03 09:08:00',NULL,'2018-08-03 09:08:11','2018-08-03 10:44:12','839874a5-23b7-47d0-8fc0-98c714c8a4d0'),(182,9,9,1,'2018-08-03 09:08:00',NULL,'2018-08-03 09:08:24','2018-08-03 10:44:12','ed03f8a3-10bb-4da1-a16f-3887abea394d'),(183,9,9,1,'2018-08-03 09:11:00',NULL,'2018-08-03 09:11:46','2018-08-03 10:44:12','a38d7ae9-eda2-4eb8-9c04-d62381ba5c22'),(184,9,9,1,'2018-08-03 09:12:00',NULL,'2018-08-03 09:12:23','2018-08-03 10:44:12','ab43a446-efe4-4cd0-8d27-8bcc60b94b88'),(185,9,9,1,'2018-08-03 09:12:00',NULL,'2018-08-03 09:12:40','2018-08-03 10:44:12','b121f54b-554e-42d4-a24a-8c80ed06cb6c'),(186,9,9,1,'2018-08-03 09:13:00',NULL,'2018-08-03 09:13:06','2018-08-03 10:44:12','cdb2516c-3747-4c21-81b0-06932e5fcfff'),(187,9,9,1,'2018-08-03 09:13:00',NULL,'2018-08-03 09:13:13','2018-08-03 10:44:12','fb80e074-b89a-468f-bba2-6faeba68e121'),(196,9,9,1,'2018-08-03 09:54:00',NULL,'2018-08-03 09:54:27','2018-08-03 10:44:12','acfd0c30-984b-4f71-9934-bc2bcc6109d2'),(197,9,9,1,'2018-08-03 09:55:00',NULL,'2018-08-03 09:55:31','2018-08-03 10:50:37','958a514b-83d6-4169-9c2c-0a92591766bb'),(198,9,9,1,'2018-08-03 09:56:00',NULL,'2018-08-03 09:56:24','2018-08-03 10:44:13','95438bc2-0817-4ada-8173-e5e41ae12468'),(199,9,9,1,'2018-08-03 09:57:00',NULL,'2018-08-03 09:57:03','2018-08-03 10:44:13','e9bee606-6f86-4b04-a4f6-dd6c9f4724c5'),(200,9,9,1,'2018-08-03 09:58:00',NULL,'2018-08-03 09:58:09','2018-08-03 10:44:13','df1f058d-0c9d-4fe9-b717-47994e8b5c36'),(201,9,9,1,'2018-08-03 09:58:00',NULL,'2018-08-03 09:58:39','2018-08-03 10:44:13','c2c81a9c-ff10-48d2-9aca-2d7bf4281678'),(202,9,9,1,'2018-08-03 09:59:00',NULL,'2018-08-03 09:59:26','2018-08-03 10:44:13','99e4ffea-c846-45f4-b8af-3087ecc03220'),(203,9,9,1,'2018-08-03 10:00:00',NULL,'2018-08-03 10:00:01','2018-08-03 10:44:13','d768aded-0947-494d-813d-093f610504ef'),(204,9,9,1,'2018-08-03 10:00:00',NULL,'2018-08-03 10:00:37','2018-08-03 10:44:13','f9e82a2d-e7b0-49e0-951b-5a4f41275a5e'),(205,9,9,1,'2018-08-03 10:01:00',NULL,'2018-08-03 10:01:10','2018-08-03 10:44:13','9ee8a6eb-750f-4df5-9b9e-88e1647da3ce'),(206,9,9,1,'2018-08-03 10:01:00',NULL,'2018-08-03 10:01:50','2018-08-03 10:44:13','3ca08d23-b5de-448e-a1f3-7eb128c5a0b9'),(207,9,9,1,'2018-08-03 10:02:00',NULL,'2018-08-03 10:02:31','2018-08-03 10:44:13','a8df0bee-93ab-4fa4-b3de-a2fcc39bb153'),(208,9,9,1,'2018-08-03 10:21:00',NULL,'2018-08-03 10:21:54','2018-08-03 10:44:13','c33c86db-c9eb-4cda-89fb-554e59730196'),(209,9,9,1,'2018-08-03 10:56:00',NULL,'2018-08-03 10:56:01','2018-08-03 11:01:27','1b980bfe-6bc0-44a9-b269-fe7301ff3ba0'),(210,9,9,1,'2018-08-03 11:02:00',NULL,'2018-08-03 11:02:05','2018-08-03 11:02:05','3afb1195-7006-450e-a54c-0be36fec19ec'),(211,9,9,1,'2018-08-03 11:02:00',NULL,'2018-08-03 11:02:23','2018-08-03 11:02:23','615d8d57-1303-4c9b-8921-f37a6bb8d265'),(212,9,9,1,'2018-08-03 11:02:00',NULL,'2018-08-03 11:02:44','2018-08-03 11:02:44','2f910627-5051-49ef-b37e-3a04d473c4cf'),(213,9,9,1,'2018-08-03 11:03:00',NULL,'2018-08-03 11:03:21','2018-08-03 11:03:21','52f71b37-853e-4870-a0b4-6d2bb8416b25'),(214,9,9,1,'2018-08-03 11:03:00',NULL,'2018-08-03 11:03:43','2018-08-03 11:03:43','ff1ac475-d1ed-4406-a1ed-f7a9ac23213f'),(215,9,9,1,'2018-08-03 11:04:00',NULL,'2018-08-03 11:04:02','2018-08-03 11:04:02','9480ea42-3848-46cd-aeb7-8731a47ef402'),(216,9,9,1,'2018-08-03 11:04:00',NULL,'2018-08-03 11:04:17','2018-08-03 11:04:17','5be3f7c1-cb03-4486-b031-b48c62e3b231'),(217,9,9,1,'2018-08-03 11:04:00',NULL,'2018-08-03 11:04:39','2018-08-03 11:07:55','4e1a5001-26ee-4673-b380-74b0bfdc5ede'),(218,9,9,1,'2018-08-03 11:04:00',NULL,'2018-08-03 11:04:52','2018-08-03 11:04:52','05c1080a-7caa-4979-beaa-fd45e3e2884d'),(219,9,9,1,'2018-08-03 11:05:00',NULL,'2018-08-03 11:05:08','2018-08-03 11:05:08','aaf61bde-0c28-4fcd-9292-0a99b23b230d'),(220,9,9,1,'2018-08-03 11:05:00',NULL,'2018-08-03 11:05:22','2018-08-03 11:05:22','53ad0ecb-e334-46d0-8e68-bb8b4a8d540e'),(221,9,9,1,'2018-08-03 11:05:00',NULL,'2018-08-03 11:05:41','2018-08-03 11:05:41','b81089e5-a646-4d69-ac88-69f248bc2d52'),(223,11,11,1,'2018-08-03 11:41:00',NULL,'2018-08-03 11:41:23','2018-08-03 11:49:34','a1117058-fed6-4e1d-a35a-acf569087f23'),(224,11,11,1,'2018-08-03 11:41:00',NULL,'2018-08-03 11:41:38','2018-08-03 11:41:38','2fad1921-5b3e-441a-9d8e-84184b1b0542'),(225,11,11,1,'2018-08-03 11:41:00',NULL,'2018-08-03 11:41:53','2018-08-03 11:41:53','05a1e0b8-57ac-4b5d-8f65-6f7871db1be7'),(226,11,11,1,'2018-08-03 11:42:00',NULL,'2018-08-03 11:42:11','2018-08-03 11:42:11','ac02b5cf-af1a-4189-a04c-2ed3b629cab1'),(227,11,11,1,'2018-08-03 11:42:00',NULL,'2018-08-03 11:42:25','2018-08-03 11:42:25','1a0bf771-73cf-4eaf-b526-79da5f19441f'),(228,11,11,1,'2018-08-03 11:42:00',NULL,'2018-08-03 11:42:43','2018-08-03 11:42:43','281d1b94-ce35-4352-ac7b-1c5a8eb576c1'),(229,11,11,1,'2018-08-03 11:43:00',NULL,'2018-08-03 11:43:04','2018-08-03 11:43:04','eb78af1c-2760-4b43-9525-b7ea32249cc6'),(232,11,11,1,'2018-08-04 07:56:00',NULL,'2018-08-04 07:56:33','2018-08-04 07:56:33','323b2b81-81f5-453a-8bcf-6acda888274c'),(233,11,11,1,'2018-08-04 08:12:00',NULL,'2018-08-04 08:12:27','2018-08-04 08:37:07','52ba8eeb-f24d-48e9-b6ec-16226e010af8'),(234,11,11,1,'2018-08-04 08:13:00',NULL,'2018-08-04 08:13:54','2018-08-04 08:27:20','d9a27f80-a886-4c2d-8512-8e5021b4d32c'),(235,11,11,1,'2018-08-04 08:16:00',NULL,'2018-08-04 08:16:45','2018-08-04 08:16:45','7ebcf251-e6ea-4fc1-99f2-cfefd0db729f'),(236,11,11,1,'2018-08-04 08:18:00',NULL,'2018-08-04 08:18:37','2018-08-04 08:18:37','5c4cd7d4-98a6-44a6-85d4-fb6501eaf868');
/*!40000 ALTER TABLE `entries` ENABLE KEYS */;
UNLOCK TABLES;

--
-- Table structure for table `entrydrafts`
--

DROP TABLE IF EXISTS `entrydrafts`;
/*!40101 SET @saved_cs_client     = @@character_set_client */;
/*!40101 SET character_set_client = utf8 */;
CREATE TABLE `entrydrafts` (
  `id` int(11) NOT NULL AUTO_INCREMENT,
  `entryId` int(11) NOT NULL,
  `sectionId` int(11) NOT NULL,
  `creatorId` int(11) NOT NULL,
  `siteId` int(11) NOT NULL,
  `name` varchar(255) NOT NULL,
  `notes` text,
  `data` mediumtext NOT NULL,
  `dateCreated` datetime NOT NULL,
  `dateUpdated` datetime NOT NULL,
  `uid` char(36) NOT NULL DEFAULT '0',
  PRIMARY KEY (`id`),
  KEY `entrydrafts_sectionId_idx` (`sectionId`),
  KEY `entrydrafts_entryId_siteId_idx` (`entryId`,`siteId`),
  KEY `entrydrafts_siteId_idx` (`siteId`),
  KEY `entrydrafts_creatorId_idx` (`creatorId`),
  CONSTRAINT `entrydrafts_creatorId_fk` FOREIGN KEY (`creatorId`) REFERENCES `users` (`id`) ON DELETE CASCADE,
  CONSTRAINT `entrydrafts_entryId_fk` FOREIGN KEY (`entryId`) REFERENCES `entries` (`id`) ON DELETE CASCADE,
  CONSTRAINT `entrydrafts_sectionId_fk` FOREIGN KEY (`sectionId`) REFERENCES `sections` (`id`) ON DELETE CASCADE,
  CONSTRAINT `entrydrafts_siteId_fk` FOREIGN KEY (`siteId`) REFERENCES `sites` (`id`) ON DELETE CASCADE ON UPDATE CASCADE
) ENGINE=InnoDB DEFAULT CHARSET=utf8;
/*!40101 SET character_set_client = @saved_cs_client */;

--
-- Dumping data for table `entrydrafts`
--

LOCK TABLES `entrydrafts` WRITE;
/*!40000 ALTER TABLE `entrydrafts` DISABLE KEYS */;
/*!40000 ALTER TABLE `entrydrafts` ENABLE KEYS */;
UNLOCK TABLES;

--
-- Table structure for table `entrytypes`
--

DROP TABLE IF EXISTS `entrytypes`;
/*!40101 SET @saved_cs_client     = @@character_set_client */;
/*!40101 SET character_set_client = utf8 */;
CREATE TABLE `entrytypes` (
  `id` int(11) NOT NULL AUTO_INCREMENT,
  `sectionId` int(11) NOT NULL,
  `fieldLayoutId` int(11) DEFAULT NULL,
  `name` varchar(255) NOT NULL,
  `handle` varchar(255) NOT NULL,
  `hasTitleField` tinyint(1) NOT NULL DEFAULT '1',
  `titleLabel` varchar(255) DEFAULT 'Title',
  `titleFormat` varchar(255) DEFAULT NULL,
  `sortOrder` smallint(6) unsigned DEFAULT NULL,
  `dateCreated` datetime NOT NULL,
  `dateUpdated` datetime NOT NULL,
  `uid` char(36) NOT NULL DEFAULT '0',
  PRIMARY KEY (`id`),
  UNIQUE KEY `entrytypes_name_sectionId_unq_idx` (`name`,`sectionId`),
  UNIQUE KEY `entrytypes_handle_sectionId_unq_idx` (`handle`,`sectionId`),
  KEY `entrytypes_sectionId_idx` (`sectionId`),
  KEY `entrytypes_fieldLayoutId_idx` (`fieldLayoutId`),
  CONSTRAINT `entrytypes_fieldLayoutId_fk` FOREIGN KEY (`fieldLayoutId`) REFERENCES `fieldlayouts` (`id`) ON DELETE SET NULL,
  CONSTRAINT `entrytypes_sectionId_fk` FOREIGN KEY (`sectionId`) REFERENCES `sections` (`id`) ON DELETE CASCADE
) ENGINE=InnoDB AUTO_INCREMENT=14 DEFAULT CHARSET=utf8;
/*!40101 SET character_set_client = @saved_cs_client */;

--
-- Dumping data for table `entrytypes`
--

LOCK TABLES `entrytypes` WRITE;
/*!40000 ALTER TABLE `entrytypes` DISABLE KEYS */;
INSERT INTO `entrytypes` VALUES (7,7,8,'Home','home',1,'Titel',NULL,1,'2018-07-25 10:45:45','2018-07-25 10:45:45','1477ac84-2306-408d-95d6-ba8227ca5bae'),(8,8,9,'Über Uns','ueberUns',1,'Überschrift',NULL,1,'2018-07-25 10:45:54','2018-07-30 09:49:38','5c68e7f4-d4b6-469d-b6b1-0fd4240ad315'),(9,9,10,'Projekte','projekte',1,'Titel',NULL,1,'2018-07-25 10:46:05','2018-08-03 10:23:43','c57a3033-91c2-4283-8823-8bbeb3ddb2c4'),(10,10,11,'Spenden','spenden',1,'Titel',NULL,1,'2018-07-25 10:46:13','2018-07-25 10:46:13','d7423c46-cc0e-43f2-9f9f-dddd8d38b29c'),(11,11,12,'Für Sie','fuerSie',1,'Titel',NULL,1,'2018-07-25 10:46:22','2018-08-03 11:36:35','f2df5cb5-c511-4406-ad57-1111804647e3'),(12,12,13,'Blog','blog',1,'Titel',NULL,1,'2018-07-25 10:46:32','2018-07-25 10:46:32','f8b6e1a4-d784-49db-b0af-f4d90f727a32'),(13,13,14,'Kontakt','kontakt',1,'Titel',NULL,1,'2018-07-25 10:46:39','2018-07-25 10:46:39','a1ed8de8-9a3d-4eab-882f-e242e65f74e9');
/*!40000 ALTER TABLE `entrytypes` ENABLE KEYS */;
UNLOCK TABLES;

--
-- Table structure for table `entryversions`
--

DROP TABLE IF EXISTS `entryversions`;
/*!40101 SET @saved_cs_client     = @@character_set_client */;
/*!40101 SET character_set_client = utf8 */;
CREATE TABLE `entryversions` (
  `id` int(11) NOT NULL AUTO_INCREMENT,
  `entryId` int(11) NOT NULL,
  `sectionId` int(11) NOT NULL,
  `creatorId` int(11) DEFAULT NULL,
  `siteId` int(11) NOT NULL,
  `num` smallint(6) unsigned NOT NULL,
  `notes` text,
  `data` mediumtext NOT NULL,
  `dateCreated` datetime NOT NULL,
  `dateUpdated` datetime NOT NULL,
  `uid` char(36) NOT NULL DEFAULT '0',
  PRIMARY KEY (`id`),
  KEY `entryversions_sectionId_idx` (`sectionId`),
  KEY `entryversions_entryId_siteId_idx` (`entryId`,`siteId`),
  KEY `entryversions_siteId_idx` (`siteId`),
  KEY `entryversions_creatorId_idx` (`creatorId`),
  CONSTRAINT `entryversions_creatorId_fk` FOREIGN KEY (`creatorId`) REFERENCES `users` (`id`) ON DELETE SET NULL,
  CONSTRAINT `entryversions_entryId_fk` FOREIGN KEY (`entryId`) REFERENCES `entries` (`id`) ON DELETE CASCADE,
  CONSTRAINT `entryversions_sectionId_fk` FOREIGN KEY (`sectionId`) REFERENCES `sections` (`id`) ON DELETE CASCADE,
  CONSTRAINT `entryversions_siteId_fk` FOREIGN KEY (`siteId`) REFERENCES `sites` (`id`) ON DELETE CASCADE ON UPDATE CASCADE
) ENGINE=InnoDB AUTO_INCREMENT=304 DEFAULT CHARSET=utf8;
/*!40101 SET character_set_client = @saved_cs_client */;

--
-- Dumping data for table `entryversions`
--

LOCK TABLES `entryversions` WRITE;
/*!40000 ALTER TABLE `entryversions` DISABLE KEYS */;
INSERT INTO `entryversions` VALUES (1,38,8,1,1,1,'','{\"typeId\":\"8\",\"authorId\":\"1\",\"title\":\"Arbeitsweise\",\"slug\":\"arbeitsweise\",\"postDate\":1532884260,\"expiryDate\":null,\"enabled\":true,\"newParentId\":\"\",\"fields\":{\"1\":[],\"2\":\"<p>Begleiten, bestärken, befähigen, bewahren: &nbsp; Unser Ziel für ganzheitliche, nachhaltige &nbsp; und selbstbestimmte Entwicklung. &nbsp; <a href=\\\"https://www.aufbau-website.de/craft/web/ueberUns/arbeitsweise.html\\\">Erfahren Sie wie wir arbeiten</a></p>\"}}','2018-07-29 17:11:07','2018-07-29 17:11:07','c2ebeb9a-233f-465c-a437-48ccff8e6ee8'),(2,39,8,1,1,1,'','{\"typeId\":\"8\",\"authorId\":\"1\",\"title\":\"Begleiten\",\"slug\":\"begleiten\",\"postDate\":1532885820,\"expiryDate\":null,\"enabled\":true,\"newParentId\":\"38\",\"fields\":{\"3\":\"<p>Wir machen uns mit Menschen und Gemeinschaften auf den Weg.  </p>\",\"1\":[],\"2\":\"<p>Wir lernen ihre Lebensumstände, Probleme, Stärken, Gedanken, Einstellungen und Sorgen kennen und &nbsp; nehmen Anteil an ihrem Leben. So werden wir vertrauenswürdige Partner, auf die sie sich einlassen und &nbsp; verlassen können. Dabei ist wichtig, dass wir begleiten und nicht vorwegmarschieren. Denn das Ziel ist &nbsp; ein selbstbestimmter Entwicklungsprozess, in dem die Gruppen und Gemeinschaften selbst &nbsp; Verantwortung und Initiative übernehmen.&nbsp;</p>\"}}','2018-07-29 17:37:53','2018-07-29 17:37:53','cc194caa-73a5-4448-a35e-286c20eadf5b'),(3,40,8,1,1,1,'','{\"typeId\":\"8\",\"authorId\":\"1\",\"title\":\"Bestärken\",\"slug\":\"bestärken\",\"postDate\":1532885880,\"expiryDate\":null,\"enabled\":true,\"newParentId\":\"\",\"fields\":{\"3\":\"<p>Wir machen Menschen und Gemeinschaften stark – von innen nach außen.  </p>\",\"1\":[],\"2\":\"<p>Dabei fördern wir bereits vorhandene positive Werte und Initiativen und ermutigen die Menschen, ihr &nbsp; Leben kreativ und verantwortungsbewusst zu gestalten. Durch die Vermittlung konkreter Fähigkeiten und &nbsp; Kenntnisse sowie die Stärkung ihrer Identität und Rechte können sie nachhaltige Entwicklungskonzepte &nbsp; selbst entwickeln und ihr Leben tiefgreifend und positiv verändern.</p>\"}}','2018-07-29 17:38:16','2018-07-29 17:38:16','9bd76785-70a1-4a16-b87b-9364261b385c'),(4,40,8,1,1,2,'','{\"typeId\":\"8\",\"authorId\":\"1\",\"title\":\"Bestärken\",\"slug\":\"bestärken\",\"postDate\":1532885880,\"expiryDate\":null,\"enabled\":true,\"newParentId\":\"38\",\"fields\":{\"3\":\"<p>Wir machen Menschen und Gemeinschaften stark – von innen nach außen.  </p>\",\"1\":[],\"2\":\"<p>Dabei fördern wir bereits vorhandene positive Werte und Initiativen und ermutigen die Menschen, ihr &nbsp; Leben kreativ und verantwortungsbewusst zu gestalten. Durch die Vermittlung konkreter Fähigkeiten und &nbsp; Kenntnisse sowie die Stärkung ihrer Identität und Rechte können sie nachhaltige Entwicklungskonzepte &nbsp; selbst entwickeln und ihr Leben tiefgreifend und positiv verändern.</p>\"}}','2018-07-29 17:38:29','2018-07-29 17:38:29','b55cc49b-3506-4e06-b1e8-98ebec93ef7d'),(5,41,8,1,1,1,'','{\"typeId\":\"8\",\"authorId\":\"1\",\"title\":\"Befähigen\",\"slug\":\"befähigen\",\"postDate\":1532885940,\"expiryDate\":null,\"enabled\":true,\"newParentId\":\"\",\"fields\":{\"3\":\"<p>Gemeinsam mit den Menschen setzen wir konkrete Projekte um, die sie für   die selbstbestimmte und nachhaltige Entwicklung ihrer Gemeinschaften benötigen. </p>\",\"1\":[],\"2\":\"<p>Durch unsere Bildungsangebote, kontinuierlichen Dialog und Sensibilisierung erlernen sie sowohl &nbsp; theoretische als auch praktische Fähigkeiten, die sie in spezifischen Aktivitäten nutzen, um ihre eigene &nbsp; Lebenssituation tiefgreifend zu verbessern und ihre verantwortliche Selbstverwaltung zu stärken. Das &nbsp; ermöglicht gelingendes Leben.&nbsp;</p>\"}}','2018-07-29 17:39:49','2018-07-29 17:39:49','6ba02ea7-ac26-4553-a672-7b8e902d0bde'),(6,41,8,1,1,2,'','{\"typeId\":\"8\",\"authorId\":\"1\",\"title\":\"Befähigen\",\"slug\":\"befähigen\",\"postDate\":1532885940,\"expiryDate\":null,\"enabled\":true,\"newParentId\":\"38\",\"fields\":{\"3\":\"<p>Gemeinsam mit den Menschen setzen wir konkrete Projekte um, die sie für   die selbstbestimmte und nachhaltige Entwicklung ihrer Gemeinschaften benötigen. </p>\",\"1\":[],\"2\":\"<p>Durch unsere Bildungsangebote, kontinuierlichen Dialog und Sensibilisierung erlernen sie sowohl &nbsp; theoretische als auch praktische Fähigkeiten, die sie in spezifischen Aktivitäten nutzen, um ihre eigene &nbsp; Lebenssituation tiefgreifend zu verbessern und ihre verantwortliche Selbstverwaltung zu stärken. Das &nbsp; ermöglicht gelingendes Leben.&nbsp;</p>\"}}','2018-07-29 17:40:04','2018-07-29 17:40:04','0e9b06f4-7130-4210-b674-7960e248b7d3'),(7,42,8,1,1,1,'','{\"typeId\":\"8\",\"authorId\":\"1\",\"title\":\"Bewahren\",\"slug\":\"bewahren\",\"postDate\":1532886060,\"expiryDate\":null,\"enabled\":true,\"newParentId\":\"38\",\"fields\":{\"3\":\"<p>Wir helfen Menschen, ihre kulturelle Identität zu stärken und weiterzuentwickeln. </p>\",\"1\":[],\"2\":\"<p>Wir fördern die nachhaltige wirtschaftliche Entwicklung von Dorfgemeinschaften und entwickeln &nbsp; gemeinsam mit ihnen Konzepte zum Schutz der Umwelt, in der sie leben, und zur schonenden Nutzung &nbsp; der natürlichen Ressourcen. In enger Kooperation mit der peruanischen Forstbehörde bewahren wir ein 18.000 Hektar großes Regenwaldgebiet, um den umliegenden Dörfern auch in Zeiten des Klimawandels &nbsp; eine langfristige Perspektive zu ermöglichen.&nbsp;</p>\"}}','2018-07-29 17:41:28','2018-07-29 17:41:28','0965327f-1611-4cbe-a425-afd0d022457b'),(8,43,8,1,1,1,'','{\"typeId\":\"8\",\"authorId\":\"1\",\"title\":\"Konzept\",\"slug\":\"konzept\",\"postDate\":1532888460,\"expiryDate\":null,\"enabled\":true,\"newParentId\":\"\",\"fields\":{\"3\":\"<p> </p>\",\"1\":[],\"2\":\"<p>Christlich, sozial und ökologisch. <a href=\\\"https://www.aufbau-website.de/craft/web/ueberUns/konzept.html\\\">Erfahren Sie mehr über die Grundelemente unserer Arbeit, die den Rahmen und die Natur unseres Engagements bestimmen.&nbsp;</a></p>\"}}','2018-07-29 18:21:51','2018-07-29 18:21:51','59190df3-740a-4dfa-9659-e9afda431bf5'),(9,44,8,1,1,1,'','{\"typeId\":\"8\",\"authorId\":\"1\",\"title\":\"Leitbild\",\"slug\":\"leitbild\",\"postDate\":1532888520,\"expiryDate\":null,\"enabled\":true,\"newParentId\":\"\",\"fields\":{\"3\":\"<p> </p>\",\"1\":[],\"2\":\"<p>Gelingendes Leben – Shalom in allen Lebensbereichen. <a href=\\\"https://www.aufbau-website.de/craft/web/ueberUns/leitbild.html\\\">Entdecken Sie unser Leitbild</a></p>\"}}','2018-07-29 18:22:58','2018-07-29 18:22:58','b11f6c84-cdab-43c1-ab43-5c974c551c63'),(10,45,8,1,1,1,'','{\"typeId\":\"8\",\"authorId\":\"1\",\"title\":\"Ganzheitlichkeit\",\"slug\":\"ganzheitlichkeit\",\"postDate\":1532888580,\"expiryDate\":null,\"enabled\":true,\"newParentId\":\"\",\"fields\":{\"3\":\"<p>Der Mensch bildet eine Einheit aus Körper, Seele und Geist. Er ist ein einmaliges, mit Kreativität begabtes Geschöpf Gottes und integrativer   Bestandteil seines Lebensraumes, der Erde. Er lebt in einem Netz   wechselseitiger sozialer und ökologischer Beziehungen und Abhängigkeiten. </p>\",\"1\":[],\"2\":\"<p>Chance e.V. fördert ganzheitliche Entwicklung, indem wir Menschen und Gemeinschaften in ihrem &nbsp; Kontext begleiten und bestärken. Unsere facettenreiche Arbeit umfasst deshalb so unterschiedliche &nbsp; Bereiche wie psychologische Begleitung und Seelsorge, Menschenrechte und dörfliche Selbstverwaltung, &nbsp; Kulturförderung, Armutsbekämpfung und nachhaltige wirtschaftliche Entwicklung sowie Umwelt- und &nbsp; Naturschutz.&nbsp;</p>\"}}','2018-07-29 18:23:40','2018-07-29 18:23:40','02195bd8-ceef-4933-b137-a09cab450639'),(11,45,8,1,1,2,'','{\"typeId\":\"8\",\"authorId\":\"1\",\"title\":\"Ganzheitlichkeit\",\"slug\":\"ganzheitlichkeit\",\"postDate\":1532888580,\"expiryDate\":null,\"enabled\":true,\"newParentId\":\"43\",\"fields\":{\"3\":\"<p>Der Mensch bildet eine Einheit aus Körper, Seele und Geist. Er ist ein einmaliges, mit Kreativität begabtes Geschöpf Gottes und integrativer   Bestandteil seines Lebensraumes, der Erde. Er lebt in einem Netz   wechselseitiger sozialer und ökologischer Beziehungen und Abhängigkeiten. </p>\",\"1\":[],\"2\":\"<p>Chance e.V. fördert ganzheitliche Entwicklung, indem wir Menschen und Gemeinschaften in ihrem &nbsp; Kontext begleiten und bestärken. Unsere facettenreiche Arbeit umfasst deshalb so unterschiedliche &nbsp; Bereiche wie psychologische Begleitung und Seelsorge, Menschenrechte und dörfliche Selbstverwaltung, &nbsp; Kulturförderung, Armutsbekämpfung und nachhaltige wirtschaftliche Entwicklung sowie Umwelt- und &nbsp; Naturschutz.&nbsp;</p>\"}}','2018-07-29 18:23:54','2018-07-29 18:23:54','5e525e11-0fa5-40c7-96b4-f3960c5565d7'),(12,46,8,1,1,1,'','{\"typeId\":\"8\",\"authorId\":\"1\",\"title\":\"Nachhaltigkeit\",\"slug\":\"nachhaltigkeit\",\"postDate\":1532888700,\"expiryDate\":null,\"enabled\":true,\"newParentId\":\"43\",\"fields\":{\"3\":\"<p>Unter Nachhaltigkeit verstehen wir Handlungsprinzipien zur Nutzung vorhandener Ressourcen, bei denen   die Nutzung das jeweilige System als Ganzes, seine wesentlichen Eigenschaften, seine innere Stabilität und natürliche Regenerationsfähigkeit nicht behindert oder unmöglich macht. </p>\",\"1\":[],\"2\":\"<p>Es geht also um bewusste, bewahrende und verantwortliche Nutzung von &nbsp; Ressourcen, ganz egal ob es sich um ökologische, menschliche, soziale, &nbsp; kulturelle, wirtschaftliche oder finanzielle Ressourcen handelt. &nbsp;Wir gehen achtsam mit den uns anvertrauten Mitteln und Ressourcen um. Gleichzeitig fördern wir eine intelligente Entwicklung, die die Bedürfnisse &nbsp; heute lebender Menschen, künftiger Generationen und der natürlichen &nbsp; Schöpfung in Einklang zu bringen sucht. Wir fühlen uns den 17 UN-Nachhaltigkeitszielen (SDGs) der Agenda 2030 verpflichtet, die wir durch unsere Projekte umsetzen.&nbsp;</p>\"}}','2018-07-29 18:25:20','2018-07-29 18:25:20','5750bb7c-e540-49de-a4e2-cc6ef653d588'),(13,47,8,1,1,1,'','{\"typeId\":\"8\",\"authorId\":\"1\",\"title\":\"Partnerschaftlichkeit\",\"slug\":\"partnerschaftlichkeit\",\"postDate\":1532888760,\"expiryDate\":null,\"enabled\":true,\"newParentId\":\"43\",\"fields\":{\"3\":\"<p>Im Netzwerk von Chance e.V. engagieren sich Südamerikaner, Afrikaner und  Deutsche gemeinsam als interkulturelles Team gleichwürdiger Partner. Chance e.V. versteht sich nicht als klassische Hilfsorganisation, sondern als „Familie“, als einen Ort der Begegnung sowie als internationale Schnittstelle, an der Menschen gemeinsam aktiv werden für Würde, Hoffnung und nachhaltige Entwicklung.</p>\",\"1\":[],\"2\":\"<p>Die Arbeit von Chance e.V. beruht auf den Begabungen und Erfahrungen aller Mitglieder unseres &nbsp; internationalen und überkonfessionellen Teams. Zu diesem Team gehören in Deutschland neben Chance &nbsp; e.V. die Kirchengemeinden, Schulen, Gruppen und Privatpersonen, die sich mit unserem Anliegen &nbsp; identifizieren, unsere Arbeit unterstützen, praktisch aktiv werden oder für unsere Projekte beten. In den &nbsp; Zielländern besteht unser Netzwerk aus lokalen Partnerorganisationen mit ihren einheimischen Teams &nbsp; auf der einen sowie den Einzelpersonen, Gruppen und Gemeinschaften auf der anderen Seite, die wir &nbsp; befähigen, ein Leben in Würde und Verantwortung zu gestalten. Die Projektteilnehmer und Zielgruppen &nbsp; sind nicht Almosenempfänger, sondern Partner und Freunde.&nbsp;</p>\"}}','2018-07-29 18:26:32','2018-07-29 18:26:32','38b8bd09-9c8b-4d41-9948-0b4e58002c87'),(14,48,8,1,1,1,'','{\"typeId\":\"8\",\"authorId\":\"1\",\"title\":\"Menschen und Gemeinschaften sollen heil werden\",\"slug\":\"menschen-und-gemeinschaften-sollen-heil-werden\",\"postDate\":1532937300,\"expiryDate\":null,\"enabled\":true,\"newParentId\":\"44\",\"fields\":{\"3\":\"<p> </p>\",\"1\":[],\"2\":\"<p>Das Johannesevangelium spricht von einem Leben in Fülle, das Christus den Menschen &nbsp; verheißt (Jh. 10,10). Hieraus haben wir das Konzept vom ganzheitlichen Shalom entwickelt, &nbsp; der gelingendes Leben ermöglicht, ohne nachteilige Auswirkungen auf die Lebensqualität &nbsp; anderer oder die Integrität der Schöpfung.</p><p>Shalom ist ein hebräisches Wort und bedeutet Frieden. Seine Bedeutung reicht jedoch weit &nbsp; über unsere Vorstellung von Frieden hinaus. Es geht nicht einfach um die Abwesenheit von &nbsp; Konflikt oder Gewalt, sondern um ein ganzheitliches und alle Lebensbereiche &nbsp; durchdringendes Wohlergehen. Shalom im eigentlichen Wortsinn bedeutet heil oder &nbsp; vollständig sein. D.h. Shalom nimmt Gestalt an, wenn Menschen heil werden und im &nbsp; Einklang leben – mit Gott, mit sich selbst, mit anderen und mit der natürlichen Schöpfung. &nbsp;&nbsp;</p><p>Dieses biblische Konzept von Shalom ist Leitbild unseres Engagements – Menschen und &nbsp; Gemeinschaften sollen in die Lage versetzt werden, heil zu werden, indem sie ihre &nbsp; Grundbedürfnisse auf verantwortliche Art decken, in Würde leben und dabei alle &nbsp; wesentlichen Lebensbereiche positiv gestalten, ohne Raubbau an sich selbst, anderen oder der Natur. &nbsp;</p>\"}}','2018-07-30 07:55:50','2018-07-30 07:55:50','afc0cf79-2fbc-4282-9a49-360b27642368'),(15,45,8,1,1,3,'','{\"typeId\":\"8\",\"authorId\":\"1\",\"title\":\"Ganzheitlichkeit\",\"slug\":\"ganzheitlichkeit\",\"postDate\":1532888580,\"expiryDate\":null,\"enabled\":true,\"newParentId\":\"43\",\"fields\":{\"3\":\"<h2>Der Mensch bildet eine Einheit aus Körper, Seele und Geist. Er ist ein einmaliges, mit Kreativität begabtes Geschöpf Gottes und integrativer   Bestandteil seines Lebensraumes, der Erde. Er lebt in einem Netz   wechselseitiger sozialer und ökologischer Beziehungen und Abhängigkeiten. </h2>\",\"1\":[],\"2\":\"<p>Chance e.V. fördert ganzheitliche Entwicklung, indem wir Menschen und Gemeinschaften in ihrem &nbsp; Kontext begleiten und bestärken. Unsere facettenreiche Arbeit umfasst deshalb so unterschiedliche &nbsp; Bereiche wie psychologische Begleitung und Seelsorge, Menschenrechte und dörfliche Selbstverwaltung, &nbsp; Kulturförderung, Armutsbekämpfung und nachhaltige wirtschaftliche Entwicklung sowie Umwelt- und &nbsp; Naturschutz.&nbsp;</p>\"}}','2018-07-30 09:48:23','2018-07-30 09:48:23','5bf7a733-c2cd-4f3c-989d-fc8348777247'),(16,45,8,1,1,4,'','{\"typeId\":\"8\",\"authorId\":\"1\",\"title\":\"Ganzheitlichkeit\",\"slug\":\"ganzheitlichkeit\",\"postDate\":1532888580,\"expiryDate\":null,\"enabled\":true,\"newParentId\":\"43\",\"fields\":{\"3\":\"<p>Der Mensch bildet eine Einheit aus Körper, Seele und Geist. Er ist ein einmaliges, mit Kreativität begabtes Geschöpf Gottes und integrativer Bestandteil seines Lebensraumes, der Erde. Er lebt in einem Netz   wechselseitiger sozialer und ökologischer Beziehungen und Abhängigkeiten. </p>\",\"1\":[],\"2\":\"<p>Chance e.V. fördert ganzheitliche Entwicklung, indem wir Menschen und Gemeinschaften in ihrem &nbsp; Kontext begleiten und bestärken. Unsere facettenreiche Arbeit umfasst deshalb so unterschiedliche &nbsp; Bereiche wie psychologische Begleitung und Seelsorge, Menschenrechte und dörfliche Selbstverwaltung, &nbsp; Kulturförderung, Armutsbekämpfung und nachhaltige wirtschaftliche Entwicklung sowie Umwelt- und &nbsp; Naturschutz.&nbsp;</p>\"}}','2018-07-30 09:49:05','2018-07-30 09:49:05','afc90bad-f76e-4ec1-a023-e89f875f8537'),(17,45,8,1,1,5,'','{\"typeId\":\"8\",\"authorId\":\"1\",\"title\":\"Ganzheitlichkeit\",\"slug\":\"ganzheitlichkeit\",\"postDate\":1532888580,\"expiryDate\":null,\"enabled\":true,\"newParentId\":\"43\",\"fields\":{\"3\":\"Der Mensch bildet eine Einheit aus Körper, Seele und Geist. Er ist ein einmaliges, mit Kreativität begabtes Geschöpf Gottes und integrativer Bestandteil seines Lebensraumes, der Erde. Er lebt in einem Netz wechselseitiger sozialer und ökologischer Beziehungen und Abhängigkeiten. \",\"1\":[],\"2\":\"<p>Chance e.V. fördert ganzheitliche Entwicklung, indem wir Menschen und Gemeinschaften in ihrem &nbsp; Kontext begleiten und bestärken. Unsere facettenreiche Arbeit umfasst deshalb so unterschiedliche &nbsp; Bereiche wie psychologische Begleitung und Seelsorge, Menschenrechte und dörfliche Selbstverwaltung, &nbsp; Kulturförderung, Armutsbekämpfung und nachhaltige wirtschaftliche Entwicklung sowie Umwelt- und &nbsp; Naturschutz.&nbsp;</p>\"}}','2018-07-30 09:52:21','2018-07-30 09:52:21','c87fb342-5ff9-4b9f-bf8a-6accfe1bf223'),(18,45,8,1,1,6,'','{\"typeId\":\"8\",\"authorId\":\"1\",\"title\":\"Ganzheitlichkeit\",\"slug\":\"ganzheitlichkeit\",\"postDate\":1532888580,\"expiryDate\":null,\"enabled\":true,\"newParentId\":\"43\",\"fields\":{\"3\":\"<p>Der Mensch bildet eine Einheit aus Körper, Seele und Geist. Er ist ein einmaliges, mit Kreativität begabtes Geschöpf Gottes und integrativer Bestandteil seines Lebensraumes, der Erde. Er lebt in einem Netz wechselseitiger sozialer und ökologischer Beziehungen und Abhängigkeiten.</p>\",\"1\":[],\"2\":\"Chance e.V. fördert ganzheitliche Entwicklung, indem wir Menschen und Gemeinschaften in ihrem Kontext begleiten und bestärken. Unsere facettenreiche Arbeit umfasst deshalb so unterschiedliche Bereiche wie psychologische Begleitung und Seelsorge, Menschenrechte und dörfliche Selbstverwaltung, Kulturförderung, Armutsbekämpfung und nachhaltige wirtschaftliche Entwicklung sowie Umwelt- und Naturschutz. \"}}','2018-07-30 09:59:02','2018-07-30 09:59:02','686672de-450a-421c-9c8b-d5acbb051525'),(19,45,8,1,1,7,'','{\"typeId\":\"8\",\"authorId\":\"1\",\"title\":\"Ganzheitlichkeit\",\"slug\":\"ganzheitlichkeit\",\"postDate\":1532888580,\"expiryDate\":null,\"enabled\":true,\"newParentId\":\"43\",\"fields\":{\"3\":\"<p>Der Mensch bildet eine Einheit aus Körper, Seele und Geist. Er ist ein einmaliges, mit Kreativität begabtes Geschöpf Gottes und integrativer Bestandteil seines Lebensraumes, der Erde. Er lebt in einem Netz wechselseitiger sozialer und ökologischer Beziehungen und Abhängigkeiten.</p>\",\"1\":[],\"2\":\"<p>Chance e.V. fördert ganzheitliche Entwicklung, indem wir Menschen und Gemeinschaften in ihrem Kontext begleiten und bestärken. Unsere facettenreiche Arbeit umfasst deshalb so unterschiedliche Bereiche wie psychologische Begleitung und Seelsorge, Menschenrechte und dörfliche Selbstverwaltung, Kulturförderung, Armutsbekämpfung und nachhaltige wirtschaftliche Entwicklung sowie Umwelt- und Naturschutz.</p>\"}}','2018-07-30 10:03:25','2018-07-30 10:03:25','d8b370af-4ef5-476e-86a3-e010071226f3'),(20,45,8,1,1,8,'','{\"typeId\":\"8\",\"authorId\":\"1\",\"title\":\"Ganzheitlichkeit\",\"slug\":\"ganzheitlichkeit\",\"postDate\":1532888580,\"expiryDate\":null,\"enabled\":true,\"newParentId\":\"43\",\"fields\":{\"3\":\"<p>Der Mensch bildet eine Einheit aus Körper, Seele und Geist. Er ist ein einmaliges, mit Kreativität begabtes Geschöpf Gottes und integrativer Bestandteil seines Lebensraumes, der Erde. Er lebt in einem Netz wechselseitiger sozialer und ökologischer Beziehungen und Abhängigkeiten.</p>\",\"1\":[],\"2\":\"<p class=\\\"copy\\\">Chance e.V. fördert ganzheitliche Entwicklung, indem wir Menschen und Gemeinschaften in ihrem Kontext begleiten und bestärken. Unsere facettenreiche Arbeit umfasst deshalb so unterschiedliche Bereiche wie psychologische Begleitung und Seelsorge, Menschenrechte und dörfliche Selbstverwaltung, Kulturförderung, Armutsbekämpfung und nachhaltige wirtschaftliche Entwicklung sowie Umwelt- und Naturschutz.</p>\"}}','2018-07-30 10:16:54','2018-07-30 10:16:54','7e7a4329-0e4e-4793-a3ae-6626b7e8b079'),(21,45,8,1,1,9,'','{\"typeId\":\"8\",\"authorId\":\"1\",\"title\":\"Ganzheitlichkeit\",\"slug\":\"ganzheitlichkeit\",\"postDate\":1532888580,\"expiryDate\":null,\"enabled\":true,\"newParentId\":\"43\",\"fields\":{\"3\":\"<p>Der Mensch bildet eine Einheit aus Körper, Seele und Geist. Er ist ein einmaliges, mit Kreativität begabtes Geschöpf Gottes und integrativer Bestandteil seines Lebensraumes, der Erde. Er lebt in einem Netz wechselseitiger sozialer und ökologischer Beziehungen und Abhängigkeiten.</p>\",\"1\":[],\"2\":\"Chance e.V. fördert ganzheitliche Entwicklung, indem wir Menschen und Gemeinschaften in ihrem Kontext begleiten und bestärken. Unsere facettenreiche Arbeit umfasst deshalb so unterschiedliche Bereiche wie psychologische Begleitung und Seelsorge, Menschenrechte und dörfliche Selbstverwaltung, Kulturförderung, Armutsbekämpfung und nachhaltige wirtschaftliche Entwicklung sowie Umwelt- und Naturschutz.\"}}','2018-07-30 10:24:48','2018-07-30 10:24:48','1860e586-dbf5-4160-a8e1-5e8f4d826aef'),(22,45,8,1,1,10,'','{\"typeId\":\"8\",\"authorId\":\"1\",\"title\":\"Ganzheitlichkeit\",\"slug\":\"ganzheitlichkeit\",\"postDate\":1532888580,\"expiryDate\":null,\"enabled\":true,\"newParentId\":\"43\",\"fields\":{\"3\":\"Der Mensch bildet eine Einheit aus Körper, Seele und Geist. Er ist ein einmaliges, mit Kreativität begabtes Geschöpf Gottes und integrativer Bestandteil seines Lebensraumes, der Erde. Er lebt in einem Netz wechselseitiger sozialer und ökologischer Beziehungen und Abhängigkeiten.\",\"1\":[],\"2\":\"<p>Chance e.V. fördert ganzheitliche Entwicklung, indem wir Menschen und Gemeinschaften in ihrem Kontext begleiten und bestärken. Unsere facettenreiche Arbeit umfasst deshalb so unterschiedliche Bereiche wie psychologische Begleitung und Seelsorge, Menschenrechte und dörfliche Selbstverwaltung, Kulturförderung, Armutsbekämpfung und nachhaltige wirtschaftliche Entwicklung sowie Umwelt- und Naturschutz.</p>\"}}','2018-07-30 10:31:00','2018-07-30 10:31:00','c8d46a64-478c-40c0-8296-0cb92055ff1f'),(23,45,8,1,1,11,'','{\"typeId\":\"8\",\"authorId\":\"1\",\"title\":\"Ganzheitlichkeit\",\"slug\":\"ganzheitlichkeit\",\"postDate\":1532888580,\"expiryDate\":null,\"enabled\":true,\"newParentId\":\"43\",\"fields\":{\"3\":\"Der Mensch bildet eine Einheit aus Körper, Seele und Geist. Er ist ein einmaliges, mit Kreativität begabtes Geschöpf Gottes und integrativer Bestandteil seines Lebensraumes, der Erde. Er lebt in einem Netz wechselseitiger sozialer und ökologischer Beziehungen und Abhängigkeiten.\",\"1\":[],\"2\":\"Chance e.V. fördert ganzheitliche Entwicklung, indem wir Menschen und Gemeinschaften in ihrem Kontext begleiten und bestärken. Unsere facettenreiche Arbeit umfasst deshalb so unterschiedliche Bereiche wie psychologische Begleitung und Seelsorge, Menschenrechte und dörfliche Selbstverwaltung, Kulturförderung, Armutsbekämpfung und nachhaltige wirtschaftliche Entwicklung sowie Umwelt- und Naturschutz.\"}}','2018-07-30 10:32:34','2018-07-30 10:32:34','af77538e-0731-4cef-83f3-3cc7c3c6c257'),(24,46,8,1,1,2,'','{\"typeId\":\"8\",\"authorId\":\"1\",\"title\":\"Nachhaltigkeit\",\"slug\":\"nachhaltigkeit\",\"postDate\":1532888700,\"expiryDate\":null,\"enabled\":true,\"newParentId\":\"43\",\"fields\":{\"3\":\"Unter Nachhaltigkeit verstehen wir Handlungsprinzipien zur Nutzung vorhandener Ressourcen, bei denen   die Nutzung das jeweilige System als Ganzes, seine wesentlichen Eigenschaften, seine innere Stabilität und natürliche Regenerationsfähigkeit nicht behindert oder unmöglich macht.\",\"1\":[],\"2\":\"Es geht also um bewusste, bewahrende und verantwortliche Nutzung von &nbsp; Ressourcen, ganz egal ob es sich um ökologische, menschliche, soziale, &nbsp; kulturelle, wirtschaftliche oder finanzielle Ressourcen handelt. &nbsp;Wir gehen achtsam mit den uns anvertrauten Mitteln und Ressourcen um. Gleichzeitig fördern wir eine intelligente Entwicklung, die die Bedürfnisse &nbsp; heute lebender Menschen, künftiger Generationen und der natürlichen &nbsp; Schöpfung in Einklang zu bringen sucht. Wir fühlen uns den 17 UN-Nachhaltigkeitszielen (SDGs) der Agenda 2030 verpflichtet, die wir durch unsere Projekte umsetzen.&nbsp;\"}}','2018-07-30 10:32:51','2018-07-30 10:32:51','b5c2f0af-ff63-471d-96eb-3295d7a8650f'),(25,47,8,1,1,2,'','{\"typeId\":\"8\",\"authorId\":\"1\",\"title\":\"Partnerschaftlichkeit\",\"slug\":\"partnerschaftlichkeit\",\"postDate\":1532888760,\"expiryDate\":null,\"enabled\":true,\"newParentId\":\"43\",\"fields\":{\"3\":\"Im Netzwerk von Chance e.V. engagieren sich Südamerikaner, Afrikaner und  Deutsche gemeinsam als interkulturelles Team gleichwürdiger Partner. Chance e.V. versteht sich nicht als klassische Hilfsorganisation, sondern als „Familie“, als einen Ort der Begegnung sowie als internationale Schnittstelle, an der Menschen gemeinsam aktiv werden für Würde, Hoffnung und nachhaltige Entwicklung.\",\"1\":[],\"2\":\"Die Arbeit von Chance e.V. beruht auf den Begabungen und Erfahrungen aller Mitglieder unseres &nbsp; internationalen und überkonfessionellen Teams. Zu diesem Team gehören in Deutschland neben Chance &nbsp; e.V. die Kirchengemeinden, Schulen, Gruppen und Privatpersonen, die sich mit unserem Anliegen &nbsp; identifizieren, unsere Arbeit unterstützen, praktisch aktiv werden oder für unsere Projekte beten. In den &nbsp; Zielländern besteht unser Netzwerk aus lokalen Partnerorganisationen mit ihren einheimischen Teams &nbsp; auf der einen sowie den Einzelpersonen, Gruppen und Gemeinschaften auf der anderen Seite, die wir &nbsp; befähigen, ein Leben in Würde und Verantwortung zu gestalten. Die Projektteilnehmer und Zielgruppen &nbsp; sind nicht Almosenempfänger, sondern Partner und Freunde.&nbsp;\"}}','2018-07-30 10:33:06','2018-07-30 10:33:06','38967219-50cb-47dd-a27e-e13920623d3a'),(26,39,8,1,1,2,'','{\"typeId\":\"8\",\"authorId\":\"1\",\"title\":\"Begleiten\",\"slug\":\"begleiten\",\"postDate\":1532885820,\"expiryDate\":null,\"enabled\":true,\"newParentId\":\"38\",\"fields\":{\"3\":\"Wir machen uns mit Menschen und Gemeinschaften auf den Weg.\",\"1\":[],\"2\":\"Wir lernen ihre Lebensumstände, Probleme, Stärken, Gedanken, Einstellungen und Sorgen kennen und &nbsp; nehmen Anteil an ihrem Leben. So werden wir vertrauenswürdige Partner, auf die sie sich einlassen und &nbsp; verlassen können. Dabei ist wichtig, dass wir begleiten und nicht vorwegmarschieren. Denn das Ziel ist &nbsp; ein selbstbestimmter Entwicklungsprozess, in dem die Gruppen und Gemeinschaften selbst &nbsp; Verantwortung und Initiative übernehmen.&nbsp;\"}}','2018-07-30 10:34:00','2018-07-30 10:34:00','19c264bb-f298-454b-838a-cb7ac6077201'),(27,39,8,1,1,3,'','{\"typeId\":\"8\",\"authorId\":\"1\",\"title\":\"Begleiten\",\"slug\":\"begleiten\",\"postDate\":1532885820,\"expiryDate\":null,\"enabled\":true,\"newParentId\":\"38\",\"fields\":{\"3\":\"Wir machen uns mit Menschen und Gemeinschaften auf den Weg.\",\"1\":[],\"2\":\"Wir lernen ihre Lebensumstände, Probleme, Stärken, Gedanken, Einstellungen und Sorgen kennen und &nbsp; nehmen Anteil an ihrem Leben. So werden wir vertrauenswürdige Partner, auf die sie sich einlassen und &nbsp; verlassen können. Dabei ist wichtig, dass wir begleiten und nicht vorwegmarschieren. Denn das Ziel ist &nbsp; ein selbstbestimmter Entwicklungsprozess, in dem die Gruppen und Gemeinschaften selbst &nbsp; Verantwortung und Initiative übernehmen.\"}}','2018-07-30 10:34:17','2018-07-30 10:34:17','2bf2f741-7804-4ee8-b95f-c6719ca58643'),(28,39,8,1,1,4,'','{\"typeId\":\"8\",\"authorId\":\"1\",\"title\":\"Begleiten\",\"slug\":\"begleiten\",\"postDate\":1532885820,\"expiryDate\":null,\"enabled\":true,\"newParentId\":\"38\",\"fields\":{\"3\":\"Wir machen uns mit Menschen und Gemeinschaften auf den Weg.\",\"1\":[],\"2\":\"Wir lernen ihre Lebensumstände, Probleme, Stärken, Gedanken, Einstellungen und Sorgen kennen und nehmen Anteil an ihrem Leben. So werden wir vertrauenswürdige Partner, auf die sie sich einlassen und verlassen können. Dabei ist wichtig, dass wir begleiten und nicht vorwegmarschieren. Denn das Ziel ist &nbsp; ein selbstbestimmter Entwicklungsprozess, in dem die Gruppen und Gemeinschaften selbst &nbsp; Verantwortung und Initiative übernehmen.\"}}','2018-07-30 10:34:40','2018-07-30 10:34:40','05016ed1-2548-4b2d-8fed-8e1f25eb3de3'),(29,40,8,1,1,3,'','{\"typeId\":\"8\",\"authorId\":\"1\",\"title\":\"Bestärken\",\"slug\":\"bestärken\",\"postDate\":1532885880,\"expiryDate\":null,\"enabled\":true,\"newParentId\":\"38\",\"fields\":{\"3\":\"Wir machen Menschen und Gemeinschaften stark – von innen nach außen.\",\"1\":[],\"2\":\"<p>Dabei fördern wir bereits vorhandene positive Werte und Initiativen und ermutigen die Menschen, ihr &nbsp; Leben kreativ und verantwortungsbewusst zu gestalten. Durch die Vermittlung konkreter Fähigkeiten und &nbsp; Kenntnisse sowie die Stärkung ihrer Identität und Rechte können sie nachhaltige Entwicklungskonzepte &nbsp; selbst entwickeln und ihr Leben tiefgreifend und positiv verändern.</p>\"}}','2018-07-30 10:37:06','2018-07-30 10:37:06','0ea40324-eb2d-43be-9493-fff6806ee70c'),(30,45,8,1,1,12,'','{\"typeId\":\"8\",\"authorId\":\"1\",\"title\":\"Ganzheitlichkeit\",\"slug\":\"ganzheitlichkeit\",\"postDate\":1532888580,\"expiryDate\":null,\"enabled\":true,\"newParentId\":\"43\",\"fields\":{\"3\":\"<p>Der Mensch bildet eine Einheit aus Körper, Seele und Geist. Er ist ein einmaliges, mit Kreativität begabtes Geschöpf Gottes und integrativer Bestandteil seines Lebensraumes, der Erde. Er lebt in einem Netz wechselseitiger sozialer und ökologischer Beziehungen und Abhängigkeiten.</p>\",\"1\":[],\"2\":\"Chance e.V. fördert ganzheitliche Entwicklung, indem wir Menschen und Gemeinschaften in ihrem Kontext begleiten und bestärken. Unsere facettenreiche Arbeit umfasst deshalb so unterschiedliche Bereiche wie psychologische Begleitung und Seelsorge, Menschenrechte und dörfliche Selbstverwaltung, Kulturförderung, Armutsbekämpfung und nachhaltige wirtschaftliche Entwicklung sowie Umwelt- und Naturschutz.\"}}','2018-07-30 10:38:29','2018-07-30 10:38:29','eb2b23f2-1248-481b-a0a7-23b846039af4'),(31,46,8,1,1,3,'','{\"typeId\":\"8\",\"authorId\":\"1\",\"title\":\"Nachhaltigkeit\",\"slug\":\"nachhaltigkeit\",\"postDate\":1532888700,\"expiryDate\":null,\"enabled\":true,\"newParentId\":\"43\",\"fields\":{\"3\":\"<p>Unter Nachhaltigkeit verstehen wir Handlungsprinzipien zur Nutzung vorhandener Ressourcen, bei denen die Nutzung das jeweilige System als Ganzes, seine wesentlichen Eigenschaften, seine innere Stabilität und natürliche Regenerationsfähigkeit nicht behindert oder unmöglich macht.</p>\",\"1\":[],\"2\":\"<p>Es geht also um bewusste, bewahrende und verantwortliche Nutzung von Ressourcen, ganz egal ob es sich um ökologische, menschliche, soziale, kulturelle, wirtschaftliche oder finanzielle Ressourcen handelt. Wir gehen achtsam mit den uns anvertrauten Mitteln und Ressourcen um. Gleichzeitig fördern wir eine intelligente Entwicklung, die die Bedürfnisse heute lebender Menschen, künftiger Generationen und der natürlichen Schöpfung in Einklang zu bringen sucht. Wir fühlen uns den 17 UN-Nachhaltigkeitszielen (SDGs) der Agenda 2030 verpflichtet, die wir durch unsere Projekte umsetzen. </p>\"}}','2018-07-30 10:40:51','2018-07-30 10:40:51','93e4b2c2-a899-4436-bf63-88588f1e0137'),(32,44,8,1,1,2,'','{\"typeId\":\"8\",\"authorId\":\"1\",\"title\":\"Leitbild\",\"slug\":\"leitbild\",\"postDate\":1532888520,\"expiryDate\":null,\"enabled\":true,\"newParentId\":\"\",\"fields\":{\"3\":\"<p> </p>\",\"1\":[],\"2\":\"<p>Gelingendes Leben – Shalom in allen Lebensbereichen. <a href=\\\"https://www.aufbau-website.de/craft/web/ueberUns/leitbild.html\\\">Entdecken Sie unser Leitbild</a></p>\"}}','2018-07-30 10:58:18','2018-07-30 10:58:18','6190512e-8630-48b1-92a9-0bd2164f14e4'),(33,48,8,1,1,2,'','{\"typeId\":\"8\",\"authorId\":\"1\",\"title\":\"Menschen und Gemeinschaften sollen heil werden\",\"slug\":\"menschen-und-gemeinschaften-sollen-heil-werden\",\"postDate\":1532937300,\"expiryDate\":null,\"enabled\":true,\"newParentId\":\"44\",\"fields\":{\"3\":\"<p> </p>\",\"1\":[],\"2\":\"<p>Das Johannesevangelium spricht von einem Leben in Fülle, das Christus den Menschen verheißt (Jh. 10,10). Hieraus haben wir das Konzept vom ganzheitlichen Shalom entwickelt, der gelingendes Leben ermöglicht, ohne nachteilige Auswirkungen auf die Lebensqualität anderer oder die Integrität der Schöpfung.</p>\\n<p>Shalom ist ein hebräisches Wort und bedeutet Frieden. Seine Bedeutung reicht jedoch weit über unsere Vorstellung von Frieden hinaus. Es geht nicht einfach um die Abwesenheit von Konflikt oder Gewalt, sondern um ein ganzheitliches und alle Lebensbereiche durchdringendes Wohlergehen. Shalom im eigentlichen Wortsinn bedeutet heil oder vollständig sein. D.h. Shalom nimmt Gestalt an, wenn Menschen heil werden und im Einklang leben – mit Gott, mit sich selbst, mit anderen und mit der natürlichen Schöpfung. </p>\\n<p>Dieses biblische Konzept von Shalom ist Leitbild unseres Engagements – Menschen und Gemeinschaften sollen in die Lage versetzt werden, heil zu werden, indem sie ihre Grundbedürfnisse auf verantwortliche Art decken, in Würde leben und dabei alle wesentlichen Lebensbereiche positiv gestalten, ohne Raubbau an sich selbst, anderen oder der Natur. </p>\"}}','2018-07-30 11:00:12','2018-07-30 11:00:12','0a1fbc5a-d924-4e2b-bf2f-0c78c6539122'),(34,49,8,1,1,1,'','{\"typeId\":\"8\",\"authorId\":\"1\",\"title\":\"Motivation\",\"slug\":\"motivation\",\"postDate\":1532949180,\"expiryDate\":null,\"enabled\":true,\"newParentId\":\"\",\"fields\":{\"1\":[]}}','2018-07-30 11:13:50','2018-07-30 11:13:50','900d8475-400c-4f29-b850-1378b9b06388'),(35,49,8,1,1,2,'','{\"typeId\":\"8\",\"authorId\":\"1\",\"title\":\"Motivation\",\"slug\":\"motivation\",\"postDate\":1532949180,\"expiryDate\":null,\"enabled\":true,\"newParentId\":\"\",\"fields\":{\"1\":[],\"2\":\"<p>Unsere Motivation ist lebendiger Ausdruck christlicher Hoffnung.</p>\\n\\n<p><a href=\\\"https://aufbau-website.de/craft/web/ueberUns/motivation.html\\\">Erfahren Sie was uns antreibt</a></p>\"}}','2018-07-30 11:15:00','2018-07-30 11:15:00','c56c3a5a-dba8-4d1d-8440-201c7bfa66c1'),(36,50,8,1,1,1,'','{\"typeId\":\"8\",\"authorId\":\"1\",\"title\":\"Chance e.V. entstand aus dem praktischen  Glaubensverständnis und dem gesellschaftlichen  Engagement seiner Gründer.\",\"slug\":\"chance-e-v-entstand-aus-dem-praktischen-glaubensverständnis-und-dem-gesellschaftlichen-engagement-seiner-gründer\",\"postDate\":1532949420,\"expiryDate\":null,\"enabled\":true,\"newParentId\":\"49\",\"fields\":{\"1\":[],\"2\":\"<p>Die Bibel spricht von einem Gott, der den Menschen und der ganzen Schöpfung liebevoll zugewandt ist. Sie ruft auf zu Frieden, Gerechtigkeit und einem harmonischen Miteinander von Mensch und Schöpfung. Sie verheißt allen Menschen, besonders denen, die am Rande der Gesellschaft stehen, ein gelingendes Leben, das jedoch nicht zum Nachteil anderer oder auf Kosten der Schöpfung realisiert werden darf (Lk. 2,14; Jes. 11,1-9; Jh. 10,10; 3 Mo. 25,4).</p>\\n\\n\\n\\n\\n\\n<p>Dieses inspirierende Vorbild der christlich-jüdischen Überlieferung motiviert uns dazu, uns für eines der großen Anliegen unserer Zeit zu engagieren: Nachhaltige Entwicklung durch soziale, ökonomische und ökologische Gerechtigkeit und Chancengleichheit.</p>\\n\\n\\n<p>Wir verstehen die Arbeit von Chance e.V. als natürliche Konsequenz unseres Glaubens, als Teil unserer Christusnachfolge, als Dienst am Nächsten, an der Gesellschaft und an der Schöpfung. Denn wir sind aufgerufen, die Augen vor der Not von Mensch und Schöpfung nicht zu verschließen, sondern praktisch aktiv zu werden (1 Jh. 3,16-18). Ohne Gerechtigkeit, Solidarität und nachhaltige Entwicklung ist das unmöglich. Denn im „globalen Dorf“ sind Menschen aus Kenia und Peru genauso unsere Nächsten wie künftige Generationen. Als Christen sind wir dazu berufen, zu lieben, was Gott liebt und Gott, unseren Mitmenschen sowie der natürlichen Schöpfung zu dienen – Chance e.V. tut dies durch seine Projekte für Mensch und Schöpfung. </p>\\n\\n\\n\\n\\n\\n\\n\\n\\n<p>Inmitten oft entmutigender Umstände beruft der christliche Glaube uns darüber hinaus zu lebendiger Hoffnung, die weit über die häufig so entmutigende Lebensrealität vieler Menschen und Gemeinschaften hinausgeht und zu einem Leben in Würde befreit. Der Glaube hilft, das eigene Potential zu entdecken und zu nutzen. Er lehrt uns, anderen zu helfen, ohne sie zu bevormunden. Er beruft uns, die Schöpfung zu bewahren. Persönliche Spiritualität, nachhaltige Entwicklung und soziale sowie ökologische Gerechtigkeit sind wichtige, einander ergänzende Aspekte dieses christlichen Engagements, das von der Gewissheit getragen wird, dass Gottes Liebe die Kraft innewohnt, einzelne Menschen genauso wie ungerechte Strukturen und sogar ganze Gesellschaften schrittweise zu verändern.</p>\\n\\n\\n\\n\\n\\n\\n\\n\"}}','2018-07-30 11:17:47','2018-07-30 11:17:47','db447243-b55f-4ba1-825d-2a243145c583'),(37,51,8,1,1,1,'','{\"typeId\":\"8\",\"authorId\":\"1\",\"title\":\"Der Verein\",\"slug\":\"der-verein\",\"postDate\":1532949840,\"expiryDate\":null,\"enabled\":true,\"newParentId\":\"\",\"fields\":{\"1\":[],\"2\":\"<p>Gemeinnützig und christlich. Wir setzen uns für ganzheitliche, nachhaltige und partnerschaftliche Entwicklung ein.</p>\\n<p><a href=\\\"https://aufbau-website.de/craft/web/ueberUns/derverein.html\\\">Blicken Sie hinter die Kulissen</a></p>\"}}','2018-07-30 11:24:11','2018-07-30 11:24:11','b6ae29d1-7197-4a3f-867b-410dd4f0ae48'),(38,51,8,1,1,2,'','{\"typeId\":\"8\",\"authorId\":\"1\",\"title\":\"Der Verein\",\"slug\":\"der-verein\",\"postDate\":1532949840,\"expiryDate\":null,\"enabled\":true,\"newParentId\":\"\",\"fields\":{\"1\":[],\"2\":\"<p>Gemeinnützig und christlich. Wir setzen uns für ganzheitliche, nachhaltige und partnerschaftliche Entwicklung ein.</p>\\n<p><a href=\\\"https://aufbau-website.de/craft/web/ueberUns/verein.html\\\">Blicken Sie hinter die Kulissen</a></p>\"}}','2018-07-30 11:27:51','2018-07-30 11:27:51','3b10cedc-9a99-41a0-bed3-aed5c333674c'),(39,52,8,1,1,1,'','{\"typeId\":\"8\",\"authorId\":\"1\",\"title\":\"Kooperatives Engagement\",\"slug\":\"kooperatives-engagement\",\"postDate\":1532950740,\"expiryDate\":null,\"enabled\":true,\"newParentId\":\"\",\"fields\":{\"1\":[],\"2\":\"<p>Unser Engagement findet in Kooperation mit einheimischen Partnerorganisationen statt, die zum internationalen Netzwerk von Chance e.V. gehören und dieselben Ziele und Werte vertreten wie Chance e.V. Gemeinsam mit ihnen engagieren wir uns für Gerechtigkeitsarbeit und Stärkung indigener Gemeinschaften, Bildung, Kleingewerbeförderung, ökologische Landwirtschaft, Kulturförderung, Umwelt- und Naturschutz bis hin zu Kinderpatenschaften, Jugendarbeit, Frauenförderung, Seelsorge und christlicher Sozialarbeit.</p>\\n\\n\\n\\n\\n\\n\\n\"}}','2018-07-30 11:39:04','2018-07-30 11:39:04','b951d770-9a03-4ba7-96b5-3e9d600d75a2'),(40,52,8,1,1,2,'','{\"typeId\":\"8\",\"authorId\":\"1\",\"title\":\"Kooperatives Engagement\",\"slug\":\"kooperatives-engagement\",\"postDate\":1532950740,\"expiryDate\":null,\"enabled\":true,\"newParentId\":\"51\",\"fields\":{\"1\":[],\"2\":\"<p>Unser Engagement findet in Kooperation mit einheimischen Partnerorganisationen statt, die zum internationalen Netzwerk von Chance e.V. gehören und dieselben Ziele und Werte vertreten wie Chance e.V. Gemeinsam mit ihnen engagieren wir uns für Gerechtigkeitsarbeit und Stärkung indigener Gemeinschaften, Bildung, Kleingewerbeförderung, ökologische Landwirtschaft, Kulturförderung, Umwelt- und Naturschutz bis hin zu Kinderpatenschaften, Jugendarbeit, Frauenförderung, Seelsorge und christlicher Sozialarbeit.</p>\"}}','2018-07-30 11:39:18','2018-07-30 11:39:18','243cc742-1184-4229-9ad8-4ca89da4e492'),(41,53,8,1,1,1,'','{\"typeId\":\"8\",\"authorId\":\"1\",\"title\":\"Christliche Grundwerte \",\"slug\":\"christliche-grundwerte\",\"postDate\":1532950740,\"expiryDate\":null,\"enabled\":true,\"newParentId\":\"51\",\"fields\":{\"1\":[],\"2\":\"<p>Die Arbeit von Chance e.V. beruht auf christlichen Grundwerten sowie auf der Achtung vor unseren Mitmenschen und der natürlichen Schöpfung, in der wir leben.</p>\\n\\n\"}}','2018-07-30 11:39:56','2018-07-30 11:39:56','6a062d93-69b4-4d09-9f23-c9c98df35214'),(42,54,8,1,1,1,'','{\"typeId\":\"8\",\"authorId\":\"1\",\"title\":\"Partnerschaftliche Zusammenarbeit\",\"slug\":\"partnerschaftliche-zusammenarbeit\",\"postDate\":1532950800,\"expiryDate\":null,\"enabled\":true,\"newParentId\":\"51\",\"fields\":{\"1\":[],\"2\":\"<p>Chance e.V. arbeitet zusammen mit Kirchen und Gemeinden, Schulen sowie anderen öffentlichen und privaten Einrichtungen in ganz Deutschland. Partnerschaftliche Zusammenarbeit in einem internationalen Team macht unsere Projekte erfolgreich.</p>\\n\\n\\n\"}}','2018-07-30 11:40:42','2018-07-30 11:40:42','c4ec0489-653e-4bff-9c58-6b4bdae3907e'),(43,53,8,1,1,2,'','{\"typeId\":\"8\",\"authorId\":\"1\",\"title\":\"Christliche Grundwerte \",\"slug\":\"grundwerte\",\"postDate\":1532950740,\"expiryDate\":null,\"enabled\":true,\"newParentId\":\"51\",\"fields\":{\"1\":[],\"2\":\"<p>Die Arbeit von Chance e.V. beruht auf christlichen Grundwerten sowie auf der Achtung vor unseren Mitmenschen und der natürlichen Schöpfung, in der wir leben.</p>\"}}','2018-07-30 11:53:23','2018-07-30 11:53:23','ffabb44b-c341-4dd5-bc52-fbf56526f658'),(44,54,8,1,1,2,'','{\"typeId\":\"8\",\"authorId\":\"1\",\"title\":\"Partnerschaftliche Zusammenarbeit\",\"slug\":\"zusammenarbeit\",\"postDate\":1532950800,\"expiryDate\":null,\"enabled\":true,\"newParentId\":\"51\",\"fields\":{\"1\":[],\"2\":\"<p>Chance e.V. arbeitet zusammen mit Kirchen und Gemeinden, Schulen sowie anderen öffentlichen und privaten Einrichtungen in ganz Deutschland. Partnerschaftliche Zusammenarbeit in einem internationalen Team macht unsere Projekte erfolgreich.</p>\"}}','2018-07-30 11:53:56','2018-07-30 11:53:56','0adbae60-081c-4520-b1d5-036d7c296019'),(45,52,8,1,1,3,'','{\"typeId\":\"8\",\"authorId\":\"1\",\"title\":\"Kooperatives Engagement\",\"slug\":\"engagement\",\"postDate\":1532950740,\"expiryDate\":null,\"enabled\":true,\"newParentId\":\"51\",\"fields\":{\"1\":[],\"2\":\"<p>Unser Engagement findet in Kooperation mit einheimischen Partnerorganisationen statt, die zum internationalen Netzwerk von Chance e.V. gehören und dieselben Ziele und Werte vertreten wie Chance e.V. Gemeinsam mit ihnen engagieren wir uns für Gerechtigkeitsarbeit und Stärkung indigener Gemeinschaften, Bildung, Kleingewerbeförderung, ökologische Landwirtschaft, Kulturförderung, Umwelt- und Naturschutz bis hin zu Kinderpatenschaften, Jugendarbeit, Frauenförderung, Seelsorge und christlicher Sozialarbeit.</p>\"}}','2018-07-30 11:54:13','2018-07-30 11:54:13','24da357b-66b9-4e6a-908d-67e1987bd7ab'),(46,55,8,1,1,1,'','{\"typeId\":\"8\",\"authorId\":\"1\",\"title\":\"Team\",\"slug\":\"team\",\"postDate\":1532952720,\"expiryDate\":null,\"enabled\":true,\"newParentId\":\"\",\"fields\":{\"3\":\"<p>Zum Team von Chance e.V. gehören unsere ehrenamtlichen Unterstützer und Förderer in ganz Deutschland genauso wie die mehr als 30 hauptamtlichen Mitarbeiter unserer Partnerorganisationen in Peru und Kenia. In Deutschland koordinieren drei Vorstandsmitglieder die Arbeit gemeinsam mit einigen engagierten Vereinsmitgliedern.</p>\\n\\n\\n\\n\",\"1\":[]}}','2018-07-30 12:12:02','2018-07-30 12:12:02','068a1aff-296f-40f4-908e-db6feb19b8a8'),(47,55,8,1,1,2,'','{\"typeId\":\"8\",\"authorId\":\"1\",\"title\":\"Team\",\"slug\":\"team\",\"postDate\":1532952720,\"expiryDate\":null,\"enabled\":true,\"newParentId\":\"51\",\"fields\":{\"3\":\"<p>Zum Team von Chance e.V. gehören unsere ehrenamtlichen Unterstützer und Förderer in ganz Deutschland genauso wie die mehr als 30 hauptamtlichen Mitarbeiter unserer Partnerorganisationen in Peru und Kenia. In Deutschland koordinieren drei Vorstandsmitglieder die Arbeit gemeinsam mit einigen engagierten Vereinsmitgliedern.</p>\",\"1\":[]}}','2018-07-30 12:12:21','2018-07-30 12:12:21','18dac8da-9ee3-4807-a3e1-c1ad7bef476f'),(48,56,8,1,1,1,'','{\"typeId\":\"8\",\"authorId\":\"1\",\"title\":\"Jens\",\"slug\":\"jens\",\"postDate\":1532952840,\"expiryDate\":null,\"enabled\":true,\"newParentId\":\"55\",\"fields\":{\"3\":\"<p>„Zu sehen, wie Menschen, Dorfgemeinschaften und die Schöpfung neue Chancen bekommen, ist bewegend – dazu beizutragen ein Geschenk.“</p>\\n\\n\",\"1\":[],\"2\":\"<p>JENS - P. BERGMANN</p>\\n<p>Diplom-Dolmetscher</p>\\n<p>Geschäftsleitender Vorsitzender und Gründer von Chance e.V.</p>\\n\"}}','2018-07-30 12:14:49','2018-07-30 12:14:49','3c1e8b07-bb00-42d5-a8f9-5b0924c2ede2'),(49,56,8,1,1,2,'','{\"typeId\":\"8\",\"authorId\":\"1\",\"title\":\"Jens\",\"slug\":\"jens\",\"postDate\":1532952840,\"expiryDate\":null,\"enabled\":true,\"newParentId\":\"55\",\"fields\":{\"3\":\"<p>„Zu sehen, wie Menschen, Dorfgemeinschaften und die Schöpfung neue Chancen bekommen, ist bewegend – dazu beizutragen ein Geschenk.“</p>\",\"1\":[],\"2\":\"<p>JENS - P. BERGMANN</p>\\n<p>Diplom-Dolmetscher</p>\\n<p>Geschäftsleitender Vorsitzender und Gründer von Chance e.V.</p>\"}}','2018-07-30 12:15:13','2018-07-30 12:15:13','1ea20117-e088-4821-bd15-37ac30a1301c'),(50,57,8,1,1,1,'','{\"typeId\":\"8\",\"authorId\":\"1\",\"title\":\"Kerstin\",\"slug\":\"kerstin\",\"postDate\":1532952960,\"expiryDate\":null,\"enabled\":true,\"newParentId\":\"55\",\"fields\":{\"3\":\"<p>„Wir leben in einer Welt, in der jeder die Chance verdient, sein Leben in Würde zu gestalten. Ich freue mich, hierzu durch mein Engagement bei Chance e.V. einen Beitrag leisten zu können.“</p>\\n\\n\\n\",\"1\":[],\"2\":\"<p>KERSTIN HALBFAS</p>\\n<p>Lehrerin</p>\\n<p>Zweite Vorsitzende und Gründungsmitglied von Chance e.V.</p>\\n\"}}','2018-07-30 12:16:00','2018-07-30 12:16:00','b3721ac6-5956-4c67-8341-d9de7ebc896f'),(51,58,8,1,1,1,'','{\"typeId\":\"8\",\"authorId\":\"1\",\"title\":\"Marc\",\"slug\":\"marc\",\"postDate\":1532952960,\"expiryDate\":null,\"enabled\":true,\"newParentId\":\"55\",\"fields\":{\"3\":\"<p>„Menschen suchen nach echter Liebe. Wenn ich das geben kann, bin ich reich. Sind wir reich?“</p>\\n\",\"1\":[],\"2\":\"<p>MARC LUDWIG</p>\\n<p>Physiotherapeut</p>\\n<p>Dritter Vorsitzender und Mitglied von Chance E.v.</p>\"}}','2018-07-30 12:16:28','2018-07-30 12:16:28','1f4c50ed-10cc-4d89-a285-11db8f0adfc8'),(52,59,8,1,1,1,'','{\"typeId\":\"8\",\"authorId\":\"1\",\"title\":\"Elizabeth\",\"slug\":\"elizabeth\",\"postDate\":1532953020,\"expiryDate\":null,\"enabled\":true,\"newParentId\":\"55\",\"fields\":{\"3\":\"<p>„Den Menschen und der Schöpfung Gottes zu dienen ist ein Vorrecht. Wir geben denen eine Stimme, die keine haben. So werden Menschen, Dorfgemeinschaften und die Schöpfung heil. Das ist ein großer Segen.“</p>\\n\\n\\n\\n\",\"1\":[],\"2\":\"<p>ELIZABETH LUQUE</p>\\n<p>Kaufmännische Angestellte</p>\\n<p>Chance-Projektleiterin in Peru</p>\"}}','2018-07-30 12:17:02','2018-07-30 12:17:02','755dc43c-8ab3-43eb-a09b-005334e0f746'),(53,60,8,1,1,1,'','{\"typeId\":\"8\",\"authorId\":\"1\",\"title\":\"Mark Kasoe\",\"slug\":\"mark-kasoe\",\"postDate\":1532953020,\"expiryDate\":null,\"enabled\":true,\"newParentId\":\"55\",\"fields\":{\"3\":\"<p>„Die Art nachhaltiger Entwicklung, die wir fördern, berücksichtigt die Bedürfnisse der Menschen hier und jetzt, ohne die Bedürfnisse künftiger Generationen zu vernachlässigen. Genau hierfür engagiere ich mich.“</p>\\n\\n\\n\\n\",\"1\":[],\"2\":\"<p>MARK KASOE </p>\\n<p>Projektmanager</p>\\n<p>Chance-Projektleiter in Kenia</p>\"}}','2018-07-30 12:17:55','2018-07-30 12:17:55','5ef69405-d743-4335-8ddf-79069653ae61'),(54,56,8,1,1,3,'','{\"typeId\":\"8\",\"authorId\":\"1\",\"title\":\"Jens\",\"slug\":\"jens\",\"postDate\":1532952840,\"expiryDate\":null,\"enabled\":true,\"newParentId\":\"55\",\"fields\":{\"3\":\"<p>„Zu sehen, wie Menschen, Dorfgemeinschaften und die Schöpfung neue Chancen bekommen, ist bewegend – dazu beizutragen ein Geschenk.“</p>\",\"1\":[],\"2\":\"<p>JENS - P. BERGMANN Diplom-Dolmetscher Geschäftsleitender Vorsitzender und Gründer von Chance e.V.</p>\\n\\n\"}}','2018-07-30 14:59:09','2018-07-30 14:59:09','23f4d297-6b91-4e41-ae51-a8c7f9c625b0'),(55,56,8,1,1,4,'','{\"typeId\":\"8\",\"authorId\":\"1\",\"title\":\"Jens\",\"slug\":\"jens\",\"postDate\":1532952840,\"expiryDate\":null,\"enabled\":true,\"newParentId\":\"55\",\"fields\":{\"3\":\"<p>„Zu sehen, wie Menschen, Dorfgemeinschaften und die Schöpfung neue Chancen bekommen, ist bewegend – dazu beizutragen ein Geschenk.“</p>\",\"1\":[],\"2\":\"<p>JENS - P. BERGMANN <br /></p><p>Diplom-Dolmetscher <br /></p><p>Geschäftsleitender Vorsitzender und Gründer von Chance e.V.</p>\"}}','2018-07-30 14:59:33','2018-07-30 14:59:33','76a36dfd-2900-48c5-b422-ccb388bd38b4'),(56,61,8,1,1,1,'','{\"typeId\":\"8\",\"authorId\":\"1\",\"title\":\"Geschichte\",\"slug\":\"geschichte\",\"postDate\":1532963400,\"expiryDate\":null,\"enabled\":true,\"newParentId\":\"\",\"fields\":{\"3\":\"<p>Schon als Teenager war Jens Bergmann, der Gründer von Chance e.V., vom Schicksal der Menschen im ‚globalen Süden‘ und von der immer schneller fortschreitenden Zerstörung der Schöpfung bewegt.</p>\\n\\n\",\"1\":[]}}','2018-07-30 15:10:39','2018-07-30 15:10:39','1efc4844-5a1b-413b-b7ea-03f5a813805c'),(57,61,8,1,1,2,'','{\"typeId\":\"8\",\"authorId\":\"1\",\"title\":\"Geschichte\",\"slug\":\"geschichte\",\"postDate\":1532963400,\"expiryDate\":null,\"enabled\":true,\"newParentId\":\"51\",\"fields\":{\"3\":\"<p>Schon als Teenager war Jens Bergmann, der Gründer von Chance e.V., vom Schicksal der Menschen im ‚globalen Süden‘ und von der immer schneller fortschreitenden Zerstörung der Schöpfung bewegt.</p>\",\"1\":[]}}','2018-07-30 15:10:59','2018-07-30 15:10:59','6e4ab70b-2b5e-4170-9b34-b024fcab50e2'),(58,62,8,1,1,1,'','{\"typeId\":\"8\",\"authorId\":\"1\",\"title\":\"Erste Kontakte mit der Entwicklungszusammenarbeit\",\"slug\":\"erste-kontakte\",\"postDate\":1532963580,\"expiryDate\":null,\"enabled\":true,\"newParentId\":\"51\",\"fields\":{\"1\":[],\"2\":\"<p>Als Student engagierte er sich deshalb als Volontär in einem kleinen Entwicklungsprojekt in Afrika und lernte dort die Schönheit, aber auch die Schwächen und die Enttäuschung klassischer Entwicklungszusammenarbeit kennen.</p><p>2001 besuchte Jens zum ersten Mal Peru, wo er an einer christlichen Jugendfreizeit im ehemaligen Bürgerkriegsgebiet teilnahm. Dort erlebte er, wie Straßenkinder, Terroropfer und Terrortäter durch Annahme und Vergebung heil wurden und einen Neubeginn wagten.</p><p><a href=\\\"http://www.web.de\\\">weiterlesen</a></p>\\n\\n\"}}','2018-07-30 15:13:55','2018-07-30 15:13:55','b406dde0-468a-4f84-b28f-6d41ac9d0287'),(59,62,8,1,1,2,'','{\"typeId\":\"8\",\"authorId\":\"1\",\"title\":\"Erste Kontakte mit der Entwicklungszusammenarbeit\",\"slug\":\"erste-kontakte\",\"postDate\":1532963580,\"expiryDate\":null,\"enabled\":true,\"newParentId\":\"51\",\"fields\":{\"1\":[],\"2\":\"<p>Als Student engagierte er sich deshalb als Volontär in einem kleinen Entwicklungsprojekt in Afrika und lernte dort die Schönheit, aber auch die Schwächen und die Enttäuschung klassischer Entwicklungszusammenarbeit kennen.</p>\\n<p>2001 besuchte Jens zum ersten Mal Peru, wo er an einer christlichen Jugendfreizeit im ehemaligen Bürgerkriegsgebiet teilnahm. Dort erlebte er, wie Straßenkinder, Terroropfer und Terrortäter durch Annahme und Vergebung heil wurden und einen Neubeginn wagten.</p>\\n<p><a href=\\\"http://www.web.de\\\">weiterlesen</a></p>\"}}','2018-07-30 15:14:54','2018-07-30 15:14:54','cbabe600-c5b6-4d20-93be-b93d5cd719e8'),(60,63,8,1,1,1,'','{\"typeId\":\"8\",\"authorId\":\"1\",\"title\":\"Kooperationspartner\",\"slug\":\"kooperationspartner\",\"postDate\":1532963760,\"expiryDate\":null,\"enabled\":true,\"newParentId\":\"51\",\"fields\":{\"1\":[]}}','2018-07-30 15:16:49','2018-07-30 15:16:49','c475a5ff-ec09-4bca-8e69-7519c3b45d58'),(61,64,8,1,1,1,'','{\"typeId\":\"8\",\"authorId\":\"1\",\"title\":\"Transparenz\",\"slug\":\"transparenz\",\"postDate\":1532963880,\"expiryDate\":null,\"enabled\":true,\"newParentId\":\"\",\"fields\":{\"1\":[],\"2\":\"<p>Jede Spende kommt an. Geringe Verwaltungskosten, hohe Qualität und Offenheit garantieren Chancen.</p>\\n\\n<p><a href=\\\"https://aufbau-website.de/craft/web/ueberUns/transparenz.html\\\">Prüfen sie unsere Transparenz</a></p>\"}}','2018-07-30 15:18:52','2018-07-30 15:18:52','368bfe88-40d6-41ad-923b-89e0c9d31967'),(62,49,8,1,1,3,'','{\"typeId\":\"8\",\"authorId\":\"1\",\"title\":\"Motivation\",\"slug\":\"motivation\",\"postDate\":1532949180,\"expiryDate\":null,\"enabled\":true,\"newParentId\":\"\",\"fields\":{\"1\":[],\"2\":\"<p>Unsere Motivation ist lebendiger Ausdruck christlicher Hoffnung.</p>\\n<p><a href=\\\"https://aufbau-website.de/craft/web/ueberUns/motivation.html\\\">Erfahren Sie was uns antreibt</a></p>\"}}','2018-07-30 15:19:09','2018-07-30 15:19:09','4c06eea7-9a1b-4550-b8ac-58e9fe8dc47f'),(63,65,8,1,1,1,'','{\"typeId\":\"8\",\"authorId\":\"1\",\"title\":\"Verwaltungskosten\",\"slug\":\"verwaltungskosten\",\"postDate\":1532964060,\"expiryDate\":null,\"enabled\":true,\"newParentId\":\"64\",\"fields\":{\"1\":[],\"2\":\"<p>Ihre Spenden kommen an: Unser Verwaltungskostenanteil liegt bei max. 8 Prozent. Ein Teil dieser acht Prozent wird darüber hinaus von Sponsoren getragen. Das bedeutet, Ihre Spenden kommen zu fast 100 Prozent direkt den Menschen vor Ort zu gute.</p>\\n\\n\"}}','2018-07-30 15:21:59','2018-07-30 15:21:59','ec8a8da4-5522-4769-a842-e99286b070f8'),(64,66,8,1,1,1,'','{\"typeId\":\"8\",\"authorId\":\"1\",\"title\":\"Spendensiegel\",\"slug\":\"spendensiegel\",\"postDate\":1532964180,\"expiryDate\":null,\"enabled\":true,\"newParentId\":\"64\",\"fields\":{\"1\":[],\"2\":\"<p>Chance e.V. verzichtet bewusst auf ein Spendensiegel. Das hat mehrere Gründe:</p>\\n<p>~ I.d.R. bekommen Organisationen auch dann noch ein Spendensiegel, wenn sie doppelt so viel für Verwaltung ausgeben wie Chance e.V.</p>\\n\\n<p>~ Ein Spendensiegel ist teuer. Wir verwenden die uns anvertrauten Mittel lieber direkt für die Projekte und Menschen vor Ort.</p>\\n\\n<p>~ Chance e.V. ist nicht anonym. Unsere Freunde und Förderer kennen unser Team oft persönlich. Sie haben jederzeit die Möglichkeit, mit uns einen Besuch vor Ort oder einen Einblick in unsere Jahresabschlüsse zu organisieren und sich so von der nachhaltigen Nutzung der Spenden selbst zu überzeugen.</p>\\n\\n\\n\"}}','2018-07-30 15:23:05','2018-07-30 15:23:05','0dea788e-52e9-4d3e-b016-4ba17d5cf6e0'),(65,67,8,1,1,1,'','{\"typeId\":\"8\",\"authorId\":\"1\",\"title\":\"Transparenz, Offenheit und Qualität\",\"slug\":\"transparenz-offenheit-und-qualität\",\"postDate\":1532964240,\"expiryDate\":null,\"enabled\":true,\"newParentId\":\"64\",\"fields\":{\"1\":[],\"2\":\"<p>Chance e.V. gestaltet Verwaltung, interne Prozesse und inhaltliche Arbeit transparent und übersichtlich. Finanzen und Buchhaltung unterliegen mehrfacher unabhängiger Kontrolle und Revision. Leitfäden und Konzepte für die Projektdurchführung werden unter Mitwirkung der Partnerorganisationen und externer Berater in kontinuierlicher Teamarbeit weiter entwickelt und verbessert. Die internationale Kooperation basiert auf Vereinbarungen, die Strukturen und Zuständigkeiten klar regeln und für Verlässlichkeit sorgen.</p>\\n\\n\\n\\n\\n<p>Unser gemeinsames Engagement beruht auf ständigem Dialog und gestaltet sich in einer Kultur der Offenheit, in der wir voneinander lernen und aufeinander zugehen. Wir wollen offen sein für Lob und konstruktive Kritik. Diese Offenheit hilft uns, unsere Arbeit, unsere Projekte und unser Miteinander fortwährend weiterzuentwickeln und zu verbessern.</p>\\n\\n\\n\\n<p>Bei unserer Arbeit vor Ort spielen Synergien eine große Rolle. Mit einem einzigen Projekt können die Menschen also gleich mehrere Probleme angehen und lösen. Auch kleine Spenden entfalten so eine maximale Wirkung und verändern Menschen, Gemeinschaften und Strukturen ganzheitlich und nachhaltig.</p>\\n\\n\\n\"}}','2018-07-30 15:24:21','2018-07-30 15:24:21','98f1fdb1-effb-4fea-a9dc-202bd59f22b1'),(66,68,8,1,1,1,'','{\"typeId\":\"8\",\"authorId\":\"1\",\"title\":\"Empfehlungen\",\"slug\":\"empfehlungen\",\"postDate\":1533027300,\"expiryDate\":null,\"enabled\":true,\"newParentId\":\"\",\"fields\":{\"1\":[],\"2\":\"<p>Chance kommt an. Nicht nur bei den Menschen vor Ort, sondern auch bei unseren Partnern in Deutschland.</p>\\n\\n<p><a href=\\\"https://aufbau-website.de/craft/web/ueberUns/empfehlungen.html\\\">Lesen Sie selbst, was sie über uns sagen </a></p>\"}}','2018-07-31 08:55:44','2018-07-31 08:55:44','3151a2c5-5aa5-40f1-9fc4-494bee293528'),(67,69,8,1,1,1,'','{\"typeId\":\"8\",\"authorId\":\"1\",\"title\":\"Christian Oelke\",\"slug\":\"christian-oelke\",\"postDate\":1533027360,\"expiryDate\":null,\"enabled\":true,\"newParentId\":\"68\",\"fields\":{\"3\":\"<p>evangelischer Pfarrer</p>\",\"1\":[],\"2\":\"<p>„Chance e.V. nimmt christliche Verantwortung für die Welt ernst. Seine klaren Werte und Ziele setzt der Verein auf allen Ebenen um.“</p>\\n\\n\\n\\n<p>Weiterlesen</p>\"}}','2018-07-31 08:56:39','2018-07-31 08:56:39','7cd3e222-d11a-4560-ad78-5fe9564ff8ee'),(68,70,8,1,1,1,'','{\"typeId\":\"8\",\"authorId\":\"1\",\"title\":\"Bernhard Röckle\",\"slug\":\"bernhard-röckle\",\"postDate\":1533027420,\"expiryDate\":null,\"enabled\":true,\"newParentId\":\"68\",\"fields\":{\"3\":\"<p>Mitglied im Hauptvorstand der Volksmission</p>\\n\",\"1\":[],\"2\":\"<p>„Bei Chance e.V. beeindruckt mich die Passion der Verantwortlichen für das Anliegen, den Schwachen und Benachteiligten eine \\\"Chance\\\" zu geben. Vision und Persönlichkeit stimmen dabei wohltuend überein. Authentizität und Bescheidenheit ergeben einen angenehmen Wohlklang. Prädikat: absolut empfehlenswert!“</p>\\n\\n\\n\\n\\n\\n\\n\\n\"}}','2018-07-31 08:57:36','2018-07-31 08:57:36','4e058a6e-b8b5-4ddf-b89f-8d405c0c803e'),(69,71,8,1,1,1,'','{\"typeId\":\"8\",\"authorId\":\"1\",\"title\":\"Theo Weyandt\",\"slug\":\"theo-weyandt\",\"postDate\":1533027480,\"expiryDate\":null,\"enabled\":true,\"newParentId\":\"68\",\"fields\":{\"3\":\"<p>Ev.-freik. Gemeinde Berlin-Wannsee</p>\",\"1\":[],\"2\":\"<p>„Chance e.V. ist eine authentische und glaubwürdige Arbeit, die noch mehr Unterstützung verdient.“</p>\\n\\n\\n<p>Weiterlesen</p>\"}}','2018-07-31 08:58:06','2018-07-31 08:58:06','32c0e0ee-be5d-416c-8f19-e5968eaf2b72'),(70,72,8,1,1,1,'','{\"typeId\":\"8\",\"authorId\":\"1\",\"title\":\"Birgit Steinheuer\",\"slug\":\"birgit-steinheuer\",\"postDate\":1533027540,\"expiryDate\":null,\"enabled\":true,\"newParentId\":\"68\",\"fields\":{\"3\":\"<p>Gemeindezentrum Dabringhausen (EfG)</p>\",\"1\":[],\"2\":\"<p>„Die Liebe und Gnade Gottes zeigen sich in der Arbeit von Chance e.V. ganz deutlich. Der Verein begleitet die Menschen durch Bildung, Patenschaften und Hilfe zur Selbsthilfe. Ohne Chance e.V. sind sie der Korruption, Willkür, Armut und Umweltzerstörung hilflos ausgesetzt.“ </p>\\n\\n\\n\\n\\n\\n\\n<p>Weiterlesen</p>\"}}','2018-07-31 08:59:01','2018-07-31 08:59:01','42e23c2b-336b-4756-838a-f5adc6fa66e5'),(71,73,8,1,1,1,'','{\"typeId\":\"8\",\"authorId\":\"1\",\"title\":\"Christian Meissner \",\"slug\":\"christian-meissner\",\"postDate\":1533027540,\"expiryDate\":null,\"enabled\":true,\"newParentId\":\"68\",\"fields\":{\"3\":\"<p>Pastor, Freie Ev. Gemeinde Köln-Mülheim</p>\",\"1\":[],\"2\":\"<p>„So sollte Mission aussehen! Das Konzept von Chance e.V. überzeugt mich dadurch, dass christliches Engagement und Entwicklungszusammenarbeit hier zusammengehören.“ </p>\\n\\n\\n\\n\\n<p>Weiterlesen</p>\"}}','2018-07-31 08:59:39','2018-07-31 08:59:39','005b98c7-37c4-47f8-a6a6-da67213bff19'),(72,74,8,1,1,1,'','{\"typeId\":\"8\",\"authorId\":\"1\",\"title\":\"Philipp Scheld (Pastor)\",\"slug\":\"philipp-scheld-pastor\",\"postDate\":1533027600,\"expiryDate\":null,\"enabled\":true,\"newParentId\":\"68\",\"fields\":{\"3\":\"<p>Freie Ev. Gemeinde Ludwigsburg</p>\",\"1\":[],\"2\":\"<p>„Uns als Gemeinde begeistert der Ansatz nachhaltiger Entwicklung auf der Grundlage von christlichen Werten. Alle Menschen sollen nach Gottes Willen ein würdevolles Leben führen.“ </p>\\n\\n\\n\\n\\n<p>Weiterlesen</p>\"}}','2018-07-31 09:00:13','2018-07-31 09:00:13','032472ad-930c-4ef1-a441-1e39d76eaabf'),(73,75,8,1,1,1,'','{\"typeId\":\"8\",\"authorId\":\"1\",\"title\":\"Uli Thomas\",\"slug\":\"uli-thomas\",\"postDate\":1533027600,\"expiryDate\":null,\"enabled\":true,\"newParentId\":\"68\",\"fields\":{\"3\":\"<p>Lebenswert- Stadtkirche Köln</p>\",\"1\":[],\"2\":\"<p>„Nach unserem Verständnis haben wir Christen den Auftrag, uns umfassend für arme und schwache Menschen einzusetzen – also sozial, politisch und geistlich. Darum freuen wir uns, mit Chance e. V. eine Organisation gefunden zu haben, die genau das auf eine liebevolle und authentische Art tut.“</p>\\n\\n\\n\\n\\n\\n\\n\\n<p>Weiterlesen</p>\"}}','2018-07-31 09:00:54','2018-07-31 09:00:54','36aae62d-c2e7-44e5-9d9f-7ba83c58b0c3'),(74,76,8,1,1,1,'','{\"typeId\":\"8\",\"authorId\":\"1\",\"title\":\"Markus Wehrstedt\",\"slug\":\"markus-wehrstedt\",\"postDate\":1533027660,\"expiryDate\":null,\"enabled\":true,\"newParentId\":\"68\",\"fields\":{\"3\":\"<p>Encourager-Stiftung</p>\",\"1\":[],\"2\":\"<p>„Die Hoffnung Gottes hat in Chance e.V. Gestalt angenommen. So erlebe ich den Dienst dieses Vereins seit 2008. Aus diesem Grund hat die Encourager-Stiftung die Projekte von Chance e.V. schon mehrfach finanziell unterstützt.“ </p>\\n\\n\\n\\n\\n\\n<p>Weiterlesen</p>\"}}','2018-07-31 09:01:27','2018-07-31 09:01:27','61ef958f-15b9-4466-87ab-bb77d384661a'),(75,77,8,1,1,1,'','{\"typeId\":\"8\",\"authorId\":\"1\",\"title\":\"Wilfried Eckhoff\",\"slug\":\"wilfried-eckhoff\",\"postDate\":1533027720,\"expiryDate\":null,\"enabled\":true,\"newParentId\":\"68\",\"fields\":{\"3\":\"<p>Evangelisch-Freikirchliche Gemeinde Schwelm</p>\\n\",\"1\":[],\"2\":\"<p>„Hier wird die christliche Botschaft ganzheitlich verstanden und gelebt. Dazu gehören Menschenwürde, Gerechtigkeit und der verantwortliche Umgang mit sich selbst, mit anderen und der Umwelt.“</p><p>Weiterlesen</p>\\n\\n\\n\\n\\n\"}}','2018-07-31 09:02:04','2018-07-31 09:02:04','d1a7e9a3-625f-4fb4-a875-c07517e003a0'),(76,78,9,1,1,1,'','{\"typeId\":\"9\",\"authorId\":\"1\",\"title\":\"Wo wir arbeiten\",\"slug\":\"wo-wir-arbeiten\",\"postDate\":1533029880,\"expiryDate\":null,\"enabled\":true,\"newParentId\":\"\",\"fields\":{\"1\":[],\"2\":\"<p>Chance e.V. ist in Peru und Kenia aktiv – in den Regenwäldern Amazoniens und den Savannen am Rande der Maasai Mara. </p>\\n\\n\\n<p>Entdecken Sie die Regionen</p>\"}}','2018-07-31 09:38:03','2018-07-31 09:38:03','a2dfc420-a270-4dfa-bc9f-43530c0d5c25'),(77,79,9,1,1,1,'','{\"typeId\":\"9\",\"authorId\":\"1\",\"title\":\"Programme\",\"slug\":\"programme\",\"postDate\":1533029880,\"expiryDate\":null,\"enabled\":true,\"newParentId\":\"\",\"fields\":{\"1\":[],\"2\":\"<p>Mit drei nachhaltigen Programmen zum Ziel: Dorfentwicklung, Kinderpatenschaft sowie Natur- und Umweltschutz. </p>\\n\\n\\n<p>Erkunden Sie unsere Programme</p>\"}}','2018-07-31 09:38:40','2018-07-31 09:38:40','37cfaace-a845-4c34-be13-dabc5b1c221c'),(78,80,9,1,1,1,'','{\"typeId\":\"9\",\"authorId\":\"1\",\"title\":\"Themen\",\"slug\":\"themen\",\"postDate\":1533029940,\"expiryDate\":null,\"enabled\":true,\"newParentId\":\"\",\"fields\":{\"1\":[],\"2\":\"<p>Armutsbekämpfung, Bildung, christliches Engagement, Soziales sowie Umwelt- und Naturschutz sind wichtige Themen für uns.</p>\\n\\n\\n<p>Erfahren Sie, was sich dahinter verbirgt</p>\"}}','2018-07-31 09:39:05','2018-07-31 09:39:05','ce638f61-71ee-4338-8996-abb8c35d2550'),(79,81,9,1,1,1,'','{\"typeId\":\"9\",\"authorId\":\"1\",\"title\":\"Erfahrungsberichte\",\"slug\":\"erfahrungsberichte\",\"postDate\":1533029940,\"expiryDate\":null,\"enabled\":true,\"newParentId\":\"\",\"fields\":{\"1\":[],\"2\":\"<p>Durch unsere Projekte haben Menschen neue Perspektiven gefunden.</p>\\n\\n<p>Lernen Sie die Menschen kennen</p>\"}}','2018-07-31 09:39:27','2018-07-31 09:39:27','468787d3-c05e-4577-a764-972c96c7d985'),(80,82,9,1,1,1,'','{\"typeId\":\"9\",\"authorId\":\"1\",\"title\":\"Projektberichte\",\"slug\":\"projektberichte\",\"postDate\":1533029940,\"expiryDate\":null,\"enabled\":true,\"newParentId\":\"\",\"fields\":{\"1\":[],\"2\":\"<p>Unsere vielfältigen Projekte verändern das Schicksal von Einzelnen und ganzen Dorfgemeinschaften positiv. </p>\\n\\n\\n<p>Erfahren Sie, wie wir konkret arbeiten</p>\"}}','2018-07-31 09:39:52','2018-07-31 09:39:52','06bf680a-ea18-45ac-870a-9ba3753ee18b'),(81,83,9,1,1,1,'','{\"typeId\":\"9\",\"authorId\":\"1\",\"title\":\"Peru\",\"slug\":\"peru\",\"postDate\":1533035400,\"expiryDate\":null,\"enabled\":true,\"newParentId\":\"78\",\"fields\":{\"3\":\"<p>Das Einsatzgebiet von Chance e.V. in Peru liegt in der Provinz Oxapampa. Diese ist fast 19000 km² groß und liegt in den Regenwäldern der Andenvorgebirge, wo die Berge allmählich ins Amazonastiefland übergehen.</p>\\n\\n\",\"1\":[]}}','2018-07-31 11:10:58','2018-07-31 11:10:58','af897187-65c7-4c73-9339-d26a3f3026f5'),(82,84,9,1,1,1,'','{\"typeId\":\"9\",\"authorId\":\"1\",\"title\":\"Villa Rica\",\"slug\":\"villa-rica\",\"postDate\":1533035460,\"expiryDate\":null,\"enabled\":true,\"newParentId\":\"78\",\"fields\":{\"1\":[],\"2\":\"<p>Das Chance-Projektzentrum befindet sich hier in dem kleinen Dschungelstädtchen Villa Rica auf 1500 Metern Höhe. Ausgehend von Villa Rica begleitet unser lokales Team einige hundert Patenkinder und ihre Familien. Von hier aus organisiert es die Arbeit mit zwei Dutzend Indianergemeinschaften und Dschungeldörfern und betreut den Chance-Regenwald, ein 180 km² großes vereinseigenes Schutzgebiet, das Chance e.V. von der Forstbehörde anvertraut wurde.</p>\\n\\n\\n\\n\"}}','2018-07-31 11:11:42','2018-07-31 11:11:42','648f1e47-11f7-4d37-af5d-32b0103a98e6'),(83,85,9,1,1,1,'','{\"typeId\":\"9\",\"authorId\":\"1\",\"title\":\"Indigene Bevölkerung\",\"slug\":\"indigene-bevölkerung\",\"postDate\":1533035760,\"expiryDate\":null,\"enabled\":true,\"newParentId\":\"83\",\"fields\":{\"1\":[],\"2\":\"<p>Die Yánesha- und Asháninka-Indianer leben seit Jahrtausenden in der Region. Ab 1635 gab es immer wieder katholische Missionen und seit dem späten 19. Jahrhundert drangen immer mehr Siedler, zunächst aus Deutschland und später aus den Anden, in die Heimat der Indianer vor. Heute stellen die Yánesha und Asháninka deshalb die mit Abstand kleinste und ärmste Bevölkerungsgruppe. Die wohlhabendste Gruppe sind die Nachfahren der Deutschen, die auf ehemaligem Indianerland Plantagen und Viehzucht betreiben und einige deutsche Traditionen bis heute pflegen. </p>\\n\\n\\n\\n\\n\\n\\n<p>Die indianische Bevölkerung wurde in ein paar Dutzend reservatähnliche Gemeinschaften zurückgedrängt und hat nicht nur über 95 Prozent ihres ursprünglichen Landes verloren, auch ihre Sprache, sozialen Strukturen und Lebensweise konnten dem Druck der Siedler kaum standhalten. Identitätsverlust, Entwurzelung, Umweltzerstörung, Armut und Perspektivlosigkeit bestimmen deshalb das Leben der Menschen, die versuchen, die Folgen von Fremdbestimmung und Landraub irgendwie zu bewältigen.</p>\\n\\n\\n\\n\\n\"}}','2018-07-31 11:16:01','2018-07-31 11:16:01','3ee4e111-ea92-47a1-bb56-ff20bd5cf627'),(84,86,9,1,1,1,'','{\"typeId\":\"9\",\"authorId\":\"1\",\"title\":\"Wirtschaft\",\"slug\":\"wirtschaft\",\"postDate\":1533035760,\"expiryDate\":null,\"enabled\":true,\"newParentId\":\"83\",\"fields\":{\"1\":[],\"2\":\"<p>Kaffeeanbau, Viehzucht und Holzwirtschaft sind die wichtigsten Wirtschaftszweige der Provinz. Stellenweise gibt es illegale Kokaplantagen, die von Kriminellen Gruppen betreut werden. Die Situation der meisten Einwohner ist schwierig. Als landlose Tagelöhner, verdingen sie sich auf Plantagen und leben in großer Armut.</p>\\n\\n\\n\\n<p>Obwohl fast die ganze Provinz UN-Biosphärenreservat ist, wird das Überleben der Wälder und Dorfgemeinschaften von illegalem Holzeinschlag, Landraub, Erdgasförderung, Korruption und Klimawandel bedroht. </p>\\n\\n\\n<p>Dieser komplexen Problemlage setzt Chance e.V. durch nachhaltige Entwicklung ganzheitliche Lösungsansätze entgegen – für Mensch und Schöpfung.</p>\\n\"}}','2018-07-31 11:16:58','2018-07-31 11:16:58','f23840a5-65dc-4ffe-8dcb-d91294e85fc8'),(85,87,9,1,1,1,'','{\"typeId\":\"9\",\"authorId\":\"1\",\"title\":\"Kenia\",\"slug\":\"kenia\",\"postDate\":1533035820,\"expiryDate\":null,\"enabled\":true,\"newParentId\":\"78\",\"fields\":{\"3\":\"<p>In Kenia konzentrieren unsere Projekte sich auf das Narok County, wo Chance e.V. verschiedene Maasai-Gemeinschaften dabei begleitet, ihre Situation durch nachhaltige Entwicklung zu verbessern: Im Hügelland von Olereko entstanden verschiedene landwirtschaftliche Projekte, eine Dorfschule und ein Bildungs- und Sozialprogramm für Kinder.</p>\",\"1\":[]}}','2018-07-31 11:17:41','2018-07-31 11:17:41','e1a36437-f3a9-4298-a910-34ccd8afbcfe'),(86,88,9,1,1,1,'','{\"typeId\":\"9\",\"authorId\":\"1\",\"title\":\"Der halbnomadische Lebenswandel ist bedroht\",\"slug\":\"der-halbnomadische-lebenswandel-ist-bedroht\",\"postDate\":1533035880,\"expiryDate\":null,\"enabled\":true,\"newParentId\":\"87\",\"fields\":{\"1\":[],\"2\":\"<p>Der halbnomadische Lebenswandel, der das Leben der Menschen bis vor wenigen Jahren prägte, ist heute durch Bevölkerungswachstum, Klimawandel und eine verfehlte Landpolitik nicht mehr möglich. Die staatlich verordnete Privatisierung des Gemeinschaftslandes hat dazu geführt, dass überall Zäune errichtet werden. Dies hat zur Folge, dass die Maasai dem Regen mit ihren Rinderherden nicht mehr hinterherziehen können. Bleibt der Regen dann aus, was in den letzten Jahren immer häufiger vorkommt und zu katastrophalen Dürren führt, wird das Gras knapp, die Rinder verhungern und die wirtschaftliche Grundlage der Menschen wird vernichtet. Hunger und Elend bedrohen dann vor allem Frauen und Kinder.</p>\\n\\n\\n\\n\\n\\n\\n\"}}','2018-07-31 11:18:49','2018-07-31 11:18:49','d3657dcb-0df5-4cd0-bbc3-46532dc3e45e'),(87,89,9,1,1,1,'','{\"typeId\":\"9\",\"authorId\":\"1\",\"title\":\"Safaritourismus Segen und Gefahr zugleich\",\"slug\":\"safaritourismus-segen-und-gefahr-zugleich\",\"postDate\":1533035940,\"expiryDate\":null,\"enabled\":true,\"newParentId\":\"87\",\"fields\":{\"1\":[],\"2\":\"<p>Gleichzeitig stellt die Fragmentierung der Landschaft durch Zäune eine große Gefahr für die zweite Wirtschaftsgrundlage der Region dar: den Safaritourismus. Die Touristen kommen, um wilde Tiere zu sehen. Jedes Jahr erreichen riesige Herden aus der Serengeti auch Siana. Um von den Einnahmen des Tourismus zu profitieren, haben viele Dorfgemeinschaften dorfeigene Schutzgebiete geschaffen, so auch Siana. Doch halten sich die großen Herden nicht an die Grenzen der Schutzgebiete und folgen uralten Wanderrouten, bis sie wieder ein Schutzgebiet erreichen. Auch ihnen versperren die Zäune den Weg. Das führt auch wegen der zunehmenden Trockenheit zu immer häufigeren Konflikten zwischen Mensch und Tier und die Einnahmen aus dem Tourismus gehen zurück</p>\\n\\n\\n\\n\\n\\n\\n\"}}','2018-07-31 11:19:35','2018-07-31 11:19:35','a4f949ad-d6dc-4f34-884a-3b335320142d'),(88,90,9,1,1,1,'','{\"typeId\":\"9\",\"authorId\":\"1\",\"title\":\"Arbeitsplätze, Bildung und medizinisches Versorgung sind Mangelware\",\"slug\":\"arbeitsplätze-bildung-und-medizinisches-versorgung-sind-mangelware\",\"postDate\":1533035940,\"expiryDate\":null,\"enabled\":true,\"newParentId\":\"87\",\"fields\":{\"1\":[],\"2\":\"<p>Es gibt kaum Arbeitsplätze, Bildungsangebote und medizinische Versorgung. Frauen und Mädchen sind bis heute benachteiligt und die sozialen Strukturen brechen zusammen, was die Krise der Menschen verschärft. Die Folge sind Armut und Orientierungslosgikeit sowie eine immer weiter fortschreitende Zerstörung der Natur.</p>\\n\\n\\n\"}}','2018-07-31 11:19:57','2018-07-31 11:19:57','8e48d3ca-0d77-4655-ba5d-b58d76956975'),(89,91,9,1,1,1,'','{\"typeId\":\"9\",\"authorId\":\"1\",\"title\":\"Gemeinsam eine Chance bieten\",\"slug\":\"gemeinsam-eine-chance-bieten\",\"postDate\":1533036000,\"expiryDate\":null,\"enabled\":true,\"newParentId\":\"87\",\"fields\":{\"1\":[],\"2\":\"<p>Gemeinsam mit unserer lokalen Partnerorganisation begleiten wir besonders die Bevölkerung in den Wildkorridoren dabei, sich an die veränderten Bedingungen anzupassen, ihre Armut zu bekämpfen, ihre Lebensbedingungen selbstbestimmt zu verbessern und die Natur zu bewahren. <br /></p>\\n\\n\\n\"}}','2018-07-31 11:20:30','2018-07-31 11:20:30','0a0c1b93-7bd7-459c-989e-c3e6b5dfd3b8'),(90,84,9,1,1,2,'','{\"typeId\":\"9\",\"authorId\":\"1\",\"title\":\"Villa Rica\",\"slug\":\"villa-rica\",\"postDate\":1533035460,\"expiryDate\":null,\"enabled\":true,\"newParentId\":\"83\",\"fields\":{\"1\":[],\"2\":\"<p>Das Chance-Projektzentrum befindet sich hier in dem kleinen Dschungelstädtchen Villa Rica auf 1500 Metern Höhe. Ausgehend von Villa Rica begleitet unser lokales Team einige hundert Patenkinder und ihre Familien. Von hier aus organisiert es die Arbeit mit zwei Dutzend Indianergemeinschaften und Dschungeldörfern und betreut den Chance-Regenwald, ein 180 km² großes vereinseigenes Schutzgebiet, das Chance e.V. von der Forstbehörde anvertraut wurde.</p>\"}}','2018-07-31 11:20:47','2018-07-31 11:20:47','b9c5bece-c167-45ce-b0a6-3122b228bc6e'),(91,92,9,1,1,1,'','{\"typeId\":\"9\",\"authorId\":\"1\",\"title\":\"Dorfentwicklung Chancen für Dörfer\",\"slug\":\"dorfentwicklung-chancen-für-dörfer\",\"postDate\":1533036960,\"expiryDate\":null,\"enabled\":true,\"newParentId\":\"79\",\"fields\":{\"1\":[],\"2\":\"<p>Ziel ist die Befähigung der Menschen, das Schicksal ihrer Dörfer selbst in die Hand zu nehmen. </p>\\n\\n\\n<p>Erfahren Sie, wir Dörfer stärken</p>\"}}','2018-07-31 11:36:26','2018-07-31 11:36:26','5b1e58a5-c758-4159-b893-95b46ee39168'),(92,93,9,1,1,1,'','{\"typeId\":\"9\",\"authorId\":\"1\",\"title\":\"Patenschaft Chancen für Kinder &  Familien\",\"slug\":\"patenschaft-chancen-für-kinder-familien\",\"postDate\":1533037020,\"expiryDate\":null,\"enabled\":true,\"newParentId\":\"79\",\"fields\":{\"1\":[],\"2\":\"<p>Wir geben Kindern, Jugendlichen und ihren Familien die Chance, ihre Lebensqualität eigenständig zu verbessern. </p>\\n\\n\\n<p>Erkunden Sie unsere Patenschaft</p>\"}}','2018-07-31 11:37:03','2018-07-31 11:37:03','1a16ed00-90da-4486-b91d-d54d7e4e4351'),(93,94,9,1,1,1,'','{\"typeId\":\"9\",\"authorId\":\"1\",\"title\":\"Umwelt- und Naturschutz Chancen für die Schöpfung\",\"slug\":\"umwelt-und-naturschutz-chancen-für-die-schöpfung\",\"postDate\":1533037020,\"expiryDate\":null,\"enabled\":true,\"newParentId\":\"79\",\"fields\":{\"1\":[],\"2\":\"<p>Mit ökologisch nachhaltiger Entwicklung geben wir Mensch und Schöpfung eine Chance. </p>\\n\\n\\n<p>Erfahren Sie mehr</p>\"}}','2018-07-31 11:37:32','2018-07-31 11:37:32','9aa81fd4-6a7c-4c19-a5e9-84f41903ef9f'),(94,95,9,1,1,1,'','{\"typeId\":\"9\",\"authorId\":\"1\",\"title\":\"Motor ihrer eigenen Entwicklung\",\"slug\":\"motor-ihrer-eigenen-entwicklung\",\"postDate\":1533037440,\"expiryDate\":null,\"enabled\":true,\"newParentId\":\"92\",\"fields\":{\"1\":[],\"2\":\"<p>Statt Menschen zu entmündigen und von Hilfe abhängig zu machen, sind die Dorfbewohner selbst Motor ihrer Entwicklung. Diese beginnt im Innern, umfasst die Bereiche Spiritualität, Kultur, Identität, Werte, persönliche Beziehungen, Ökologie, Bildung und Wirtschaft gleichermaßen und ist gerade deshalb erfolgreich.</p>\\n\\n\\n\\n\\n\\n\"}}','2018-07-31 11:44:04','2018-07-31 11:44:04','beec6e62-b089-4a30-bbc6-49251cfa60fc'),(95,96,9,1,1,1,'','{\"typeId\":\"9\",\"authorId\":\"1\",\"title\":\"Einsatz in Peru\",\"slug\":\"einsatz-in-peru\",\"postDate\":1533037560,\"expiryDate\":null,\"enabled\":true,\"newParentId\":\"92\",\"fields\":{\"1\":[],\"2\":\"<p>Neben den indigenen Gemeinschaften der Yánesha- und Asháninka-Indianer begleiten wir in Peru auch rund ein Dutzend Kleinbauerndörfer rings um den Chance-Regenwald.</p>\\n\\n\\n\"}}','2018-07-31 11:46:25','2018-07-31 11:46:25','dfc61e73-792c-4114-aab6-1414cc8cb1db'),(96,97,9,1,1,1,'','{\"typeId\":\"9\",\"authorId\":\"1\",\"title\":\"Einsatz in Kenia\",\"slug\":\"einsatz-in-kenia\",\"postDate\":1533037560,\"expiryDate\":null,\"enabled\":true,\"newParentId\":\"92\",\"fields\":{\"1\":[],\"2\":\"<p>In Kenia stärken wir Maasai-Dorfgemeinschaften, die durch fehlgeschlagene Landpolitik des Staates in ihrer Existenz akut bedroht sind.</p>\\n\\n\"}}','2018-07-31 11:46:49','2018-07-31 11:46:49','331be71a-88e9-433f-8618-e27f158f8670'),(97,98,9,1,1,1,'','{\"typeId\":\"9\",\"authorId\":\"1\",\"title\":\"Der Fünf-Stufen-Plan\",\"slug\":\"der-fünf-stufen-plan\",\"postDate\":1533037620,\"expiryDate\":null,\"enabled\":true,\"newParentId\":\"92\",\"fields\":{\"1\":[],\"2\":\"<p>Um die nachhaltige Entwicklung und Autonomie der Dorfgemeinschaften zu stärken, folgt unser Konzept einem Fünf-Stufen-Plan. Alle Bevölkerungsgruppen – Alte und Junge, Männer und Frauen – gestalten gemeinsam die nachhaltige Entwicklung ihres Dorfes und schaffen die Grundlage für würdevolles Leben.</p>\\n\\n\\n\\n\"}}','2018-07-31 11:47:37','2018-07-31 11:47:37','18e5888d-bc5f-4e7c-9c39-e81f2d26bb1a'),(98,99,9,1,1,1,'','{\"typeId\":\"9\",\"authorId\":\"1\",\"title\":\"Stufe 1: Dialog, Reflexion und Sensibilisierung\",\"slug\":\"stufe-1-dialog-reflexion-und-sensibilisierung\",\"postDate\":1533037620,\"expiryDate\":null,\"enabled\":true,\"newParentId\":\"98\",\"fields\":{\"1\":[]}}','2018-07-31 11:47:55','2018-07-31 11:47:55','1c5b3000-617d-41e1-8fd6-045bb6e8ff80'),(99,100,9,1,1,1,'','{\"typeId\":\"9\",\"authorId\":\"1\",\"title\":\"Stufe 2: Selbstdiagnose\",\"slug\":\"stufe-2-selbstdiagnose\",\"postDate\":1533037680,\"expiryDate\":null,\"enabled\":true,\"newParentId\":\"98\",\"fields\":{\"1\":[],\"2\":\"<p>Die Dorfbewohner machen sich die Lage ihrer Gemeinschaft bewusst und formulieren Antworten auf wichtige Fragen: Was können wir aus unserer Geschichte lernen? Was sind unsere Probleme und wie lösen wir Konflikte? Wer sind unsere Verbündeten, wer unsere Gegner? Was sind unsere Stärken und Schwächen? Wovon träumen wir? Wovor haben wir Angst? Wie können wir unseren größten Gefahren begegnen? Diese Erkenntnisse bilden die Grundlage für das weitere Vorgehen.</p>\\n\\n\\n\\n\"}}','2018-07-31 11:48:29','2018-07-31 11:48:29','5ff5b9dc-ff86-4459-b549-aba9f051e3eb'),(100,101,9,1,1,1,'','{\"typeId\":\"9\",\"authorId\":\"1\",\"title\":\"Stufe 3: Dorfsatzung\",\"slug\":\"stufe-3-dorfsatzung\",\"postDate\":1533037680,\"expiryDate\":null,\"enabled\":true,\"newParentId\":\"98\",\"fields\":{\"1\":[]}}','2018-07-31 11:48:36','2018-07-31 11:48:36','ee3b352d-a46b-447b-a660-82eb8901b832'),(101,102,9,1,1,1,'','{\"typeId\":\"9\",\"authorId\":\"1\",\"title\":\"Stufe 4: Plan für gelingendes Leben\",\"slug\":\"stufe-4-plan-für-gelingendes-leben\",\"postDate\":1533037680,\"expiryDate\":null,\"enabled\":true,\"newParentId\":\"98\",\"fields\":{\"1\":[]}}','2018-07-31 11:48:43','2018-07-31 11:48:43','3c10f3be-7e4e-470c-8eb6-4a1c93bd8f74'),(102,103,9,1,1,1,'','{\"typeId\":\"9\",\"authorId\":\"1\",\"title\":\"Stufe 5: Umsetzung des Plans für gelingendes Leben\",\"slug\":\"stufe-5-umsetzung-des-plans-für-gelingendes-leben\",\"postDate\":1533037680,\"expiryDate\":null,\"enabled\":true,\"newParentId\":\"98\",\"fields\":{\"1\":[]}}','2018-07-31 11:49:09','2018-07-31 11:49:09','175a4355-be8d-4830-bf26-301af8b8cb61'),(103,104,9,1,1,1,'','{\"typeId\":\"9\",\"authorId\":\"1\",\"title\":\"Das Ziel: starke Dörfer\",\"slug\":\"das-ziel-starke-dörfer\",\"postDate\":1533037800,\"expiryDate\":null,\"enabled\":true,\"newParentId\":\"92\",\"fields\":{\"3\":\"<p>Ziel unserer Arbeit mit Dorfgemeinschaften sind starke Dörfer. Sie stehen auf eigenen Beinen und regeln alle Angelegenheiten erfolgreich selbst:</p>\\n\",\"1\":[]}}','2018-07-31 11:50:32','2018-07-31 11:50:32','0fb10400-873a-465c-a2a7-55d18ffa2d0f'),(104,105,9,1,1,1,'','{\"typeId\":\"9\",\"authorId\":\"1\",\"title\":\"1. spalte\",\"slug\":\"1-spalte\",\"postDate\":1533037920,\"expiryDate\":null,\"enabled\":true,\"newParentId\":\"92\",\"fields\":{\"1\":[],\"2\":\"<p>Die Dorfgemeinschaft ist staatlich anerkannt.</p>\\n<p>Ihr Territorium ist dauerhaft gegen Landräuber und korrupte Beamte gesichert.</p>\\n\\n<p>Ihre Selbstverwaltung wird durch eine ganzheitliche Dorfsatzung effizient geregelt.</p>\\n\"}}','2018-07-31 11:52:28','2018-07-31 11:52:28','50636704-b30d-4c00-a725-6f455696d140'),(105,95,9,1,1,2,'','{\"typeId\":\"9\",\"authorId\":\"1\",\"title\":\"Motor ihrer eigenen Entwicklung\",\"slug\":\"motor\",\"postDate\":1533037440,\"expiryDate\":null,\"enabled\":true,\"newParentId\":\"92\",\"fields\":{\"1\":[],\"2\":\"<p>Statt Menschen zu entmündigen und von Hilfe abhängig zu machen, sind die Dorfbewohner selbst Motor ihrer Entwicklung. Diese beginnt im Innern, umfasst die Bereiche Spiritualität, Kultur, Identität, Werte, persönliche Beziehungen, Ökologie, Bildung und Wirtschaft gleichermaßen und ist gerade deshalb erfolgreich.</p>\"}}','2018-07-31 12:02:38','2018-07-31 12:02:38','15c834b4-528e-4601-8b17-6d194821e4ab'),(106,96,9,1,1,2,'','{\"typeId\":\"9\",\"authorId\":\"1\",\"title\":\"Einsatz in Peru\",\"slug\":\"einsatz-in-peru\",\"postDate\":1533037560,\"expiryDate\":null,\"enabled\":true,\"newParentId\":\"92\",\"fields\":{\"1\":[],\"2\":\"<p>Neben den indigenen Gemeinschaften der Yánesha- und Asháninka-Indianer begleiten wir in Peru auch rund ein Dutzend Kleinbauerndörfer rings um den Chance-Regenwald.</p>\"}}','2018-07-31 12:03:24','2018-07-31 12:03:24','79c148ae-bd92-458b-b3a4-5dd187c3a559'),(107,98,9,1,1,2,'','{\"typeId\":\"9\",\"authorId\":\"1\",\"title\":\"Der Fünf-Stufen-Plan\",\"slug\":\"der-fünf-stufen-plan\",\"postDate\":1533037620,\"expiryDate\":null,\"enabled\":true,\"newParentId\":\"92\",\"fields\":{\"3\":\"<p>Um die nachhaltige Entwicklung und Autonomie der Dorfgemeinschaften \\nzu stärken, folgt unser Konzept einem Fünf-Stufen-Plan. Alle \\nBevölkerungsgruppen – Alte und Junge, Männer und Frauen – gestalten \\ngemeinsam die nachhaltige Entwicklung ihres Dorfes und schaffen die \\nGrundlage für würdevolles Leben.</p>\",\"1\":[]}}','2018-07-31 12:11:32','2018-07-31 12:11:32','5f458b67-6169-469a-ac81-64707363a6cd'),(108,92,9,1,1,2,'','{\"typeId\":\"9\",\"authorId\":\"1\",\"title\":\"Dorfentwicklung Chancen für Dörfer\",\"slug\":\"dorfentwicklung-chancen-für-dörfer\",\"postDate\":1533036960,\"expiryDate\":null,\"enabled\":true,\"newParentId\":\"79\",\"fields\":{\"1\":[],\"2\":\"<p>Ziel ist die Befähigung der Menschen, das Schicksal ihrer Dörfer selbst in die Hand zu nehmen. </p>\\n<p>Erfahren Sie, wir Dörfer stärken</p>\"}}','2018-08-01 09:24:39','2018-08-01 09:24:39','e6cca2a5-15de-40fd-bac5-3fabc8b1d60a'),(109,105,9,1,1,2,'','{\"typeId\":\"9\",\"authorId\":\"1\",\"title\":\"1. spalte\",\"slug\":\"1-spalte\",\"postDate\":1533037920,\"expiryDate\":null,\"enabled\":true,\"newParentId\":\"104\",\"fields\":{\"1\":[],\"2\":\"<p>Die Dorfgemeinschaft ist staatlich anerkannt.</p>\\n<p>Ihr Territorium ist dauerhaft gegen Landräuber und korrupte Beamte gesichert.</p>\\n<p>Ihre Selbstverwaltung wird durch eine ganzheitliche Dorfsatzung effizient geregelt.</p>\"}}','2018-08-01 09:26:25','2018-08-01 09:26:25','f979a1ab-e742-445f-9de4-38010785ecf0'),(110,106,9,1,1,1,'','{\"typeId\":\"9\",\"authorId\":\"1\",\"title\":\"Teilhabe\",\"slug\":\"teilhabe\",\"postDate\":1533115620,\"expiryDate\":null,\"enabled\":true,\"newParentId\":\"104\",\"fields\":{\"1\":[],\"2\":\"<p>Die gleichberechtigte Teilhabe von Männern und Frauen sowie aller anderen Bevölkerungsgruppen ist garantiert.</p>\\n\\n\\n<p>Identität und Selbstachtung der Menschen sind gestärkt, ihre Bildung organisiert.</p>\\n\\n<p>Die Bewahrung und verantwortungsbewusste Nutzung der natürlichen Ressourcen des Dorfes ist sichergestellt.</p>\\n\\n\"}}','2018-08-01 09:27:10','2018-08-01 09:27:10','c9590e1b-f6f4-4032-b23a-d51852af4085'),(111,107,9,1,1,1,'','{\"typeId\":\"9\",\"authorId\":\"1\",\"title\":\"Dorfentwicklungsplan\",\"slug\":\"dorfentwicklungsplan\",\"postDate\":1533115620,\"expiryDate\":null,\"enabled\":true,\"newParentId\":\"104\",\"fields\":{\"1\":[],\"2\":\"<p>Die Dorfgemeinschaft hat eine nachhaltige und ganzheitliche Entwicklungsstrategie erarbeitet, den so genannten Dorfentwicklungsplan.</p>\\n\\n\\n<p>Durch eine geordnete und nachhaltige wirtschaftliche Entwicklung können die Dorfbewohner Schritt für Schritt und aus eigener Kraft der Armut entkommen.</p>\\n\\n\\n\"}}','2018-08-01 09:27:47','2018-08-01 09:27:47','c12079bf-37f6-4d1c-9017-cefc598ce0c3'),(112,105,9,1,1,3,'','{\"typeId\":\"9\",\"authorId\":\"1\",\"title\":\"Territorium\",\"slug\":\"territorium\",\"postDate\":1533037920,\"expiryDate\":null,\"enabled\":true,\"newParentId\":\"104\",\"fields\":{\"1\":[],\"2\":\"<p>Die Dorfgemeinschaft ist staatlich anerkannt.</p>\\n<p>Ihr Territorium ist dauerhaft gegen Landräuber und korrupte Beamte gesichert.</p>\\n<p>Ihre Selbstverwaltung wird durch eine ganzheitliche Dorfsatzung effizient geregelt.</p>\"}}','2018-08-01 09:28:11','2018-08-01 09:28:11','037d790f-761d-49fb-84a8-276813e4b453'),(113,108,9,1,1,1,'','{\"typeId\":\"9\",\"authorId\":\"1\",\"title\":\"Dorfpate werden\",\"slug\":\"dorfpate-werden\",\"postDate\":1533115740,\"expiryDate\":null,\"enabled\":true,\"newParentId\":\"92\",\"fields\":{\"1\":[],\"2\":\"<p>Dorfpate können Sie ab einer monatlichen Spende von 20 Euro oder mehr werden. So helfen Sie bedrohten Dorfgemeinschaften, wieder auf eigenen Beinen zu stehen, die Armut zu bekämpfen, ihre Rechte durchzusetzen und ihren Lebensraum zu bewahren. </p>\\n\\n\\n<p>Bei der Chance-Dorfpatenschaft fallen keine Verwaltungskosten an. 100 % Ihrer Spenden kommen direkt den Menschen in den Dörfern zugute, für die Sie Chancen-Geber werden.</p>\\n\"}}','2018-08-01 09:29:17','2018-08-01 09:29:17','6d271974-a7e4-4733-9529-3e9a1f4a024a'),(114,109,9,1,1,1,'','{\"typeId\":\"9\",\"authorId\":\"1\",\"title\":\"Konzept für gelingendes Leben\",\"slug\":\"gelingendes-leben\",\"postDate\":1533115800,\"expiryDate\":null,\"enabled\":true,\"newParentId\":\"92\",\"fields\":{\"1\":[],\"2\":\"<p>Nur eine starke Gemeinschaft kann ihre Landrechte verteidigen, ihren Lebensraum bewahren, die Armut bekämpfen und eine für alle lebenswerte Zukunft gestalten. Deshalb begleiten wir die Dorfgemeinschaften in diesen Lebensbereichen.</p>\\n\\n\\n\"}}','2018-08-01 09:30:03','2018-08-01 09:30:03','bdf224ec-b0ba-4705-9408-1806af463af8'),(115,110,9,1,1,1,'','{\"typeId\":\"9\",\"authorId\":\"1\",\"title\":\"Warum indigene Gemeinschaften?\",\"slug\":\"warum-indigene-gemeinschaften\",\"postDate\":1533115920,\"expiryDate\":null,\"enabled\":true,\"newParentId\":\"92\",\"fields\":{\"3\":\"<p>Indigene Gemeinschaften und Kleinbauerndörfer gehören zu den am stärksten gefährdeten Bevölkerungsgruppen weltweit.</p>\\n\",\"1\":[],\"2\":\"<p><strong>Rechtsunsicherheit und Landraub:</strong> Obwohl sie die ursprünglichen Eigentümer des Landes sind und die Ressourcen seit Generationen bewahren und nachhaltig nutzen, werden die traditionellen Landrechte der indigenen Bevölkerung häufig missachtet. Immer wieder sind sie Opfer kriminellen Landraubs. Die Landräuber stehlen ihr Land, zerstören ihren Lebensraum und setzen die Gemeinschaften massiv unter Druck. </p>\\n\\n\\n\\n<p><strong>Zerstörung:</strong> Rücksichtslose und auf kurzsichtigen Profit ausgerichtete Umweltzerstörung vernichtet die Lebensgrundlage von Mensch und Schöpfung. Ein Entkommen aus der Armut wird so immer schwieriger. </p>\\n\\n\\n<p><strong>Orientierungslosigkeit:</strong> Ausgrenzung, Diskriminierung und Ausbeutung haben die Identität, Selbstachtung, Selbstbestimmung und wirtschaftliche Lage der Menschen schwer geschädigt. Zwischen Assimilierung und Bewahrung der eigenen Identität gehen Werte verloren. Das führt zu einer Schwächung der Gemeinschaften von innen. </p>\\n\\n\\n\\n<p><strong>Schwache Selbstbestimmung:</strong> Sowohl die Vereinten Nationen als auch die Verfassung Perus garantieren den indigenen Gemeinschaften weitgehende Autonomie. Dennoch fehlt es den Dorfgemeinschaften meist an effektiven Instrumentarien zur Stärkung ihrer inneren Organisation und Selbstverwaltung. Außenstehende nutzen das aus, um sich illegal an den Ressourcen der Menschen zu bereichern. Das führt zu sozialem Unfrieden und immer mehr Armut und Zerstörung. </p>\\n\\n\\n\\n\\n\\n<p><strong>Bildungsmangel:</strong> Den Dorfbewohnern fehlt der Zugang zu Bildung und staatlichen Dienstleistungen. So können sie sich gegen die vielen Bedrohungen ihrer Gemeinschaften kaum zur Wehr setzen. Soziale Ungerechtigkeit zerstört die Lebensperspektive der Menschen. </p>\\n\\n\\n\\n<p><strong>Armut:</strong> All das führt zu extremer Armut, die es den Menschen vielerorts kaum ermöglicht, sich für ihre Gemeinschaften einzusetzen, und verursacht großes persönliches Leid. Peru hat mit 65 verschiedenen indigenen Völkern und über 1700 Gemeinschaften einen verhältnismäßig hohen Anteil Ureinwohner an der Gesamtbevölkerung. Die Maasai sind die größte indigene Gruppe Kenias.</p>\\n\\n\\n\\n\"}}','2018-08-01 09:32:39','2018-08-01 09:32:39','d59a1827-4f5d-4c01-b316-0604bb23ba2c'),(116,104,9,1,1,2,'','{\"typeId\":\"9\",\"authorId\":\"1\",\"title\":\"Das Ziel: starke Dörfer\",\"slug\":\"das-ziel-starke-dörfer\",\"postDate\":1533037800,\"expiryDate\":null,\"enabled\":true,\"newParentId\":\"92\",\"fields\":{\"3\":\"<p>Ziel unserer Arbeit mit Dorfgemeinschaften sind starke Dörfer. Sie stehen auf eigenen Beinen und regeln alle Angelegenheiten erfolgreich selbst:</p>\",\"1\":[]}}','2018-08-01 10:01:17','2018-08-01 10:01:17','dd628493-8940-4ce9-baa4-ff2108414de0'),(117,105,9,1,1,4,'','{\"typeId\":\"9\",\"authorId\":\"1\",\"title\":\"Territorium\",\"slug\":\"territorium\",\"postDate\":1533037920,\"expiryDate\":null,\"enabled\":true,\"newParentId\":\"104\",\"fields\":{\"1\":[],\"2\":\"<p>Die Dorfgemeinschaft ist staatlich anerkannt.</p> <hr /><p>Ihr Territorium ist dauerhaft gegen Landräuber und korrupte Beamte gesichert.</p>\\n<p>Ihre Selbstverwaltung wird durch eine ganzheitliche Dorfsatzung effizient geregelt.</p>\"}}','2018-08-01 10:02:30','2018-08-01 10:02:30','d86d10c7-5310-446b-9d10-c73e641d9ded'),(118,105,9,1,1,5,'','{\"typeId\":\"9\",\"authorId\":\"1\",\"title\":\"Territorium\",\"slug\":\"territorium\",\"postDate\":1533037920,\"expiryDate\":null,\"enabled\":true,\"newParentId\":\"104\",\"fields\":{\"1\":[],\"2\":\"<p>Die Dorfgemeinschaft ist staatlich anerkannt.</p>\\n<hr /><p>Ihr Territorium ist dauerhaft gegen Landräuber und korrupte Beamte gesichert.</p>\\n<hr /><p>Ihre Selbstverwaltung wird durch eine ganzheitliche Dorfsatzung effizient geregelt.</p> <hr />\"}}','2018-08-01 10:03:17','2018-08-01 10:03:17','a9c0080a-b33b-4ad2-be23-f394d5538a3b'),(119,105,9,1,1,6,'','{\"typeId\":\"9\",\"authorId\":\"1\",\"title\":\"Territorium\",\"slug\":\"territorium\",\"postDate\":1533037920,\"expiryDate\":null,\"enabled\":true,\"newParentId\":\"104\",\"fields\":{\"1\":[],\"2\":\"<p>Die Dorfgemeinschaft ist staatlich anerkannt.</p>\\n<hr /><p>Ihr Territorium ist dauerhaft gegen Landräuber und korrupte Beamte gesichert.</p>\\n<hr /><p>Ihre Selbstverwaltung wird durch eine ganzheitliche Dorfsatzung effizient geregelt.</p>\\n<hr />\"}}','2018-08-01 10:03:26','2018-08-01 10:03:26','216c8a25-143f-4564-a13b-ed0aa5ea4629'),(120,106,9,1,1,2,'','{\"typeId\":\"9\",\"authorId\":\"1\",\"title\":\"Teilhabe\",\"slug\":\"teilhabe\",\"postDate\":1533115620,\"expiryDate\":null,\"enabled\":true,\"newParentId\":\"104\",\"fields\":{\"1\":[],\"2\":\"<p>Die gleichberechtigte Teilhabe von Männern und Frauen sowie aller anderen Bevölkerungsgruppen ist garantiert.</p><p><strong>&lt;hr&gt;</strong><br /></p>\\n<p>Identität und Selbstachtung der Menschen sind gestärkt, ihre Bildung organisiert.</p><p><strong>&lt;hr&gt;</strong><br /></p>\\n<p>Die Bewahrung und verantwortungsbewusste Nutzung der natürlichen Ressourcen des Dorfes ist sichergestellt.</p>\"}}','2018-08-01 10:03:42','2018-08-01 10:03:42','b8dff9f9-08e9-481e-a523-790200ce8137'),(121,106,9,1,1,3,'','{\"typeId\":\"9\",\"authorId\":\"1\",\"title\":\"Teilhabe\",\"slug\":\"teilhabe\",\"postDate\":1533115620,\"expiryDate\":null,\"enabled\":true,\"newParentId\":\"104\",\"fields\":{\"1\":[],\"2\":\"<p>Die gleichberechtigte Teilhabe von Männern und Frauen sowie aller anderen Bevölkerungsgruppen ist garantiert.<br /></p>\\n<hr /><p>Identität und Selbstachtung der Menschen sind gestärkt, ihre Bildung organisiert.<br /></p>\\n<hr /><p>Die Bewahrung und verantwortungsbewusste Nutzung der natürlichen Ressourcen des Dorfes ist sichergestellt.</p>\"}}','2018-08-01 10:04:10','2018-08-01 10:04:10','7b56beb7-bb1a-4856-8ad3-e73b3fa1aeea'),(122,106,9,1,1,4,'','{\"typeId\":\"9\",\"authorId\":\"1\",\"title\":\"Teilhabe\",\"slug\":\"teilhabe\",\"postDate\":1533115620,\"expiryDate\":null,\"enabled\":true,\"newParentId\":\"104\",\"fields\":{\"1\":[],\"2\":\"<p>Die gleichberechtigte Teilhabe von Männern und Frauen sowie aller anderen Bevölkerungsgruppen ist garantiert.<br /></p>\\n<hr /><p>Identität und Selbstachtung der Menschen sind gestärkt, ihre Bildung organisiert.<br /></p>\\n<hr /><p>Die Bewahrung und verantwortungsbewusste Nutzung der natürlichen Ressourcen des Dorfes ist sichergestellt.</p>\\n<hr />\"}}','2018-08-01 10:04:23','2018-08-01 10:04:23','b886f310-4223-4647-aad5-635b2f2664ed'),(123,107,9,1,1,2,'','{\"typeId\":\"9\",\"authorId\":\"1\",\"title\":\"Dorfentwicklungsplan\",\"slug\":\"dorfentwicklungsplan\",\"postDate\":1533115620,\"expiryDate\":null,\"enabled\":true,\"newParentId\":\"104\",\"fields\":{\"1\":[],\"2\":\"<p>Die Dorfgemeinschaft hat eine nachhaltige und ganzheitliche Entwicklungsstrategie erarbeitet, den so genannten Dorfentwicklungsplan.</p>\\n<hr /><p>Durch eine geordnete und nachhaltige wirtschaftliche Entwicklung können die Dorfbewohner Schritt für Schritt und aus eigener Kraft der Armut entkommen.</p>\\n<hr />\"}}','2018-08-01 10:04:47','2018-08-01 10:04:47','0674cd1e-866f-466b-8be1-a3ecbfc1dd20'),(124,108,9,1,1,2,'','{\"typeId\":\"9\",\"authorId\":\"1\",\"title\":\"Dorfpate werden\",\"slug\":\"dorfpate-werden\",\"postDate\":1533115740,\"expiryDate\":null,\"enabled\":true,\"newParentId\":\"92\",\"fields\":{\"3\":\"<p>Dorfpate können Sie ab einer monatlichen Spende von 20 Euro oder mehr werden.</p>\",\"1\":[],\"2\":\"<p>So helfen Sie bedrohten Dorfgemeinschaften, wieder auf eigenen Beinen zu stehen, die Armut zu bekämpfen, ihre Rechte durchzusetzen und ihren Lebensraum zu bewahren. </p>\\n<p>Bei der Chance-Dorfpatenschaft fallen keine Verwaltungskosten an. 100 % Ihrer Spenden kommen direkt den Menschen in den Dörfern zugute, für die Sie Chancen-Geber werden.</p>\"}}','2018-08-01 10:08:18','2018-08-01 10:08:18','88035ce8-8fef-47c5-b898-afb845af8829'),(125,108,9,1,1,3,'','{\"typeId\":\"9\",\"authorId\":\"1\",\"title\":\"Dorfpate werden\",\"slug\":\"dorfpate-werden\",\"postDate\":1533115740,\"expiryDate\":null,\"enabled\":true,\"newParentId\":\"92\",\"fields\":{\"3\":\"\",\"1\":[],\"2\":\"<p><strong>Dorfpate können Sie ab einer monatlichen Spende von 20 Euro oder mehr werden.</strong> So helfen Sie bedrohten Dorfgemeinschaften, wieder auf eigenen Beinen zu stehen, die Armut zu bekämpfen, ihre Rechte durchzusetzen und ihren Lebensraum zu bewahren. </p>\\n<p>Bei der Chance-Dorfpatenschaft fallen keine Verwaltungskosten an. 100 % Ihrer Spenden kommen direkt den Menschen in den Dörfern zugute, für die Sie Chancen-Geber werden.</p>\"}}','2018-08-01 10:09:52','2018-08-01 10:09:52','e87c5e99-33ee-43d6-ab58-4bd8c6f815df'),(126,108,9,1,1,4,'','{\"typeId\":\"9\",\"authorId\":\"1\",\"title\":\"Dorfpate werden\",\"slug\":\"dorfpate-werden\",\"postDate\":1533115740,\"expiryDate\":null,\"enabled\":true,\"newParentId\":\"92\",\"fields\":{\"1\":[],\"2\":\"<p><strong>Dorfpate können Sie ab einer monatlichen Spende von 20 Euro oder mehr werden.</strong></p><p>So helfen Sie bedrohten Dorfgemeinschaften, wieder auf eigenen Beinen zu stehen, die Armut zu bekämpfen, ihre Rechte durchzusetzen und ihren Lebensraum zu bewahren. </p>\\n<p>Bei der Chance-Dorfpatenschaft fallen keine Verwaltungskosten an. 100 % Ihrer Spenden kommen direkt den Menschen in den Dörfern zugute, für die Sie Chancen-Geber werden.</p>\"}}','2018-08-01 10:11:33','2018-08-01 10:11:33','7ff44ba1-c4cb-4ec2-aef0-f78685596492'),(127,108,9,1,1,5,'','{\"typeId\":\"9\",\"authorId\":\"1\",\"title\":\"Dorfpate werden\",\"slug\":\"dorfpate-werden\",\"postDate\":1533115740,\"expiryDate\":null,\"enabled\":true,\"newParentId\":\"92\",\"fields\":{\"1\":[],\"2\":\"<p><strong>Dorfpate können Sie ab einer monatlichen Spende von 20 Euro oder mehr werden. </strong>So helfen Sie bedrohten Dorfgemeinschaften, wieder auf eigenen Beinen zu stehen, die Armut zu bekämpfen, ihre Rechte durchzusetzen und ihren Lebensraum zu bewahren. </p>\\n\\n<p>Bei der Chance-Dorfpatenschaft fallen keine Verwaltungskosten an. 100 % Ihrer Spenden kommen direkt den Menschen in den Dörfern zugute, für die Sie Chancen-Geber werden.</p>\"}}','2018-08-01 10:12:12','2018-08-01 10:12:12','f8588700-acef-40bc-9fad-bd7bc9189668'),(128,108,9,1,1,6,'','{\"typeId\":\"9\",\"authorId\":\"1\",\"title\":\"Dorfpate werden\",\"slug\":\"dorfpate-werden\",\"postDate\":1533115740,\"expiryDate\":null,\"enabled\":true,\"newParentId\":\"92\",\"fields\":{\"1\":[],\"2\":\"<p><strong>Dorfpate können Sie ab einer monatlichen Spende von 20 Euro oder mehr werden. </strong> <br /> So helfen Sie bedrohten Dorfgemeinschaften, wieder auf eigenen Beinen zu stehen, die Armut zu bekämpfen, ihre Rechte durchzusetzen und ihren Lebensraum zu bewahren. </p>\\n<p>Bei der Chance-Dorfpatenschaft fallen keine Verwaltungskosten an. 100 % Ihrer Spenden kommen direkt den Menschen in den Dörfern zugute, für die Sie Chancen-Geber werden.</p>\"}}','2018-08-01 10:14:23','2018-08-01 10:14:23','1d874dfe-f99f-4a9e-a788-454b46cdf723'),(129,109,9,1,1,2,'','{\"typeId\":\"9\",\"authorId\":\"1\",\"title\":\"Konzept für gelingendes Leben\",\"slug\":\"gelingendes-leben\",\"postDate\":1533115800,\"expiryDate\":null,\"enabled\":true,\"newParentId\":\"92\",\"fields\":{\"1\":[],\"2\":\"<p>Nur eine starke Gemeinschaft kann ihre Landrechte verteidigen, ihren Lebensraum bewahren, die Armut bekämpfen und eine für alle lebenswerte Zukunft gestalten. Deshalb begleiten wir die Dorfgemeinschaften in diesen Lebensbereichen.</p>\"}}','2018-08-01 10:18:04','2018-08-01 10:18:04','68c2743d-24de-4de7-b700-714aba386a9c'),(130,110,9,1,1,2,'','{\"typeId\":\"9\",\"authorId\":\"1\",\"title\":\"Warum indigene Gemeinschaften?\",\"slug\":\"warum-indigene-gemeinschaften\",\"postDate\":1533115920,\"expiryDate\":null,\"enabled\":true,\"newParentId\":\"92\",\"fields\":{\"3\":\"<p>Indigene Gemeinschaften und Kleinbauerndörfer gehören zu den am stärksten gefährdeten Bevölkerungsgruppen weltweit.</p>\",\"1\":[],\"2\":\"<p><strong>Rechtsunsicherheit und Landraub:</strong> Obwohl sie die ursprünglichen Eigentümer des Landes sind und die Ressourcen seit Generationen bewahren und nachhaltig nutzen, werden die traditionellen Landrechte der indigenen Bevölkerung häufig missachtet. Immer wieder sind sie Opfer kriminellen Landraubs. Die Landräuber stehlen ihr Land, zerstören ihren Lebensraum und setzen die Gemeinschaften massiv unter Druck. </p>\\n<p><strong>Zerstörung:</strong> Rücksichtslose und auf kurzsichtigen Profit ausgerichtete Umweltzerstörung vernichtet die Lebensgrundlage von Mensch und Schöpfung. Ein Entkommen aus der Armut wird so immer schwieriger. </p>\\n<p><strong>Orientierungslosigkeit:</strong> Ausgrenzung, Diskriminierung und Ausbeutung haben die Identität, Selbstachtung, Selbstbestimmung und wirtschaftliche Lage der Menschen schwer geschädigt. Zwischen Assimilierung und Bewahrung der eigenen Identität gehen Werte verloren. Das führt zu einer Schwächung der Gemeinschaften von innen. </p>\\n<p><strong>Schwache Selbstbestimmung:</strong> Sowohl die Vereinten Nationen als auch die Verfassung Perus garantieren den indigenen Gemeinschaften weitgehende Autonomie. Dennoch fehlt es den Dorfgemeinschaften meist an effektiven Instrumentarien zur Stärkung ihrer inneren Organisation und Selbstverwaltung. Außenstehende nutzen das aus, um sich illegal an den Ressourcen der Menschen zu bereichern. Das führt zu sozialem Unfrieden und immer mehr Armut und Zerstörung. </p>\\n<p><strong>Bildungsmangel:</strong> Den Dorfbewohnern fehlt der Zugang zu Bildung und staatlichen Dienstleistungen. So können sie sich gegen die vielen Bedrohungen ihrer Gemeinschaften kaum zur Wehr setzen. Soziale Ungerechtigkeit zerstört die Lebensperspektive der Menschen. </p>\\n<p><strong>Armut:</strong> All das führt zu extremer Armut, die es den Menschen vielerorts kaum ermöglicht, sich für ihre Gemeinschaften einzusetzen, und verursacht großes persönliches Leid. </p><p>Peru hat mit 65 verschiedenen indigenen Völkern und über 1700 Gemeinschaften einen verhältnismäßig hohen Anteil Ureinwohner an der Gesamtbevölkerung. Die Maasai sind die größte indigene Gruppe Kenias.</p>\"}}','2018-08-01 10:21:27','2018-08-01 10:21:27','afc31d09-098b-4690-8db1-e9f5d8719899'),(131,93,9,1,1,2,'','{\"typeId\":\"9\",\"authorId\":\"1\",\"title\":\"Patenschaft <br> Chancen für Kinder &  Familien\",\"slug\":\"patenschaft-chancen-für-kinder-familien\",\"postDate\":1533037020,\"expiryDate\":null,\"enabled\":true,\"newParentId\":\"79\",\"fields\":{\"1\":[],\"2\":\"<p>Wir geben Kindern, Jugendlichen und ihren Familien die Chance, ihre Lebensqualität eigenständig zu verbessern. </p>\\n<p>Erkunden Sie unsere Patenschaft</p>\"}}','2018-08-01 10:41:57','2018-08-01 10:41:57','3ab36d16-1c0b-462c-a2b2-462af6edf250'),(132,93,9,1,1,3,'','{\"typeId\":\"9\",\"authorId\":\"1\",\"title\":\"Patenschaft      Chancen für Kinder &  Familien\",\"slug\":\"patenschaft-chancen-für-kinder-familien\",\"postDate\":1533037020,\"expiryDate\":null,\"enabled\":true,\"newParentId\":\"79\",\"fields\":{\"1\":[],\"2\":\"<p>Wir geben Kindern, Jugendlichen und ihren Familien die Chance, ihre Lebensqualität eigenständig zu verbessern. </p>\\n<p>Erkunden Sie unsere Patenschaft</p>\"}}','2018-08-01 10:42:16','2018-08-01 10:42:16','c3534a51-b6d7-4ac6-816f-bbfe6fca9d51'),(133,93,9,1,1,4,'','{\"typeId\":\"9\",\"authorId\":\"1\",\"title\":\"Patenschaft  Chancen für Kinder &  Familien\",\"slug\":\"patenschaft-chancen-für-kinder-familien\",\"postDate\":1533037020,\"expiryDate\":null,\"enabled\":true,\"newParentId\":\"79\",\"fields\":{\"3\":\"<p>Patenschaft <br /> Chancen für Kinder &amp; Familien</p>\",\"1\":[],\"2\":\"<p>Wir geben Kindern, Jugendlichen und ihren Familien die Chance, ihre Lebensqualität eigenständig zu verbessern. </p>\\n<p>Erkunden Sie unsere Patenschaft</p>\"}}','2018-08-01 10:43:01','2018-08-01 10:43:01','b3ec34d6-e9f5-4ea4-aae8-798b26b5e08a'),(134,92,9,1,1,3,'','{\"typeId\":\"9\",\"authorId\":\"1\",\"title\":\"Dorfentwicklung Chancen für Dörfer\",\"slug\":\"dorfentwicklung-chancen-für-dörfer\",\"postDate\":1533036960,\"expiryDate\":null,\"enabled\":true,\"newParentId\":\"79\",\"fields\":{\"3\":\"<p>Dorfentwicklung <br /> Chancen für Dörfer</p>\",\"1\":[],\"2\":\"<p>Ziel ist die Befähigung der Menschen, das Schicksal ihrer Dörfer selbst in die Hand zu nehmen. </p>\\n<p>Erfahren Sie, wir Dörfer stärken</p>\"}}','2018-08-01 10:43:18','2018-08-01 10:43:18','727987f7-5231-4825-a5ef-0d7d1bbfb342'),(135,94,9,1,1,2,'','{\"typeId\":\"9\",\"authorId\":\"1\",\"title\":\"Umwelt- und Naturschutz Chancen für die Schöpfung\",\"slug\":\"umwelt-und-naturschutz-chancen-für-die-schöpfung\",\"postDate\":1533037020,\"expiryDate\":null,\"enabled\":true,\"newParentId\":\"79\",\"fields\":{\"3\":\"<p>Umwelt- und Naturschutz <br /> Chancen für die Schöpfung</p>\",\"1\":[],\"2\":\"<p>Mit ökologisch nachhaltiger Entwicklung geben wir Mensch und Schöpfung eine Chance. </p>\\n<p>Erfahren Sie mehr</p>\"}}','2018-08-01 10:43:40','2018-08-01 10:43:40','72cdecdb-387e-4c32-b5f1-fec350f22f28'),(136,111,9,1,1,1,'','{\"typeId\":\"9\",\"authorId\":\"1\",\"title\":\"Kinderpaten Chancen für Kinder und Familien\",\"slug\":\"kinderpaten-chancen-für-kinder-und-familien\",\"postDate\":1533120480,\"expiryDate\":null,\"enabled\":true,\"newParentId\":\"93\",\"fields\":{\"3\":\"<p>Kinderpaten <br /> Chancen für Kinder und Familien</p>\",\"1\":[],\"2\":\"<p>Beim Patenkinderpgrogramm von Chance e.V. geht es darum, Kindern, Jugendlichen und ihren Familien die Chance zu geben, ihre Lebensqualität durch ganzheitliche persönliche Entwicklung, Bildung, die Festigung positiver Werte und die Übernahme von persönlicher, sozialer und ökologischer Verantwortung eigenständig zu verbessern. </p>\\n\\n\\n\\n\\n<p>Im Mittelpunkt stehen auch hier das Potential jedes einzelnen Menschen und unser christliches Menschenbild. Die Chance-Patenkinder leben in den Dorfgemeinschaften, mit denen Chance e.V. in Peru und Kenia langfristig zusammenarbeitet sowie in den Slums des Dschungelstädtchens Villa Rica, in dem unser peruanisches Einsatzzentrum liegt.</p>\\n\\n\\n\\n\"}}','2018-08-01 10:48:23','2018-08-01 10:48:23','8b0000d1-aa00-4ec8-8f41-a260f4b17a14'),(137,112,9,1,1,1,'','{\"typeId\":\"9\",\"authorId\":\"1\",\"title\":\"Die Säulen des Chance-Patenprogramms\",\"slug\":\"die-säulen-des-chance-patenprogramms\",\"postDate\":1533120480,\"expiryDate\":null,\"enabled\":true,\"newParentId\":\"93\",\"fields\":{\"3\":\"<p>Die interdisziplinären Chance-Teams vor Ort bestehen aus Psychologen, Sozialarbeitern, Pädagogen, Geistlichen und engagierten Freiwilligen. Gemeinsam begleiten sie die Patenkinder und ihre Angehörigen, damit ganzheitliche persönliche Entwicklung in einem harmonischen Umfeld möglich wird.</p>\\n\\n\\n\\n\",\"1\":[]}}','2018-08-01 10:48:48','2018-08-01 10:48:48','c7726ca5-2484-47bd-a212-ad50a18b945d'),(138,113,9,1,1,1,'','{\"typeId\":\"9\",\"authorId\":\"1\",\"title\":\"Hoffnung und Lebensperspektive\",\"slug\":\"hoffnung-und-lebensperspektive\",\"postDate\":1533120540,\"expiryDate\":null,\"enabled\":true,\"newParentId\":\"112\",\"fields\":{\"1\":[]}}','2018-08-01 10:49:14','2018-08-01 10:49:14','0ad9234f-62da-469c-8f6e-6f6365320f87'),(139,114,9,1,1,1,'','{\"typeId\":\"9\",\"authorId\":\"1\",\"title\":\"Psychologisch-seelsorgerliche Begleitung\",\"slug\":\"psychologisch-seelsorgerliche-begleitung\",\"postDate\":1533120540,\"expiryDate\":null,\"enabled\":true,\"newParentId\":\"112\",\"fields\":{\"1\":[]}}','2018-08-01 10:49:21','2018-08-01 10:49:21','e8377124-4d8f-4d5b-b15e-05e95703f7d6'),(140,115,9,1,1,1,'','{\"typeId\":\"9\",\"authorId\":\"1\",\"title\":\"Stärkung der kulturellen Identität \",\"slug\":\"stärkung-der-kulturellen-identität\",\"postDate\":1533120540,\"expiryDate\":null,\"enabled\":true,\"newParentId\":\"112\",\"fields\":{\"1\":[]}}','2018-08-01 10:49:31','2018-08-01 10:49:31','4f5fd275-7fa1-464c-b4a5-0bc8dad379d0'),(141,116,9,1,1,1,'','{\"typeId\":\"9\",\"authorId\":\"1\",\"title\":\"Familien- und Mütterberatung\",\"slug\":\"familien-und-mütterberatung\",\"postDate\":1533120540,\"expiryDate\":null,\"enabled\":true,\"newParentId\":\"112\",\"fields\":{\"1\":[]}}','2018-08-01 10:49:37','2018-08-01 10:49:37','013f27bd-f9d7-4ba2-bd6b-756767605d5c'),(142,117,9,1,1,1,'','{\"typeId\":\"9\",\"authorId\":\"1\",\"title\":\"Persönliche Begleitung und Vernetzung\",\"slug\":\"persönliche-begleitung-und-vernetzung\",\"postDate\":1533120540,\"expiryDate\":null,\"enabled\":true,\"newParentId\":\"112\",\"fields\":{\"1\":[]}}','2018-08-01 10:49:43','2018-08-01 10:49:43','3dc77fa7-0301-4ed3-b1a6-17e252976810'),(143,118,9,1,1,1,'','{\"typeId\":\"9\",\"authorId\":\"1\",\"title\":\"Schulförderung und ganzheitliches Lernen\",\"slug\":\"schulförderung-und-ganzheitliches-lernen\",\"postDate\":1533120540,\"expiryDate\":null,\"enabled\":true,\"newParentId\":\"112\",\"fields\":{\"1\":[]}}','2018-08-01 10:49:48','2018-08-01 10:49:48','3a2644e6-a5bc-41c8-9d11-71f25ed4e531'),(144,119,9,1,1,1,'','{\"typeId\":\"9\",\"authorId\":\"1\",\"title\":\"Förderung von Kreativität und Begabungen \",\"slug\":\"förderung-von-kreativität-und-begabungen\",\"postDate\":1533120540,\"expiryDate\":null,\"enabled\":true,\"newParentId\":\"112\",\"fields\":{\"1\":[]}}','2018-08-01 10:49:53','2018-08-01 10:49:53','619678ad-1d9c-4cef-962b-47f03695d633'),(145,120,9,1,1,1,'','{\"typeId\":\"9\",\"authorId\":\"1\",\"title\":\"Umwelterziehung, Naturverstehen und Nachhaltigkeitstraining \",\"slug\":\"umwelterziehung-naturverstehen-und-nachhaltigkeitstraining\",\"postDate\":1533120540,\"expiryDate\":null,\"enabled\":true,\"newParentId\":\"112\",\"fields\":{\"1\":[]}}','2018-08-01 10:49:58','2018-08-01 10:49:58','921bba78-330d-44ee-a099-9bf27e52ddd9'),(146,121,9,1,1,1,'','{\"typeId\":\"9\",\"authorId\":\"1\",\"title\":\"Kinderwald\",\"slug\":\"kinderwald\",\"postDate\":1533120600,\"expiryDate\":null,\"enabled\":true,\"newParentId\":\"112\",\"fields\":{\"1\":[]}}','2018-08-01 10:50:03','2018-08-01 10:50:03','7599178b-c654-4ddd-b11d-d9dc072b7d38'),(147,122,9,1,1,1,'','{\"typeId\":\"9\",\"authorId\":\"1\",\"title\":\"Gartenbau, Aufforstung und Tiere\",\"slug\":\"gartenbau-aufforstung-und-tiere\",\"postDate\":1533120600,\"expiryDate\":null,\"enabled\":true,\"newParentId\":\"112\",\"fields\":{\"1\":[]}}','2018-08-01 10:50:11','2018-08-01 10:50:11','0562e40f-ecbd-4e7a-943f-0efe8f2d826a'),(148,123,9,1,1,1,'','{\"typeId\":\"9\",\"authorId\":\"1\",\"title\":\"Soziale Verantwortung und Menschenrechte\",\"slug\":\"soziale-verantwortung-und-menschenrechte\",\"postDate\":1533120600,\"expiryDate\":null,\"enabled\":true,\"newParentId\":\"112\",\"fields\":{\"1\":[]}}','2018-08-01 10:50:20','2018-08-01 10:50:20','c39a481e-7c44-4c4a-a93e-347619c4a59f'),(149,124,9,1,1,1,'','{\"typeId\":\"9\",\"authorId\":\"1\",\"title\":\"Christliche Freizeiten und Exkursionen\",\"slug\":\"christliche-freizeiten-und-exkursionen\",\"postDate\":1533120600,\"expiryDate\":null,\"enabled\":true,\"newParentId\":\"112\",\"fields\":{\"1\":[]}}','2018-08-01 10:50:26','2018-08-01 10:50:26','99367c62-9c1f-498e-ac1b-1a055f93c20b'),(150,125,9,1,1,1,'','{\"typeId\":\"9\",\"authorId\":\"1\",\"title\":\"Sport-, Spiel- und Freizeitangebote\",\"slug\":\"sport-spiel-und-freizeitangebote\",\"postDate\":1533120600,\"expiryDate\":null,\"enabled\":true,\"newParentId\":\"112\",\"fields\":{\"1\":[]}}','2018-08-01 10:50:32','2018-08-01 10:50:32','27eca53d-c1af-4b47-91de-1e2504a75f53'),(151,126,9,1,1,1,'','{\"typeId\":\"9\",\"authorId\":\"1\",\"title\":\"Rückhalt durch Paten\",\"slug\":\"rückhalt-durch-paten\",\"postDate\":1533120600,\"expiryDate\":null,\"enabled\":true,\"newParentId\":\"112\",\"fields\":{\"1\":[]}}','2018-08-01 10:50:38','2018-08-01 10:50:38','851a2b70-b095-4806-a654-309a37516ee8'),(152,115,9,1,1,2,'','{\"typeId\":\"9\",\"authorId\":\"1\",\"title\":\"Stärkung der kulturellen Identität \",\"slug\":\"stärkung-der-kulturellen-identität\",\"postDate\":1533120540,\"expiryDate\":null,\"enabled\":true,\"newParentId\":\"112\",\"fields\":{\"1\":[],\"2\":\"<p>Wir stärken die Identität der Patenkinder. Sie lernen, stolz auf ihr kulturelles Erbe zu sein und sich für ihre Herkunft nicht mehr zu schämen. Das fördert ihre Selbstachtung und hilft ihnen, sich positiv zu entwickeln.</p>\\n\\n\"}}','2018-08-01 10:51:07','2018-08-01 10:51:07','6d012494-c4c9-420e-a56a-723302597699'),(153,111,9,1,1,2,'','{\"typeId\":\"9\",\"authorId\":\"1\",\"title\":\"Kinderpaten Chancen für Kinder und Familien\",\"slug\":\"kinderpaten\",\"postDate\":1533120480,\"expiryDate\":null,\"enabled\":true,\"newParentId\":\"93\",\"fields\":{\"3\":\"<p>Kinderpaten <br /> Chancen für Kinder und Familien</p>\",\"1\":[],\"2\":\"<p>Beim Patenkinderpgrogramm von Chance e.V. geht es darum, Kindern, Jugendlichen und ihren Familien die Chance zu geben, ihre Lebensqualität durch ganzheitliche persönliche Entwicklung, Bildung, die Festigung positiver Werte und die Übernahme von persönlicher, sozialer und ökologischer Verantwortung eigenständig zu verbessern. </p>\\n<p>Im Mittelpunkt stehen auch hier das Potential jedes einzelnen Menschen und unser christliches Menschenbild. Die Chance-Patenkinder leben in den Dorfgemeinschaften, mit denen Chance e.V. in Peru und Kenia langfristig zusammenarbeitet sowie in den Slums des Dschungelstädtchens Villa Rica, in dem unser peruanisches Einsatzzentrum liegt.</p>\"}}','2018-08-01 10:54:02','2018-08-01 10:54:02','6d7f9d5c-e6b3-475b-b14d-4e71b70e5de3'),(154,112,9,1,1,2,'','{\"typeId\":\"9\",\"authorId\":\"1\",\"title\":\"Die Säulen des Chance-Patenprogramms\",\"slug\":\"säulen\",\"postDate\":1533120480,\"expiryDate\":null,\"enabled\":true,\"newParentId\":\"93\",\"fields\":{\"3\":\"<p>Die interdisziplinären Chance-Teams vor Ort bestehen aus Psychologen, Sozialarbeitern, Pädagogen, Geistlichen und engagierten Freiwilligen. Gemeinsam begleiten sie die Patenkinder und ihre Angehörigen, damit ganzheitliche persönliche Entwicklung in einem harmonischen Umfeld möglich wird.</p>\",\"1\":[]}}','2018-08-01 11:00:26','2018-08-01 11:00:26','dc46af06-88c7-4ca7-9d5f-9e78105fd77c'),(155,127,9,1,1,1,'','{\"typeId\":\"9\",\"authorId\":\"1\",\"title\":\"Klausel\",\"slug\":\"klausel\",\"postDate\":1533121440,\"expiryDate\":null,\"enabled\":true,\"newParentId\":\"112\",\"fields\":{\"1\":[],\"2\":\"<p>Je nach Projektstandort und Wohnort der Patenkinder können die Schwerpunkte des Programms variieren, weil unsere lokalen Teams in der Ausgestaltung auf die örtlichen Begebenheiten Rücksicht nehmen müssen.</p>\\n\\n\"}}','2018-08-01 11:04:34','2018-08-01 11:04:34','beb7e649-5afe-45c2-ade6-38929297cad5'),(156,128,9,1,1,1,'','{\"typeId\":\"9\",\"authorId\":\"1\",\"title\":\"Das Ziel: starke Kinder und gesunde  Familien\",\"slug\":\"das-ziel-starke-kinder-und-gesunde-familien\",\"postDate\":1533121620,\"expiryDate\":null,\"enabled\":true,\"newParentId\":\"93\",\"fields\":{\"3\":\"<p>Ziel unseres Patenkinderprogramms sind starke Kinder und gesunde Familien. Sie stehen auf eigenen Beinen, übernehmen Verantwortung und entwickeln ganzheitliche Lebensperspektiven.</p>\\n\\n\",\"1\":[]}}','2018-08-01 11:07:09','2018-08-01 11:07:09','e8966a04-242c-43b5-b914-cbbe12d35eea'),(157,129,9,1,1,1,'','{\"typeId\":\"9\",\"authorId\":\"1\",\"title\":\"Selbstbild\",\"slug\":\"selbstbild\",\"postDate\":1533121680,\"expiryDate\":null,\"enabled\":true,\"newParentId\":\"128\",\"fields\":{\"1\":[],\"2\":\"<p>Die Kinder wissen, dass sie von Gott geliebt sind. Sie kennen ihren Wert und haben lebendige Hoffnung.</p>\\n<hr /><p>Die Kinder haben ein positives Selbstbild, sind stolz auf ihre kulturellen Wurzeln und lernen Probleme zu meistern.</p>\\n<hr />\"}}','2018-08-01 11:08:41','2018-08-01 11:08:41','711302a0-5b85-4578-b3e2-3f3986772460'),(158,130,9,1,1,1,'','{\"typeId\":\"9\",\"authorId\":\"1\",\"title\":\"Patenkinder Verantwortung\",\"slug\":\"patenkinder-verantwortung\",\"postDate\":1533121740,\"expiryDate\":null,\"enabled\":true,\"newParentId\":\"128\",\"fields\":{\"1\":[],\"2\":\"<p>Die Angehörigen der Patenkinder werden ihrer Verantwortung gerecht, die Familien stabilisieren sich und es entstehen vielseitige positive Beziehungen. </p>\\n<hr /><p>Die Patenkinder können auf schulische Unterstützung zurückgreifen, entwickeln ihre Begabungen sowie Kreativität und haben Zugang zu ganzheitlichem Lernen.</p>\\n<hr />\"}}','2018-08-01 11:09:37','2018-08-01 11:09:37','1fcfb481-e14b-4a8c-8518-e181cc4cb382'),(159,131,9,1,1,1,'','{\"typeId\":\"9\",\"authorId\":\"1\",\"title\":\"Rechte kennen\",\"slug\":\"rechte-kennen\",\"postDate\":1533121800,\"expiryDate\":null,\"enabled\":true,\"newParentId\":\"128\",\"fields\":{\"1\":[],\"2\":\"<p>Die Patenkinder und ihre Angehörigen verstehen und übernehmen ökologische und soziale Verantwortung, sie sind Multiplikatoren nachhaltiger Entwicklung und gehen verantwortungsbewusst mit der Schöpfung um. </p>\\n<hr /><p>Die Patenkinder kennen ihre Rechte, unterstützen sich gegenseitig und haben einen Ort, an dem sie Kind sein können.</p>\\n<hr />\"}}','2018-08-01 11:10:29','2018-08-01 11:10:29','ef2ad70e-fd81-48cf-8a5b-ccc997bbc079'),(160,128,9,1,1,2,'','{\"typeId\":\"9\",\"authorId\":\"1\",\"title\":\"Das Ziel: starke Kinder und gesunde  Familien\",\"slug\":\"starke-kinder\",\"postDate\":1533121620,\"expiryDate\":null,\"enabled\":true,\"newParentId\":\"93\",\"fields\":{\"3\":\"<p>Ziel unseres Patenkinderprogramms sind starke Kinder und gesunde Familien. Sie stehen auf eigenen Beinen, übernehmen Verantwortung und entwickeln ganzheitliche Lebensperspektiven.</p>\",\"1\":[]}}','2018-08-01 11:11:25','2018-08-01 11:11:25','a329b4db-26ed-4216-96b0-5ed46c5957e1'),(161,132,9,1,1,1,'','{\"typeId\":\"9\",\"authorId\":\"1\",\"title\":\"Kinderpate werden\",\"slug\":\"kinderpate-werden\",\"postDate\":1533122100,\"expiryDate\":null,\"enabled\":true,\"newParentId\":\"93\",\"fields\":{\"1\":[],\"2\":\"<p>Eine Kinderpatenschaft Plus ist ab einer monatlichen Spende von 35 Euro oder mehr möglich. <br />„Plus“ steht dafür, dass nicht nur das einzelne Kind gefördert und begleitet wird, sondern auch sein Umfeld. Das umfasst Angebote für die Angehörigen genauso wie Entwicklungsprojekte im Heimatdorf des Patenkindes, die mit einem kleinen Betrag gefördert werden.</p>\\n<p>Je nach Höhe der monatlichen Patenspende fließen durchschnittlich 8 % in die Verwaltung des Patenprogramms, während mind. 90 % durch die Angebote des Patenkinderprogramms direkt für die ganzheitliche Entwicklung des Patenkindes zur Verfügung stehen und kinderrelevante Projekte in seinem Heimatdorf fördern.</p>\"}}','2018-08-01 11:15:45','2018-08-01 11:15:45','638b3868-29a6-4443-bfc6-114c6664dfa4'),(162,133,9,1,1,1,'','{\"typeId\":\"9\",\"authorId\":\"1\",\"title\":\"Ganzheitliche Begleitung für gelingendes  Leben\",\"slug\":\"ganzheitliche-begleitung\",\"postDate\":1533122640,\"expiryDate\":null,\"enabled\":true,\"newParentId\":\"93\",\"fields\":{\"1\":[]}}','2018-08-01 11:24:56','2018-08-01 11:24:56','13a1cba9-b33c-4df9-b2fb-b9a98128a570'),(163,134,9,1,1,1,'','{\"typeId\":\"9\",\"authorId\":\"1\",\"title\":\"Warum ganzheitliche Patenschaften?\",\"slug\":\"warum-ganzheitlich\",\"postDate\":1533122700,\"expiryDate\":null,\"enabled\":true,\"newParentId\":\"93\",\"fields\":{\"3\":\"<p>Jedes Kind ist in seiner Einmaligkeit ein von Gott geliebtes Geschöpf und verfügt über Kreativität, Begabungen und Potential. Es bildet eine Einheit aus Körper, Seele und Geist und entwickelt sich in einem Netzwerk zwischenmenschlicher, sozialer und ökologischer Beziehungen und Abhängigkeiten. Um Kindern und Jugendlichen ganzheitliche Entwicklung zu ermöglichen, haben wir unser vielseitiges, facettenreiches und interdisziplinäres Patenkinderprogramm entwickelt, das auf ein selbstbestimmtes, ausgeglichenes und verantwortungsbewusstes Leben vorbereitet.</p>\\n\\n\\n\\n\\n\\n\\n\\n\",\"1\":[]}}','2018-08-01 11:25:45','2018-08-01 11:25:45','7a8a016e-e543-4e4f-973d-af8bdfc553d7'),(164,134,9,1,1,2,'','{\"typeId\":\"9\",\"authorId\":\"1\",\"title\":\"Warum ganzheitliche Patenschaften?\",\"slug\":\"warum-ganzheitlich\",\"postDate\":1533122700,\"expiryDate\":null,\"enabled\":true,\"newParentId\":\"93\",\"fields\":{\"3\":\"<p>Jedes Kind ist in seiner Einmaligkeit ein von Gott geliebtes Geschöpf und verfügt über Kreativität, Begabungen und Potential. Es bildet eine Einheit aus Körper, Seele und Geist und entwickelt sich in einem Netzwerk zwischenmenschlicher, sozialer und ökologischer Beziehungen und Abhängigkeiten. Um Kindern und Jugendlichen ganzheitliche Entwicklung zu ermöglichen, haben wir unser vielseitiges, facettenreiches und interdisziplinäres Patenkinderprogramm entwickelt, das auf ein selbstbestimmtes, ausgeglichenes und verantwortungsbewusstes Leben vorbereitet.</p>\",\"1\":[]}}','2018-08-01 11:29:09','2018-08-01 11:29:09','144339a5-7e7f-46dd-8147-60884dcf90f2'),(165,135,9,1,1,1,'','{\"typeId\":\"9\",\"authorId\":\"1\",\"title\":\"Umwelt- und Naturschutz Chancen für die Schöpfung\",\"slug\":\"umwelt-und-naturschutz-chancen-für-die-schöpfung-1\",\"postDate\":1533128220,\"expiryDate\":null,\"enabled\":true,\"newParentId\":\"94\",\"fields\":{\"3\":\"<p>Umwelt- und Naturschutz <br /> Chancen für die Schöpfung</p>\",\"1\":[],\"2\":\"<p>Umwelt- und Naturschutz sind ein wichtiger Bestandteil der Arbeit von Chance e.V., denn die Natur ist Schöpfung Gottes und die Lebensgrundlage aller Menschen und Geschöpfe. Noch nie war ihr Fortbestand durch den Menschen weltweit so bedroht wie heute.</p>\\n\\n\\n\"}}','2018-08-01 12:57:26','2018-08-01 12:57:26','1a198778-ca69-4363-b905-a5b8eb578084'),(166,136,9,1,1,1,'','{\"typeId\":\"9\",\"authorId\":\"1\",\"title\":\"Umweltverschmutzung\",\"slug\":\"umweltverschmutzung\",\"postDate\":1533128340,\"expiryDate\":null,\"enabled\":true,\"newParentId\":\"94\",\"fields\":{\"3\":\"<p>Umweltverschmutzung ist Todesursache Nummer eins, vor allem in Ländern wie Peru und Kenia. Dabei sind gerade die Armen auf eine intakte Natur angewiesen, um der Armut zu entkommen und ihre Selbstbestimmung zu stärken. Im globalen Kampf um Ressourcen werden sie immer häufiger Opfer ökologischer Ungerechtigkeit, obwohl gerade sie die Natur traditionell schonend nutzen.</p>\\n\\n\\n\\n\\n\\n\",\"1\":[],\"2\":\"<p>Die Umwelt- und Naturschutzarbeit von Chance e.V. beruht auf unserem christlichen Weltbild. Wir fördern ökologische Gerechtigkeit, Umweltbildung, die Schaffung von Naturschutzgebieten und Armutsbekämpfung durch ökologisch nachhaltige Entwicklung.</p>\\n\\n\\n\\n\"}}','2018-08-01 12:59:00','2018-08-01 12:59:00','fd3d2456-f840-43c8-bd93-c60f1faaf724'),(167,135,9,1,1,2,'','{\"typeId\":\"9\",\"authorId\":\"1\",\"title\":\"Umwelt- und Naturschutz Chancen für die Schöpfung\",\"slug\":\"umwelt-und-naturschutz\",\"postDate\":1533128220,\"expiryDate\":null,\"enabled\":true,\"newParentId\":\"94\",\"fields\":{\"3\":\"<p>Umwelt- und Naturschutz <br /> Chancen für die Schöpfung</p>\",\"1\":[],\"2\":\"<p>Umwelt- und Naturschutz sind ein wichtiger Bestandteil der Arbeit von Chance e.V., denn die Natur ist Schöpfung Gottes und die Lebensgrundlage aller Menschen und Geschöpfe. Noch nie war ihr Fortbestand durch den Menschen weltweit so bedroht wie heute.</p>\"}}','2018-08-01 13:00:15','2018-08-01 13:00:15','903e4b56-ae67-4104-965a-f75da1e1e9b8'),(168,136,9,1,1,2,'','{\"typeId\":\"9\",\"authorId\":\"1\",\"title\":\"Umweltverschmutzung\",\"slug\":\"umweltverschmutzung\",\"postDate\":1533128340,\"expiryDate\":null,\"enabled\":true,\"newParentId\":\"94\",\"fields\":{\"3\":\"<p>Umweltverschmutzung ist Todesursache Nummer eins, vor allem in Ländern wie Peru und Kenia. Dabei sind gerade die Armen auf eine intakte Natur angewiesen, um der Armut zu entkommen und ihre Selbstbestimmung zu stärken. Im globalen Kampf um Ressourcen werden sie immer häufiger Opfer ökologischer Ungerechtigkeit, obwohl gerade sie die Natur traditionell schonend nutzen.</p>\",\"1\":[],\"2\":\"<p>Die Umwelt- und Naturschutzarbeit von Chance e.V. beruht auf unserem christlichen Weltbild. Wir fördern ökologische Gerechtigkeit, Umweltbildung, die Schaffung von Naturschutzgebieten und Armutsbekämpfung durch ökologisch nachhaltige Entwicklung.</p>\"}}','2018-08-01 13:02:45','2018-08-01 13:02:45','38b6fa2d-aff0-41a4-87f1-0bc5fe2569b0'),(169,137,9,1,1,1,'','{\"typeId\":\"9\",\"authorId\":\"1\",\"title\":\"Die Bestandteile unseres Umwelt- und  Naturschutzprogramms\",\"slug\":\"bestandteile-naturschutzprogramms\",\"postDate\":1533128940,\"expiryDate\":null,\"enabled\":true,\"newParentId\":\"94\",\"fields\":{\"3\":\"<p>Unser ganzheitliches Umwelt- und Naturschutzkonzept sieht den Menschen als Teil der Schöpfung, der zum achtsamen und verantwortungsbewussten Umgang mit der Natur berufen ist. Die Bewahrung der Schöpfung ist kein Entwicklungshemmnis, stattdessen fördert intelligenter Umwelt- und Naturschutz die wirtschaftliche Entwicklung, Menschenrechte und Selbstbestimmung nachhaltig. Menschen sehen wir nicht als Umweltproblem, sondern als Teil der Lösung. Denn sie haben das Potenzial, die Armut zu reduzieren und gleichzeitig die Natur zu bewahren. Dieses Potenzial fördert Chance e.V.</p>\\n\\n\\n\\n\\n\\n\\n\\n\",\"1\":[]}}','2018-08-01 13:09:34','2018-08-01 13:09:34','f9aa3aad-1327-46a4-9549-e4bba677ba1e'),(170,138,9,1,1,1,'','{\"typeId\":\"9\",\"authorId\":\"1\",\"title\":\"Aufklärung, Bildung und Dialog\",\"slug\":\"aufklärung-bildung-und-dialog\",\"postDate\":1533129000,\"expiryDate\":null,\"enabled\":true,\"newParentId\":\"137\",\"fields\":{\"1\":[]}}','2018-08-01 13:10:02','2018-08-01 13:10:02','096cd763-3d5d-4287-8358-ffc06b5657bb'),(171,139,9,1,1,1,'','{\"typeId\":\"9\",\"authorId\":\"1\",\"title\":\"Befähigung\",\"slug\":\"befähigung\",\"postDate\":1533129000,\"expiryDate\":null,\"enabled\":true,\"newParentId\":\"137\",\"fields\":{\"1\":[]}}','2018-08-01 13:10:08','2018-08-01 13:10:08','f176af5a-498a-4a40-8303-ba45761d17be'),(172,140,9,1,1,1,'','{\"typeId\":\"9\",\"authorId\":\"1\",\"title\":\"Ressourcenmanagement\",\"slug\":\"ressourcenmanagement\",\"postDate\":1533129000,\"expiryDate\":null,\"enabled\":true,\"newParentId\":\"137\",\"fields\":{\"1\":[],\"2\":\"<p>Wir begleiten Dorfgemeinschaften, Kleinbauern, traditionelle Anführer und kommunale Entscheidungsträger und befähigen sie, Ressourcen bewusst und verantwortlich zu nutzen. Hierfür stellen wir ihnen das Know-How und die Mittel zur Verfügung.</p>\\n\\n\"}}','2018-08-01 13:10:25','2018-08-01 13:10:25','9082884f-4dfc-43d3-9153-ed6a602dd99c'),(173,141,9,1,1,1,'','{\"typeId\":\"9\",\"authorId\":\"1\",\"title\":\"Menschenrechte\",\"slug\":\"menschenrechte\",\"postDate\":1533129000,\"expiryDate\":null,\"enabled\":true,\"newParentId\":\"137\",\"fields\":{\"1\":[]}}','2018-08-01 13:10:34','2018-08-01 13:10:34','8ae459ca-0846-4d95-a85b-e8936f5e1e3e'),(174,142,9,1,1,1,'','{\"typeId\":\"9\",\"authorId\":\"1\",\"title\":\"Einrichtung und Betreuung von Naturschutzgebieten\",\"slug\":\"einrichtung-und-betreuung-von-naturschutzgebieten\",\"postDate\":1533129000,\"expiryDate\":null,\"enabled\":true,\"newParentId\":\"137\",\"fields\":{\"1\":[]}}','2018-08-01 13:10:39','2018-08-01 13:10:39','617d56c0-f6ca-4518-8b88-dcfd7e9d367e'),(175,143,9,1,1,1,'','{\"typeId\":\"9\",\"authorId\":\"1\",\"title\":\"Gemeinschaftsbaumschulen und Aufforstung\",\"slug\":\"gemeinschaftsbaumschulen-und-aufforstung\",\"postDate\":1533129000,\"expiryDate\":null,\"enabled\":true,\"newParentId\":\"137\",\"fields\":{\"1\":[]}}','2018-08-01 13:10:44','2018-08-01 13:10:44','e8bd0f4f-b4b9-442f-9031-1560df967725'),(176,144,9,1,1,1,'','{\"typeId\":\"9\",\"authorId\":\"1\",\"title\":\"Armutsbekämpfung durch ökologisch nachhaltige wirtschaftliche Entwicklung \",\"slug\":\"armutsbekämpfung-durch-ökologisch-nachhaltige-wirtschaftliche-entwicklung\",\"postDate\":1533129000,\"expiryDate\":null,\"enabled\":true,\"newParentId\":\"137\",\"fields\":{\"1\":[]}}','2018-08-01 13:10:49','2018-08-01 13:10:49','407dccbc-89c7-4fcf-b5df-326d4d963621'),(177,145,9,1,1,1,'','{\"typeId\":\"9\",\"authorId\":\"1\",\"title\":\"Allianzen und Kooperationen \",\"slug\":\"allianzen-und-kooperationen\",\"postDate\":1533129000,\"expiryDate\":null,\"enabled\":true,\"newParentId\":\"137\",\"fields\":{\"1\":[]}}','2018-08-01 13:10:57','2018-08-01 13:10:57','2f6ad314-0f9c-4750-92ed-3e677b9a6a00'),(178,137,9,1,1,2,'','{\"typeId\":\"9\",\"authorId\":\"1\",\"title\":\"Die Bestandteile unseres Umwelt- und  Naturschutzprogramms\",\"slug\":\"bestandteile-naturschutzprogramms\",\"postDate\":1533128940,\"expiryDate\":null,\"enabled\":true,\"newParentId\":\"94\",\"fields\":{\"3\":\"<p>Unser ganzheitliches Umwelt- und Naturschutzkonzept sieht den Menschen als Teil der Schöpfung, der zum achtsamen und verantwortungsbewussten Umgang mit der Natur berufen ist. Die Bewahrung der Schöpfung ist kein Entwicklungshemmnis, stattdessen fördert intelligenter Umwelt- und Naturschutz die wirtschaftliche Entwicklung, Menschenrechte und Selbstbestimmung nachhaltig. Menschen sehen wir nicht als Umweltproblem, sondern als Teil der Lösung. Denn sie haben das Potenzial, die Armut zu reduzieren und gleichzeitig die Natur zu bewahren. Dieses Potenzial fördert Chance e.V.</p>\",\"1\":[]}}','2018-08-01 13:27:56','2018-08-01 13:27:56','28f8a202-47ee-4a8c-b58f-0131670b437b'),(179,146,9,1,1,1,'','{\"typeId\":\"9\",\"authorId\":\"1\",\"title\":\"Das Ziel: Bewahrung der Schöpfung und  Verbesserung der Lebensqualität \",\"slug\":\"bewahrung-schöpfung\",\"postDate\":1533130260,\"expiryDate\":null,\"enabled\":true,\"newParentId\":\"94\",\"fields\":{\"3\":\"<p>Ziel unseres Umwelt- und Naturschutzprogramms ist es, Menschen und Gemeinschaften zu befähigen, effektive Akteure für den Schutz der Schöpfung zu sein:</p>\\n\\n\",\"1\":[]}}','2018-08-01 13:31:50','2018-08-01 13:31:50','a1ea0e30-c1f9-4cbe-9131-0f5e3adae6bf'),(180,147,9,1,1,1,'','{\"typeId\":\"9\",\"authorId\":\"1\",\"title\":\"Menschen kennen\",\"slug\":\"menschen-kennen\",\"postDate\":1533130380,\"expiryDate\":null,\"enabled\":true,\"newParentId\":\"146\",\"fields\":{\"1\":[],\"2\":\"<p>Die Menschen kennen und verstehen den Wert und die Bedeutung der Natur.</p>\\n<hr /><p>Sie verfügen über Fähigkeiten und Techniken, die Natur zu bewahren und schonend zu nutzen. </p>\\n<hr /><p>Es gelingt ihnen, ihre Landrechte zu verteidigen und ihren Lebensraum zu bewahren.</p>\\n<hr />\"}}','2018-08-01 13:33:12','2018-08-01 13:33:12','e67c9b38-9757-41e8-b8ee-62587a30507a'),(181,148,9,1,1,1,'','{\"typeId\":\"9\",\"authorId\":\"1\",\"title\":\"Entscheidungsträger\",\"slug\":\"entscheidungsträger\",\"postDate\":1533130380,\"expiryDate\":null,\"enabled\":true,\"newParentId\":\"146\",\"fields\":{\"1\":[],\"2\":\"<p>Entscheidungsträger haben das nötige Bewusstsein, um adäquate Entscheidungen zu treffen.</p>\\n<hr /><p>Die Selbstbestimmung der Gemeinschaften ist gestärkt.</p>\\n<hr /><p>Schutzgebiete und Reservate werden eingerichtet.</p>\\n<hr />\"}}','2018-08-01 13:33:55','2018-08-01 13:33:55','07d88d60-dd98-42e0-b6a5-0d9cd808ccc2'),(182,149,9,1,1,1,'','{\"typeId\":\"9\",\"authorId\":\"1\",\"title\":\"Aufforstung\",\"slug\":\"aufforstung\",\"postDate\":1533130440,\"expiryDate\":null,\"enabled\":true,\"newParentId\":\"146\",\"fields\":{\"1\":[],\"2\":\"<p>Aufforstung trägt zur Wiederherstellung geschädigter Flächen bei. </p>\\n<hr /><p>Den Dorfgemeinschaften gelingt es, sich an den Klimawandel anzupassen.</p>\\n<hr /><p>Die Menschen bewahren die Schöpfung und reduzieren gleichzeitig die Armut durch nachhaltige wirtschaftliche Entwicklung.</p>\\n<hr />\"}}','2018-08-01 13:34:36','2018-08-01 13:34:36','8e148cfa-d2dd-4495-9a90-6da1cabc5c8e'),(183,146,9,1,1,2,'','{\"typeId\":\"9\",\"authorId\":\"1\",\"title\":\"Das Ziel: Bewahrung der Schöpfung und  Verbesserung der Lebensqualität \",\"slug\":\"bewahrung-schöpfung\",\"postDate\":1533130260,\"expiryDate\":null,\"enabled\":true,\"newParentId\":\"94\",\"fields\":{\"3\":\"<p>Ziel unseres Umwelt- und Naturschutzprogramms ist es, Menschen und Gemeinschaften zu befähigen, effektive Akteure für den Schutz der Schöpfung zu sein:</p>\",\"1\":[]}}','2018-08-01 13:47:35','2018-08-01 13:47:35','f3ad923c-d506-4b8a-88af-7f7e4d64f7af'),(184,150,9,1,1,1,'','{\"typeId\":\"9\",\"authorId\":\"1\",\"title\":\"Waldpate werden\",\"slug\":\"waldpate-werden\",\"postDate\":1533131340,\"expiryDate\":null,\"enabled\":true,\"newParentId\":\"94\",\"fields\":{\"1\":[],\"2\":\"<p><strong>Mit nur fünf Euro im Monat retten Sie einen Hektar Regenwald in Peru und werden so Chance-Waldpate. </strong> <br /> Mit einer monatlichen Waldpatenspende von 25 Euro schützen Sie 5 Hektar Regenwald, mit 50 Euro zehn Hektar usw. Ab einer Fläche von einem Hektar können Sie frei festlegen wie groß die Fläche sein soll, die Sie als Waldpate retten wollen. </p>\\n<p>Ihre Spenden fließen zu 100 % in den Schutz des 18.000 Hektar großen Waldgebiets, das uns von der peruanischen Forstbehörde anvertraut wurde, um es vor der Zerstörung zu bewahren. Wir helfen damit den umliegenden Kleinbauerndörfern beim Kampf gegen die Armut, stellen Waldhüter ein und bauen Kontrollposten. Das ist eine Investition in die Zukunft von zwei Landkreisen, deren Wasserversorgung vom Chance-Regenwald abhängt.</p>\"}}','2018-08-01 13:49:22','2018-08-01 13:49:22','559287c0-c927-40d2-b6c8-1dbadf47a172'),(185,94,9,1,1,3,'','{\"typeId\":\"9\",\"authorId\":\"1\",\"title\":\"Umwelt- und Naturschutz Chancen für die Schöpfung Überblicksseite\",\"slug\":\"umwelt-und-naturschutz-chancen-für-die-schöpfung\",\"postDate\":1533037020,\"expiryDate\":null,\"enabled\":true,\"newParentId\":\"79\",\"fields\":{\"3\":\"<p>Umwelt- und Naturschutz <br /> Chancen für die Schöpfung</p>\",\"1\":[],\"2\":\"<p>Mit ökologisch nachhaltiger Entwicklung geben wir Mensch und Schöpfung eine Chance. </p>\\n<p>Erfahren Sie mehr</p>\"}}','2018-08-01 13:54:10','2018-08-01 13:54:10','e222c411-572a-4c7c-bc2d-8e1edf0dc6ed'),(186,151,9,1,1,1,'','{\"typeId\":\"9\",\"authorId\":\"1\",\"title\":\"Der Chance-Regenwald – eine Chance für  Mensch und Schöpfung\",\"slug\":\"der-chance-regenwald-eine-chance-für-mensch-und-schöpfung\",\"postDate\":1533131940,\"expiryDate\":null,\"enabled\":true,\"newParentId\":\"94\",\"fields\":{\"3\":\"<p>180 Quadratkilometer Leben und Hoffnung mitten in einem Meer aus Zerstörung. Das ist der Regenwald von Chance e.V.</p>\\n\",\"1\":[],\"2\":\"<p><strong>Rettung in letzter Sekunde </strong> <br /> Gemeinsam mit unserer Partnerorganisation gelang es uns, das letzte intakte Waldgebiet im Peren-Distrikt zu retten – gerade noch rechtzeitig, bevor Brandrodung, Bodenspekulation und Wilderei auch hier ihr zerstörerisches Werk tun konnten. Nach zweijährigen Verhandlungen übertrug uns die peruanische Forstbehörde das ganze Gebiet als Naturschutzkonzession, um es in ihrem Namen zu schützen. </p>\\n<p><strong>Nachhaltige Entwicklungskonzepte für bessere Lebensqualität </strong> <br /> Chance e.V. begleitet und bestärkt die umliegenden Kleinbauerndörfer in ihren Anstrengungen für eine bessere Lebensqualität. Sie sind auf die Ressourcen aus unserem Wald angewiesen, der sie z.B. reichlich mit Wasser versorgt. Gemeinsam mit ihnen entwickeln wir nachhaltige Entwicklungskonzepte, vermitteln ihnen wichtige Fähigkeiten und begleiten ihre Kinder im Rahmen des Chance-Patenprogramms. So bekommen sie die Chance, ihre Lebenssituation eigenständig zu verbessern und der Armut zu entkommen. In enger Partnerschaft kooperieren wir außerdem mit den Gemeinden, Kirchen und Schulen der Gegend, um das Umweltbewusstsein der Menschen zu stärken, die so Akteure für den Schutz ihres Lebensraumes werden. </p>\\n<p><strong>Schutz und Forschung </strong> <br /> Kontrollposten und ein Team lokaler Waldhüter sorgen rund um die Uhr dafür, dass der Wald sicher und geschützt ist. Ein kleines Camp mitten im Chance-Regenwald dient Universitäten und Wissenschaftlern, die mit uns zusammenarbeiten, als Ausgangspunkt ihrer Arbeit. </p>\\n<p><strong>Der Regenwald von Chance e.V. ist eine Chance für Mensch und Schöpfung </strong> <br /> Der Chance-Regenwald ist letztes Rückzugsgebiet vieler vom Aussterben bedrohter Arten wie z.B. Felsenhähne, Orchideen, Kolibris, Jaguare, Zwerghirsche und Tapire. Er ist ein gigantischer Wasserspeicher für die umliegenden Landkreise, was im Zuge des Klimawandels immer wichtiger wird. Er sichert das Überleben der angrenzenden Kleinbauerndörfer, stärkt die Rechte der Landbevölkerung und bekämpft so aktiv Ungerechtigkeit und Vetternwirtschaft. Der Regenwald von Chance e.V. ist eine Chance für Mensch und Schöpfung. </p>\\n<p>Wahrscheinlich ist der Chance-Regenwald außerdem das größte von einer christlichen Organisation betriebene Naturschutzgebiet Südamerikas und darüber hinaus.</p>\"}}','2018-08-01 13:59:08','2018-08-01 13:59:08','815cc9e8-ab11-4fbd-bac8-83c50c110899'),(187,135,9,1,1,3,'','{\"typeId\":\"9\",\"authorId\":\"1\",\"title\":\"Umwelt und Naturschutz\",\"slug\":\"umwelt-und-naturschutz\",\"postDate\":1533128220,\"expiryDate\":null,\"enabled\":true,\"newParentId\":\"94\",\"fields\":{\"3\":\"<p>Umwelt- und Naturschutz <br /> Chancen für die Schöpfung</p>\",\"1\":[],\"2\":\"<p>Umwelt- und Naturschutz sind ein wichtiger Bestandteil der Arbeit von Chance e.V., denn die Natur ist Schöpfung Gottes und die Lebensgrundlage aller Menschen und Geschöpfe. Noch nie war ihr Fortbestand durch den Menschen weltweit so bedroht wie heute.</p>\"}}','2018-08-01 13:59:33','2018-08-01 13:59:33','7b0639fb-9a31-4c37-9cdc-e0642d36e087'),(188,135,9,1,1,4,'','{\"typeId\":\"9\",\"authorId\":\"1\",\"title\":\"Naturschutz\",\"slug\":\"umwelt-und-naturschutz\",\"postDate\":1533128220,\"expiryDate\":null,\"enabled\":true,\"newParentId\":\"94\",\"fields\":{\"3\":\"<p>Umwelt- und Naturschutz <br /> Chancen für die Schöpfung</p>\",\"1\":[],\"2\":\"<p>Umwelt- und Naturschutz sind ein wichtiger Bestandteil der Arbeit von Chance e.V., denn die Natur ist Schöpfung Gottes und die Lebensgrundlage aller Menschen und Geschöpfe. Noch nie war ihr Fortbestand durch den Menschen weltweit so bedroht wie heute.</p>\"}}','2018-08-01 13:59:46','2018-08-01 13:59:46','8fa7f69c-a669-45cf-817e-ee53d6fab2f0'),(189,151,9,1,1,2,'','{\"typeId\":\"9\",\"authorId\":\"1\",\"title\":\"Der Chance-Regenwald – eine Chance für  Mensch und Schöpfung\",\"slug\":\"regenwald\",\"postDate\":1533131940,\"expiryDate\":null,\"enabled\":true,\"newParentId\":\"94\",\"fields\":{\"3\":\"<p>180 Quadratkilometer Leben und Hoffnung mitten in einem Meer aus Zerstörung. Das ist der Regenwald von Chance e.V.</p>\",\"1\":[],\"2\":\"<p><strong>Rettung in letzter Sekunde </strong> <br /> Gemeinsam mit unserer Partnerorganisation gelang es uns, das letzte intakte Waldgebiet im Peren-Distrikt zu retten – gerade noch rechtzeitig, bevor Brandrodung, Bodenspekulation und Wilderei auch hier ihr zerstörerisches Werk tun konnten. Nach zweijährigen Verhandlungen übertrug uns die peruanische Forstbehörde das ganze Gebiet als Naturschutzkonzession, um es in ihrem Namen zu schützen. </p>\\n<p><strong>Nachhaltige Entwicklungskonzepte für bessere Lebensqualität </strong> <br /> Chance e.V. begleitet und bestärkt die umliegenden Kleinbauerndörfer in ihren Anstrengungen für eine bessere Lebensqualität. Sie sind auf die Ressourcen aus unserem Wald angewiesen, der sie z.B. reichlich mit Wasser versorgt. Gemeinsam mit ihnen entwickeln wir nachhaltige Entwicklungskonzepte, vermitteln ihnen wichtige Fähigkeiten und begleiten ihre Kinder im Rahmen des Chance-Patenprogramms. So bekommen sie die Chance, ihre Lebenssituation eigenständig zu verbessern und der Armut zu entkommen. In enger Partnerschaft kooperieren wir außerdem mit den Gemeinden, Kirchen und Schulen der Gegend, um das Umweltbewusstsein der Menschen zu stärken, die so Akteure für den Schutz ihres Lebensraumes werden. </p>\\n<p><strong>Schutz und Forschung </strong> <br /> Kontrollposten und ein Team lokaler Waldhüter sorgen rund um die Uhr dafür, dass der Wald sicher und geschützt ist. Ein kleines Camp mitten im Chance-Regenwald dient Universitäten und Wissenschaftlern, die mit uns zusammenarbeiten, als Ausgangspunkt ihrer Arbeit. </p>\\n<p><strong>Der Regenwald von Chance e.V. ist eine Chance für Mensch und Schöpfung </strong> <br /> Der Chance-Regenwald ist letztes Rückzugsgebiet vieler vom Aussterben bedrohter Arten wie z.B. Felsenhähne, Orchideen, Kolibris, Jaguare, Zwerghirsche und Tapire. Er ist ein gigantischer Wasserspeicher für die umliegenden Landkreise, was im Zuge des Klimawandels immer wichtiger wird. Er sichert das Überleben der angrenzenden Kleinbauerndörfer, stärkt die Rechte der Landbevölkerung und bekämpft so aktiv Ungerechtigkeit und Vetternwirtschaft. Der Regenwald von Chance e.V. ist eine Chance für Mensch und Schöpfung. </p>\\n<p>Wahrscheinlich ist der Chance-Regenwald außerdem das größte von einer christlichen Organisation betriebene Naturschutzgebiet Südamerikas und darüber hinaus.</p>\"}}','2018-08-01 14:00:06','2018-08-01 14:00:06','287b65ab-2e0b-45d5-9d6b-2e6a630f633b'),(190,152,9,1,1,1,'','{\"typeId\":\"9\",\"authorId\":\"1\",\"title\":\"Der Chance-Regenwald in Zahlen:\",\"slug\":\"der-chance-regenwald-in-zahlen\",\"postDate\":1533132840,\"expiryDate\":null,\"enabled\":true,\"newParentId\":\"94\",\"fields\":{\"1\":[]}}','2018-08-01 14:14:04','2018-08-01 14:14:04','285ac8d6-49c1-45c3-8f63-5400b46d542e'),(191,153,9,1,1,1,'','{\"typeId\":\"9\",\"authorId\":\"1\",\"title\":\"1/11\",\"slug\":\"1-11\",\"postDate\":1533132900,\"expiryDate\":null,\"enabled\":true,\"newParentId\":\"152\",\"fields\":{\"1\":[],\"2\":\"<p>Fläche: <strong>18.000 Hektar</strong> (Das ist mehr als die Hälfte des Bundeslandes Bremen und viel mehr als die meisten deutschen Nationalparks.)</p>\\n\\n\\n\"}}','2018-08-01 14:15:23','2018-08-01 14:15:23','c4dee615-bc81-4de7-a425-bfaa29b5af53'),(192,154,9,1,1,1,'','{\"typeId\":\"9\",\"authorId\":\"1\",\"title\":\"2/11\",\"slug\":\"2-11\",\"postDate\":1533132960,\"expiryDate\":null,\"enabled\":true,\"newParentId\":\"152\",\"fields\":{\"1\":[],\"2\":\"<p>Höhe: Der Chance-Regenwald liegt auf einer Höhe von <strong>1500 bis 3000 Meter</strong> über dem Meeresspiegel. Zum Vergleich: Die Zugspitze ist als höchster Berg Deutschlands „nur“ 2962 Meter hoch.</p>\\n\\n\\n\\n\"}}','2018-08-01 14:16:03','2018-08-01 14:16:03','3fe2cb38-d8e1-4fd2-a6db-fb7d596472a0'),(193,155,9,1,1,1,'','{\"typeId\":\"9\",\"authorId\":\"1\",\"title\":\"3/11\",\"slug\":\"3-11\",\"postDate\":1533132960,\"expiryDate\":null,\"enabled\":true,\"newParentId\":\"152\",\"fields\":{\"1\":[],\"2\":\"<p>Gründung: <strong>2017</strong></p>\"}}','2018-08-01 14:16:23','2018-08-01 14:16:23','d587d9ca-138b-43c2-928e-88d11b4f41a4'),(194,156,9,1,1,1,'','{\"typeId\":\"9\",\"authorId\":\"1\",\"title\":\"4/11\",\"slug\":\"4-11\",\"postDate\":1533132960,\"expiryDate\":null,\"enabled\":true,\"newParentId\":\"152\",\"fields\":{\"1\":[],\"2\":\"<p>Lorem ipsum dolor sit amet :)</p>\"}}','2018-08-01 14:16:45','2018-08-01 14:16:45','e00d8099-85d7-4c61-8c50-c7a63edb2ea1'),(195,153,9,1,1,2,'','{\"typeId\":\"9\",\"authorId\":\"1\",\"title\":\"1/11\",\"slug\":\"1-11\",\"postDate\":1533132900,\"expiryDate\":null,\"enabled\":true,\"newParentId\":\"152\",\"fields\":{\"1\":[],\"2\":\"<p>Fläche: <strong>18.000 Hektar</strong> (Das ist mehr als die Hälfte des Bundeslandes Bremen und viel mehr als die meisten deutschen Nationalparks.)</p>\"}}','2018-08-01 14:26:45','2018-08-01 14:26:45','fbca1b10-f604-4a33-851b-d59f58aa9bf0'),(196,153,9,1,1,3,'','{\"typeId\":\"9\",\"authorId\":\"1\",\"title\":\"1/11\",\"slug\":\"1-11\",\"postDate\":1533132900,\"expiryDate\":null,\"enabled\":true,\"newParentId\":\"154\",\"fields\":{\"1\":[],\"2\":\"<p>Fläche: <strong>18.000 Hektar</strong> (Das ist mehr als die Hälfte des Bundeslandes Bremen und viel mehr als die meisten deutschen Nationalparks.)</p>\"}}','2018-08-01 21:34:35','2018-08-01 21:34:35','481c6706-df70-4931-8019-39217250a669'),(197,157,9,1,1,1,'','{\"typeId\":\"9\",\"authorId\":\"1\",\"title\":\"5/11\",\"slug\":\"5-11\",\"postDate\":1533160620,\"expiryDate\":null,\"enabled\":true,\"newParentId\":\"152\",\"fields\":{\"1\":[],\"2\":\"<p>Fülltext</p>\"}}','2018-08-01 21:57:35','2018-08-01 21:57:35','926b21c4-5717-4f8c-b935-9c773b0d2472'),(198,158,9,1,1,1,'','{\"typeId\":\"9\",\"authorId\":\"1\",\"title\":\"6/11\",\"slug\":\"6-11\",\"postDate\":1533160620,\"expiryDate\":null,\"enabled\":true,\"newParentId\":\"152\",\"fields\":{\"1\":[],\"2\":\"<p>Fülltext</p>\"}}','2018-08-01 21:57:45','2018-08-01 21:57:45','0f6e2954-71da-4816-9861-f6fc388a24c3'),(199,159,9,1,1,1,'','{\"typeId\":\"9\",\"authorId\":\"1\",\"title\":\"7/11\",\"slug\":\"7-11\",\"postDate\":1533160620,\"expiryDate\":null,\"enabled\":true,\"newParentId\":\"152\",\"fields\":{\"1\":[],\"2\":\"<p>Fülltext</p>\"}}','2018-08-01 21:57:54','2018-08-01 21:57:54','241e13e0-857c-4c06-adc9-ec412246bbaf'),(200,160,9,1,1,1,'','{\"typeId\":\"9\",\"authorId\":\"1\",\"title\":\"Konzept vom gelingenden Leben\",\"slug\":\"gelingenden-leben\",\"postDate\":1533160740,\"expiryDate\":null,\"enabled\":true,\"newParentId\":\"94\",\"fields\":{\"3\":\"<p>Chance e.V. verbindet die Bekämpfung von Armut und Ungleichheit mit der Bewahrung der Schöpfung, denn beides gehört zu unserem Konzept vom gelingenden Leben.</p>\\n\\n\",\"1\":[]}}','2018-08-01 21:59:18','2018-08-01 21:59:18','acb9717f-ae64-4a95-9875-cee441b45c02'),(201,160,9,1,1,2,'','{\"typeId\":\"9\",\"authorId\":\"1\",\"title\":\"Konzept vom gelingenden Leben\",\"slug\":\"gelingenden-leben\",\"postDate\":1533160740,\"expiryDate\":null,\"enabled\":true,\"newParentId\":\"94\",\"fields\":{\"3\":\"<p>Chance e.V. verbindet die Bekämpfung von Armut und Ungleichheit mit der Bewahrung der Schöpfung, denn beides gehört zu unserem Konzept vom gelingenden Leben.</p>\",\"1\":[]}}','2018-08-01 22:02:00','2018-08-01 22:02:00','740f1e9b-c55a-43e5-b48d-513f4347df70'),(202,80,9,1,1,2,'','{\"typeId\":\"9\",\"authorId\":\"1\",\"title\":\"Themen\",\"slug\":\"themen\",\"postDate\":1533029940,\"expiryDate\":null,\"enabled\":true,\"newParentId\":\"\",\"fields\":{\"1\":[],\"2\":\"<p>Armutsbekämpfung, Bildung, christliches Engagement, Soziales sowie Umwelt- und Naturschutz sind wichtige Themen für uns.</p>\\n<p>Erfahren Sie, was sich dahinter verbirgt</p>\"}}','2018-08-01 22:02:16','2018-08-01 22:02:16','a233dce2-984c-452e-8155-d3457d1785fe'),(203,161,9,1,1,1,'','{\"typeId\":\"9\",\"authorId\":\"1\",\"title\":\"Armutsbekämpfung\",\"slug\":\"armutsbekämpfung\",\"postDate\":1533161280,\"expiryDate\":null,\"enabled\":true,\"newParentId\":\"\",\"fields\":{\"3\":\"<p>Armut bedeutet nicht bloß wirtschaftlichen Mangel, sie ist vielmehr ein komplexes Phänomen ökonomischer, sozialer, kultureller, ökologischer, politischer und psychologischer Faktoren. Das bedeutet, dass Armutsbekämpfung ganzheitlich sein muss, um wirkliche Veränderung zu bewirken.</p>\\n\\n\\n\\n\",\"1\":[],\"2\":\"<p><strong>Wachsende Armut durch Verletzung der Rechte und Strukturen indigener Gemeinschaften</strong> <br /> Einseitige Großprojekte, blinder Fortschrittsglaube und selbst gut gemeinte Hilfsaktionen verbessern das Schicksal der Armen häufig kaum. Im Namen des so genannten „Fortschritts“ werden die Rechte und die sozialen Strukturen indigener Gemeinschaften und anderer Bevölkerungsgruppen häufig sogar so schwer verletzt, dass sie ihre Selbstbestimmung verlieren und ihre natürlichen Lebensgrundlagen zerstört werden. Wachsende Armut ist die Folge.</p>\\n<p><strong>Selbstbestimmte Verbesserung der eigenen Lebensqualität</strong> <br /> Wirksame Armutsbekämpfung beginnt deshalb mit den Menschen selbst. Sie müssen ihren eigenen ganzheitlichen und nachhaltigen Entwicklungsprozess eigenständig, verantwortungsbewusst und auf positiven Werten basierend partizipativ gestalten. Das Ziel ist die selbstbestimmte Verbesserung der eigenen Lebensqualität durch sinnvolle Hilfe zur Selbsthilfe, die Förderung effektiver Selbstverwaltung, persönliches „Empowering“ und den schonenden Umgang mit den natürlichen Ressourcen. Chance e.V. fördert die Verbesserung vorhandener Erwerbsquellen, die Erschließung alternativer Wirtschaftszweige wie z.B. Tourismus oder Orchideenzucht sowie die Erleichterung des Marktzugangs durch strategische Partnerschaften.</p>\"}}','2018-08-01 22:08:00','2018-08-01 22:08:00','d585ef18-bbba-4fb7-8f34-49db036643ad'),(204,161,9,1,1,2,'','{\"typeId\":\"9\",\"authorId\":\"1\",\"title\":\"Armutsbekämpfung\",\"slug\":\"armutsbekämpfung\",\"postDate\":1533161280,\"expiryDate\":null,\"enabled\":true,\"newParentId\":\"80\",\"fields\":{\"3\":\"<p>Armut bedeutet nicht bloß wirtschaftlichen Mangel, sie ist vielmehr ein komplexes Phänomen ökonomischer, sozialer, kultureller, ökologischer, politischer und psychologischer Faktoren. Das bedeutet, dass Armutsbekämpfung ganzheitlich sein muss, um wirkliche Veränderung zu bewirken.</p>\",\"1\":[],\"2\":\"<p><strong>Wachsende Armut durch Verletzung der Rechte und Strukturen indigener Gemeinschaften</strong> <br /> Einseitige Großprojekte, blinder Fortschrittsglaube und selbst gut gemeinte Hilfsaktionen verbessern das Schicksal der Armen häufig kaum. Im Namen des so genannten „Fortschritts“ werden die Rechte und die sozialen Strukturen indigener Gemeinschaften und anderer Bevölkerungsgruppen häufig sogar so schwer verletzt, dass sie ihre Selbstbestimmung verlieren und ihre natürlichen Lebensgrundlagen zerstört werden. Wachsende Armut ist die Folge.</p>\\n<p><strong>Selbstbestimmte Verbesserung der eigenen Lebensqualität</strong> <br /> Wirksame Armutsbekämpfung beginnt deshalb mit den Menschen selbst. Sie müssen ihren eigenen ganzheitlichen und nachhaltigen Entwicklungsprozess eigenständig, verantwortungsbewusst und auf positiven Werten basierend partizipativ gestalten. Das Ziel ist die selbstbestimmte Verbesserung der eigenen Lebensqualität durch sinnvolle Hilfe zur Selbsthilfe, die Förderung effektiver Selbstverwaltung, persönliches „Empowering“ und den schonenden Umgang mit den natürlichen Ressourcen. Chance e.V. fördert die Verbesserung vorhandener Erwerbsquellen, die Erschließung alternativer Wirtschaftszweige wie z.B. Tourismus oder Orchideenzucht sowie die Erleichterung des Marktzugangs durch strategische Partnerschaften.</p>\"}}','2018-08-01 22:10:22','2018-08-01 22:10:22','8725aa52-e143-4054-afb5-bbef4141a42f'),(205,164,9,1,1,1,'','{\"typeId\":\"9\",\"authorId\":\"1\",\"title\":\"17.000 Kinder \",\"slug\":\"17-000-kinder\",\"postDate\":1533203520,\"expiryDate\":null,\"enabled\":true,\"newParentId\":\"161\",\"fields\":{\"3\":\"<p>unter fünf Jahren sterben an den Folgen extremer Armut. Jeden Tag!</p>\\n\",\"1\":[]}}','2018-08-02 09:52:04','2018-08-02 09:52:04','984af126-5880-4e0f-a3d6-4012d816fb24'),(206,165,9,1,1,1,'','{\"typeId\":\"9\",\"authorId\":\"1\",\"title\":\"Jedes 2. Kind muss in  Armut leben. \",\"slug\":\"jedes-2-kind-muss-in-armut-leben\",\"postDate\":1533203520,\"expiryDate\":null,\"enabled\":true,\"newParentId\":\"161\",\"fields\":{\"3\":\"<p>Insgesamt über 1 Milliarde Kinder weltweit.</p>\\n\",\"1\":[]}}','2018-08-02 09:52:19','2018-08-02 09:52:19','ae17432b-4be9-47c7-8467-d2cb3a5ed68f'),(207,166,9,1,1,1,'','{\"typeId\":\"9\",\"authorId\":\"1\",\"title\":\"795 Mio. Menschen\",\"slug\":\"795-mio-menschen\",\"postDate\":1533203580,\"expiryDate\":null,\"enabled\":true,\"newParentId\":\"161\",\"fields\":{\"3\":\"<p>leiden weltweit an Hunger. Das bedeutet, dass weltweit einer von neun Menschen täglich hungrig ins Bett geht.</p>\\n\\n\",\"1\":[]}}','2018-08-02 09:53:04','2018-08-02 09:53:04','46975098-7a61-4cad-9bc0-33dad2fe8407'),(208,167,9,1,1,1,'','{\"typeId\":\"9\",\"authorId\":\"1\",\"title\":\"Fülltext\",\"slug\":\"fülltext\",\"postDate\":1533203580,\"expiryDate\":null,\"enabled\":true,\"newParentId\":\"161\",\"fields\":{\"3\":\"<p>sdfsdfsd</p>\",\"1\":[]}}','2018-08-02 09:53:14','2018-08-02 09:53:14','28f071bf-ef15-4af8-8375-589ebba0d6ea'),(209,164,9,1,1,2,'','{\"typeId\":\"9\",\"authorId\":\"1\",\"title\":\"17.000 Kinder \",\"slug\":\"17-000-kinder\",\"postDate\":1533203520,\"expiryDate\":null,\"enabled\":true,\"newParentId\":\"165\",\"fields\":{\"3\":\"<p>unter fünf Jahren sterben an den Folgen extremer Armut. Jeden Tag!</p>\",\"1\":[]}}','2018-08-02 09:54:01','2018-08-02 09:54:01','f4e6029a-e1b6-497c-91fe-e98e157b1b0c'),(210,168,9,1,1,1,'','{\"typeId\":\"9\",\"authorId\":\"1\",\"title\":\"Bildung\",\"slug\":\"bildung\",\"postDate\":1533203820,\"expiryDate\":null,\"enabled\":true,\"newParentId\":\"80\",\"fields\":{\"3\":\"<p>Vielfältige interdisziplinäre und ganzheitliche Bildungsangebote sind ein wichtiger Bestandteil der Arbeit von Chance e.V. Aus dem Lebensumfeld der Menschen heraus ermöglichen wir kontextrelevantes Lernen.</p>\\n\\n\",\"1\":[],\"2\":\"<p>Es klärt über Rechte auf, vermittelt praktische berufliche Fähigkeiten, fördert positive Werte und stärkt sowohl den Einzelnen als auch die Gemeinschaft. Je nach Bildungsangebot richten wir uns an Kinder, Jugendliche, Frauen, traditionelle Anführer, Entscheidungsträger, Gemeindeleiter oder ganze Dorfgemeinschaften. So lernen die Menschen, ihre gemeinsamen Interessen zu vertreten, auf ihr kulturelles Erbe stolz zu sein, die Armut zu bekämpfen und die Schöpfung zu bewahren.</p>\\n\\n\\n\\n\"}}','2018-08-02 09:57:27','2018-08-02 09:57:27','f1349faa-2852-41fa-9852-501e749fe5d3'),(211,168,9,1,1,2,'','{\"typeId\":\"9\",\"authorId\":\"1\",\"title\":\"Bildung\",\"slug\":\"bildung\",\"postDate\":1533203820,\"expiryDate\":null,\"enabled\":true,\"newParentId\":\"80\",\"fields\":{\"3\":\"<p>Vielfältige interdisziplinäre und ganzheitliche Bildungsangebote sind ein wichtiger Bestandteil der Arbeit von Chance e.V. Aus dem Lebensumfeld der Menschen heraus ermöglichen wir kontextrelevantes Lernen.</p>\",\"1\":[],\"2\":\"<p>Es klärt über Rechte auf, vermittelt praktische berufliche Fähigkeiten, fördert positive Werte und stärkt sowohl den Einzelnen als auch die Gemeinschaft. Je nach Bildungsangebot richten wir uns an Kinder, Jugendliche, Frauen, traditionelle Anführer, Entscheidungsträger, Gemeindeleiter oder ganze Dorfgemeinschaften. So lernen die Menschen, ihre gemeinsamen Interessen zu vertreten, auf ihr kulturelles Erbe stolz zu sein, die Armut zu bekämpfen und die Schöpfung zu bewahren.</p>\"}}','2018-08-02 09:59:58','2018-08-02 09:59:58','3f161ab5-0509-4767-80d2-67496e2ff84e'),(212,169,9,1,1,1,'','{\"typeId\":\"9\",\"authorId\":\"1\",\"title\":\"Weniger als  1% der jährl. Waffenausgaben \",\"slug\":\"weniger-als\",\"postDate\":1533204000,\"expiryDate\":null,\"enabled\":true,\"newParentId\":\"80\",\"fields\":{\"3\":\"<p>weltweit (ca. 1,74 Billionen US-Dollar) würden reichen, um jedem Kind weltweit eine Schulbildung zu gewähren.</p>\\n\\n\\n\",\"1\":[]}}','2018-08-02 10:00:22','2018-08-02 10:00:22','15c6c0f8-f7ba-463e-895d-23fadadb7cbd'),(213,170,9,1,1,1,'','{\"typeId\":\"9\",\"authorId\":\"1\",\"title\":\"162 Mio. Kindern\",\"slug\":\"162-mio-kindern\",\"postDate\":1533204000,\"expiryDate\":null,\"enabled\":true,\"newParentId\":\"80\",\"fields\":{\"3\":\"<p>wird auch heute noch das Recht auf schulische Ausbildung verwehrt.</p>\\n\",\"1\":[]}}','2018-08-02 10:00:37','2018-08-02 10:00:37','50062409-97b4-4c83-95cb-648a37907470'),(214,171,9,1,1,1,'','{\"typeId\":\"9\",\"authorId\":\"1\",\"title\":\"5 Mrd. Arbeitstage & 440  Mio. Schultage\",\"slug\":\"5-mrd-arbeitstage-440-mio-schultage\",\"postDate\":1533204000,\"expiryDate\":null,\"enabled\":true,\"newParentId\":\"80\",\"fields\":{\"3\":\"<p>gehen aufgrund von Krankheiten verloren, die mit mangelhafter Wasserversorgung in Zusammenhang stehen.</p>\\n\\n\\n\",\"1\":[]}}','2018-08-02 10:00:57','2018-08-02 10:00:57','a6afc421-ced3-4d1a-a19d-4733b87da83c'),(215,172,9,1,1,1,'','{\"typeId\":\"9\",\"authorId\":\"1\",\"title\":\"Fülltext\",\"slug\":\"fülltext-1\",\"postDate\":1533204060,\"expiryDate\":null,\"enabled\":true,\"newParentId\":\"80\",\"fields\":{\"3\":\"<p>sdfsdfsdf</p>\",\"1\":[]}}','2018-08-02 10:01:04','2018-08-02 10:01:04','b641408a-25f1-4990-817d-55a0aee9e060'),(216,169,9,1,1,2,'','{\"typeId\":\"9\",\"authorId\":\"1\",\"title\":\"Weniger als  1% der jährl. Waffenausgaben \",\"slug\":\"weniger-als\",\"postDate\":1533204000,\"expiryDate\":null,\"enabled\":true,\"newParentId\":\"170\",\"fields\":{\"3\":\"<p>weltweit (ca. 1,74 Billionen US-Dollar) würden reichen, um jedem Kind weltweit eine Schulbildung zu gewähren.</p>\",\"1\":[]}}','2018-08-02 10:01:25','2018-08-02 10:01:25','8f33e215-aec9-4d55-b592-3fe95473387e'),(217,170,9,1,1,2,'','{\"typeId\":\"9\",\"authorId\":\"1\",\"title\":\"162 Mio. Kindern\",\"slug\":\"162-mio-kindern\",\"postDate\":1533204000,\"expiryDate\":null,\"enabled\":true,\"newParentId\":\"168\",\"fields\":{\"3\":\"<p>wird auch heute noch das Recht auf schulische Ausbildung verwehrt.</p>\",\"1\":[]}}','2018-08-02 10:01:52','2018-08-02 10:01:52','9f261587-f54f-41ba-acf3-98697695a57d'),(218,171,9,1,1,2,'','{\"typeId\":\"9\",\"authorId\":\"1\",\"title\":\"5 Mrd. Arbeitstage & 440  Mio. Schultage\",\"slug\":\"5-mrd-arbeitstage-440-mio-schultage\",\"postDate\":1533204000,\"expiryDate\":null,\"enabled\":true,\"newParentId\":\"168\",\"fields\":{\"3\":\"<p>gehen aufgrund von Krankheiten verloren, die mit mangelhafter Wasserversorgung in Zusammenhang stehen.</p>\",\"1\":[]}}','2018-08-02 10:02:06','2018-08-02 10:02:06','02f08a5c-6084-49dd-9ae7-5de51f311504'),(219,172,9,1,1,2,'','{\"typeId\":\"9\",\"authorId\":\"1\",\"title\":\"Fülltext\",\"slug\":\"fülltext-1\",\"postDate\":1533204060,\"expiryDate\":null,\"enabled\":true,\"newParentId\":\"168\",\"fields\":{\"3\":\"<p>sdfsdfsdf</p>\",\"1\":[]}}','2018-08-02 10:02:23','2018-08-02 10:02:23','dd8eb897-ce41-4332-b734-1a57c1276ae2'),(220,173,9,1,1,1,'','{\"typeId\":\"9\",\"authorId\":\"1\",\"title\":\"Christliches Engagement\",\"slug\":\"christliches-engagement\",\"postDate\":1533204360,\"expiryDate\":null,\"enabled\":true,\"newParentId\":\"80\",\"fields\":{\"3\":\"<p>Chance e.V. ist eine auf christlichen Werten basierende Organisation. In unserem Netzwerk verstehen wir Mission als gemeinnützige, partnerschaftliche Zusammenarbeit gleichwürdiger Partner aus unterschiedlichen Kulturen, die bereit sind, voneinander zu lernen und ihren Glauben miteinander zu teilen, ohne dem anderen etwas aufzuzwingen.</p>\\n\\n\\n\\n\",\"1\":[],\"2\":\"<p>Durch konkrete und für die Menschen relevante Projekte wollen wir der Liebe Gottes ganz praktisch Ausdruck verleihen. Dabei respektieren wir die Menschen und Gemeinschaften, mit denen wir arbeiten, in ihrer Vielfalt und Einmaligkeit. Wir begegnen ihnen auf Augenhöhe, mit Achtung und einer am Vorbild Christi orientierten, wertschätzenden, annehmenden und authentischen Nächstenliebe ohne Eigeninteresse.</p>\\n\\n\\n\\n\"}}','2018-08-02 10:06:19','2018-08-02 10:06:19','226de705-441b-450d-af12-c308a628182b'),(221,173,9,1,1,2,'','{\"typeId\":\"9\",\"authorId\":\"1\",\"title\":\"Christliches Engagement\",\"slug\":\"christliches-engagement\",\"postDate\":1533204360,\"expiryDate\":null,\"enabled\":true,\"newParentId\":\"80\",\"fields\":{\"3\":\"<p>Chance e.V. ist eine auf christlichen Werten basierende Organisation. In unserem Netzwerk verstehen wir Mission als gemeinnützige, partnerschaftliche Zusammenarbeit gleichwürdiger Partner aus unterschiedlichen Kulturen, die bereit sind, voneinander zu lernen und ihren Glauben miteinander zu teilen, ohne dem anderen etwas aufzuzwingen.</p>\",\"1\":[],\"2\":\"<p>Durch konkrete und für die Menschen relevante Projekte wollen wir der Liebe Gottes ganz praktisch Ausdruck verleihen. Dabei respektieren wir die Menschen und Gemeinschaften, mit denen wir arbeiten, in ihrer Vielfalt und Einmaligkeit. Wir begegnen ihnen auf Augenhöhe, mit Achtung und einer am Vorbild Christi orientierten, wertschätzenden, annehmenden und authentischen Nächstenliebe ohne Eigeninteresse.</p>\"}}','2018-08-03 08:46:37','2018-08-03 08:46:37','19b6dc78-5061-43cd-9476-a187211c185e'),(222,174,9,1,1,1,'','{\"typeId\":\"9\",\"authorId\":\"1\",\"title\":\"Weniger als  25% des Verdienstes der Reichsten reicht\",\"slug\":\"weniger-als-25-des-verdienstes-der-reichsten-reicht\",\"postDate\":1533286020,\"expiryDate\":null,\"enabled\":true,\"newParentId\":\"173\",\"fields\":{\"3\":\"<p>um die extreme globale Armut zu beenden – ca. 60 Millionen Dollar.</p>\\n\",\"1\":[]}}','2018-08-03 08:47:29','2018-08-03 08:47:29','e201ac68-04d8-46f8-b8ac-47bf050064e4'),(223,175,9,1,1,1,'','{\"typeId\":\"9\",\"authorId\":\"1\",\"title\":\"1% besitzt mehr als die  restlichen 99% \",\"slug\":\"1-besitzt-mehr-als-die-restlichen-99\",\"postDate\":1533286140,\"expiryDate\":null,\"enabled\":true,\"newParentId\":\"173\",\"fields\":{\"3\":\"<p>Die 42 Reichsten Erdenbürger kontrollieren mehr Geld und Ressourcen als die Hälfte der Menschheit (ca. 4 Mrd. Menschen) zusammengenommen.</p>\\n\\n\\n\",\"1\":[]}}','2018-08-03 08:49:15','2018-08-03 08:49:15','963c984f-0b2b-4ed0-a997-5112c894d83c'),(224,176,9,1,1,1,'','{\"typeId\":\"9\",\"authorId\":\"1\",\"title\":\"1,25 $ pro Tag\",\"slug\":\"1-25-pro-tag\",\"postDate\":1533286140,\"expiryDate\":null,\"enabled\":true,\"newParentId\":\"173\",\"fields\":{\"3\":\"<p>1,02 Milliarden Menschen leben immer noch in extremer Armut.</p>\\n\",\"1\":[]}}','2018-08-03 08:49:39','2018-08-03 08:49:39','a21c4abb-d625-43a7-8dec-9b0288ccc440'),(225,177,9,1,1,1,'','{\"typeId\":\"9\",\"authorId\":\"1\",\"title\":\"fülltext\",\"slug\":\"fülltext-2\",\"postDate\":1533286140,\"expiryDate\":null,\"enabled\":true,\"newParentId\":\"173\",\"fields\":{\"3\":\"<p>füllanleser</p>\",\"1\":[]}}','2018-08-03 08:49:49','2018-08-03 08:49:49','bfd7cafd-03de-4210-87f9-4ebc76a6e5fa'),(226,173,9,1,1,3,'','{\"typeId\":\"9\",\"authorId\":\"1\",\"title\":\"Christliches Engagement\",\"slug\":\"engagement\",\"postDate\":1533204360,\"expiryDate\":null,\"enabled\":true,\"newParentId\":\"80\",\"fields\":{\"3\":\"<p>Chance e.V. ist eine auf christlichen Werten basierende Organisation. In unserem Netzwerk verstehen wir Mission als gemeinnützige, partnerschaftliche Zusammenarbeit gleichwürdiger Partner aus unterschiedlichen Kulturen, die bereit sind, voneinander zu lernen und ihren Glauben miteinander zu teilen, ohne dem anderen etwas aufzuzwingen.</p>\",\"1\":[],\"2\":\"<p>Durch konkrete und für die Menschen relevante Projekte wollen wir der Liebe Gottes ganz praktisch Ausdruck verleihen. Dabei respektieren wir die Menschen und Gemeinschaften, mit denen wir arbeiten, in ihrer Vielfalt und Einmaligkeit. Wir begegnen ihnen auf Augenhöhe, mit Achtung und einer am Vorbild Christi orientierten, wertschätzenden, annehmenden und authentischen Nächstenliebe ohne Eigeninteresse.</p>\"}}','2018-08-03 08:53:08','2018-08-03 08:53:08','16765d37-960a-40e5-b798-9b8d62cea0a1'),(227,178,9,1,1,1,'','{\"typeId\":\"9\",\"authorId\":\"1\",\"title\":\"Soziales\",\"slug\":\"soziales\",\"postDate\":1533287100,\"expiryDate\":null,\"enabled\":true,\"newParentId\":\"\",\"fields\":{\"3\":\"<p>Menschen begleiten, zurüsten und befähigen – so verstehen wir den sozialen Charakter der Arbeit von Chance e.V., denn in den Armen und Not Leidenden begegnen wir Christus, der uns zu authentischer Nächstenliebe und Empathie beruft. Sie sind für uns nicht Klienten oder Kunden, sondern zu allererst Geschwister und eigenständige Partner.</p>\\n\\n\\n\\n\",\"1\":[],\"2\":\"<p>Wir stärken die Identität und Selbstachtung der Menschen durch vielfältige Seminare, Bildungsangebote, kompetente Sozialarbeit und Beratung. Sie beginnen, sich selbst und andere in neuem Licht zu sehen, entdecken ihr Potential und richten ihr Leben neu aus. Durch die Förderung des sozialen Zusammenhalts und der gegenseitigen Solidarität stärken wir die Selbstbestimmung der Menschen und ermutigen sie, Ausgrenzung und Benachteiligung zu überwinden, damit neue Perspektiven entstehen können.</p>\\n\\n\\n\\n\"}}','2018-08-03 09:05:43','2018-08-03 09:05:43','dda0abd0-8547-4268-bb63-3c1288faa8de'),(228,178,9,1,1,2,'','{\"typeId\":\"9\",\"authorId\":\"1\",\"title\":\"Soziales\",\"slug\":\"soziales\",\"postDate\":1533287100,\"expiryDate\":null,\"enabled\":true,\"newParentId\":\"80\",\"fields\":{\"3\":\"<p>Menschen begleiten, zurüsten und befähigen – so verstehen wir den sozialen Charakter der Arbeit von Chance e.V., denn in den Armen und Not Leidenden begegnen wir Christus, der uns zu authentischer Nächstenliebe und Empathie beruft. Sie sind für uns nicht Klienten oder Kunden, sondern zu allererst Geschwister und eigenständige Partner.</p>\",\"1\":[],\"2\":\"<p>Wir stärken die Identität und Selbstachtung der Menschen durch vielfältige Seminare, Bildungsangebote, kompetente Sozialarbeit und Beratung. Sie beginnen, sich selbst und andere in neuem Licht zu sehen, entdecken ihr Potential und richten ihr Leben neu aus. Durch die Förderung des sozialen Zusammenhalts und der gegenseitigen Solidarität stärken wir die Selbstbestimmung der Menschen und ermutigen sie, Ausgrenzung und Benachteiligung zu überwinden, damit neue Perspektiven entstehen können.</p>\"}}','2018-08-03 09:06:02','2018-08-03 09:06:02','19164a20-5832-44b2-800a-62a8d3790c68'),(229,179,9,1,1,1,'','{\"typeId\":\"9\",\"authorId\":\"1\",\"title\":\"Essen im Wert von 235€  pro Person\",\"slug\":\"essen-im-wert-von-235-pro-person\",\"postDate\":1533287160,\"expiryDate\":null,\"enabled\":true,\"newParentId\":\"178\",\"fields\":{\"3\":\"<p>wird in Deutschland jedes Jahr weggeworfen – gemessen an der deutschen Bevölkerung etwa 20 Milliarden €.</p>\\n\\n\\n\",\"1\":[]}}','2018-08-03 09:06:55','2018-08-03 09:06:55','07b8b7b9-8c61-4f28-b96d-c18513114758'),(230,180,9,1,1,1,'','{\"typeId\":\"9\",\"authorId\":\"1\",\"title\":\"10mal mehr Land und  Ressourcen\",\"slug\":\"10mal-mehr-land-und-ressourcen\",\"postDate\":1533287220,\"expiryDate\":null,\"enabled\":true,\"newParentId\":\"178\",\"fields\":{\"3\":\"<p>benötigt eine Landfläche, welche Viehfutter produziert, als Ackerland, auf dem z.B. Hirse, Erbsen, Linsen oder Gerste angebaut würden.</p>\\n\\n\\n\",\"1\":[]}}','2018-08-03 09:07:54','2018-08-03 09:07:54','4a90d52b-dfda-4ee1-a742-22c6b0b51d45'),(231,181,9,1,1,1,'','{\"typeId\":\"9\",\"authorId\":\"1\",\"title\":\"1,3 Mrd. Tonnen  Lebensmittel \",\"slug\":\"1-3-mrd-tonnen-lebensmittel\",\"postDate\":1533287280,\"expiryDate\":null,\"enabled\":true,\"newParentId\":\"178\",\"fields\":{\"3\":\"<p>gehen jedes Jahr in den Abfall. Ein Drittel der hergestellten Nahrung geht verloren, während 795 Mio. Menschen an Hunger leiden.</p>\\n\\n\\n\",\"1\":[]}}','2018-08-03 09:08:12','2018-08-03 09:08:12','683e9e42-6b75-4ce4-889a-1d8256bbf7e0'),(232,182,9,1,1,1,'','{\"typeId\":\"9\",\"authorId\":\"1\",\"title\":\"FÜlltext\",\"slug\":\"fülltext-3\",\"postDate\":1533287280,\"expiryDate\":null,\"enabled\":true,\"newParentId\":\"178\",\"fields\":{\"3\":\"<p>Füllanleser</p>\",\"1\":[]}}','2018-08-03 09:08:24','2018-08-03 09:08:24','8c626d52-656b-49be-8d75-5d01e54d16c6'),(233,183,9,1,1,1,'','{\"typeId\":\"9\",\"authorId\":\"1\",\"title\":\"Umwelt- und Naturschutz\",\"slug\":\"umwelt-und-naturschutz-1\",\"postDate\":1533287460,\"expiryDate\":null,\"enabled\":true,\"newParentId\":\"80\",\"fields\":{\"3\":\"<p>In unserem Netzwerk verstehen wir die Natur als Schöpfung und Eigentum Gottes. Als solche besitzt sie ein eigenes Recht auf Leben und ihr Wert geht über den Nutzen, den sie für den Menschen hat, hinaus.</p>\\n\\n\\n\",\"1\":[],\"2\":\"<p>Sie beruht und entwickelt sich auf Grundlage naturwissenschaftlicher Prinzipien. Der Mensch ist nicht Herrscher über die Natur, sondern Bewahrer und integraler Bestandteil der Schöpfung. Seinen Lebensraum Erde teilt der Mensch sich mit seinen Mitgeschöpfen, denen er mit Achtung begegnen soll. Gott ist der Schöpfung in Liebe zugewandt. Deshalb betritt er in Christus, den das Neue Testament als Erlöser und Versöhner der ganzen Schöpfung darstellt, selbst die Welt. Die Schönheit und Vielfalt der natürlichen Schöpfung verweist auf Gott, der sie bewahrt und erhält. Umwelt- und Naturschutz sind also nicht bloß aus eigennützigen Motiven notwendig, sie stellen einen wichtigen Teil unserer christlichen Ethik, unserer Berufung und unseres Gottesdienstes dar. </p>\\n\\n\\n\\n\\n\\n\\n\\n\\n<p>Chance e.V. ermutigt Menschen, die Natur zu schätzen. Wir befähigen sie, die Schöpfung verantwortungsbewusst zu behandeln, nachhaltig zu nutzen und für künftige Generationen zu bewahren. Ohne Umweltschutz sind nachhaltige Entwicklung und Armutsbekämpfung unmöglich, denn der Schutz der Natur fördert die Lebensqualität der Menschen. Er ist für das Überleben der Armen unerlässlich, geht Hand in Hand mit christlichen Werten und fördert letzten Endes eine geistliche Lebensanschauung. In einer Welt, wo jedes sechste Menschenleben durch Umweltprobleme verkürzt wird und Umweltzerstörung weltweit, vor allem aber unter den Ärmsten, Todesursache Nummer 1 ist, ist die Förderung ökologischer Gerechtigkeit wichtiger Bestandteil von ganzheitlicher Entwicklungszusammenarbeit und christlichem Einsatz für die Armen.</p>\\n\\n\\n\\n\\n\\n\\n\\n\\n\\n\\n\\n<p>Chance e.V. fördert Umweltbildung. Durch die Stärkung ökologischer Land-, Forst- und Viehwirtschaft befähigen wir die Menschen, Armut zu bekämpfen und Ressourcen nachhaltig zu nutzen. Aufforstung, der Schutz von Wäldern, Savannen und Gewässern sowie die Einrichtung von Naturschutzgebieten bewahrt die natürliche Lebensgrundlage der Menschen.</p>\\n\\n\\n\\n\"}}','2018-08-03 09:11:46','2018-08-03 09:11:46','4c92fd62-5629-48c5-88f7-f31531715523'),(234,184,9,1,1,1,'','{\"typeId\":\"9\",\"authorId\":\"1\",\"title\":\"7 Mio. Menschen\",\"slug\":\"7-mio-menschen\",\"postDate\":1533287520,\"expiryDate\":null,\"enabled\":true,\"newParentId\":\"183\",\"fields\":{\"3\":\"<p>sterben aufgrund von Luftverschmutzung aus dem Verbrauch von Brennstoffen pro Jahr.</p>\\n\\n\",\"1\":[]}}','2018-08-03 09:12:23','2018-08-03 09:12:23','c8e5f711-86dc-4bf0-ba3d-5db72f00477d'),(235,185,9,1,1,1,'','{\"typeId\":\"9\",\"authorId\":\"1\",\"title\":\"Jede 3. Tierart gilt als  gefährdet \",\"slug\":\"jede-3-tierart-gilt-als-gefährdet\",\"postDate\":1533287520,\"expiryDate\":null,\"enabled\":true,\"newParentId\":\"183\",\"fields\":{\"3\":\"<p>in 2011. Das sind 10% mehr als in 2009.</p>\",\"1\":[]}}','2018-08-03 09:12:40','2018-08-03 09:12:40','313d0d90-bb5d-45b1-8405-0080bc2355a7'),(236,186,9,1,1,1,'','{\"typeId\":\"9\",\"authorId\":\"1\",\"title\":\"35 Fußballfelder pro  Minute\",\"slug\":\"35-fußballfelder-pro-minute\",\"postDate\":1533287580,\"expiryDate\":null,\"enabled\":true,\"newParentId\":\"183\",\"fields\":{\"3\":\"<p>Fläche wertvoller Wälder verschwinden weltweit. Das sind 13 Millionen Hektar pro Jahr.</p>\\n\\n\",\"1\":[]}}','2018-08-03 09:13:06','2018-08-03 09:13:06','4bd14f31-57ee-4812-a36b-6f9ea3d485e8'),(237,187,9,1,1,1,'','{\"typeId\":\"9\",\"authorId\":\"1\",\"title\":\"FÜlltext\",\"slug\":\"fülltext-4\",\"postDate\":1533287580,\"expiryDate\":null,\"enabled\":true,\"newParentId\":\"183\",\"fields\":{\"3\":\"<p>Füllanleser</p>\",\"1\":[]}}','2018-08-03 09:13:14','2018-08-03 09:13:14','7b51e7fa-d158-4f67-acac-4653884dbf32'),(238,183,9,1,1,2,'','{\"typeId\":\"9\",\"authorId\":\"1\",\"title\":\"Umwelt- und Naturschutz\",\"slug\":\"umwelt-und-naturschutz-1\",\"postDate\":1533287460,\"expiryDate\":null,\"enabled\":true,\"newParentId\":\"80\",\"fields\":{\"3\":\"<p>In unserem Netzwerk verstehen wir die Natur als Schöpfung und Eigentum Gottes. Als solche besitzt sie ein eigenes Recht auf Leben und ihr Wert geht über den Nutzen, den sie für den Menschen hat, hinaus.</p>\",\"1\":[],\"2\":\"<p>Sie beruht und entwickelt sich auf Grundlage naturwissenschaftlicher Prinzipien. Der Mensch ist nicht Herrscher über die Natur, sondern Bewahrer und integraler Bestandteil der Schöpfung. Seinen Lebensraum Erde teilt der Mensch sich mit seinen Mitgeschöpfen, denen er mit Achtung begegnen soll. Gott ist der Schöpfung in Liebe zugewandt. Deshalb betritt er in Christus, den das Neue Testament als Erlöser und Versöhner der ganzen Schöpfung darstellt, selbst die Welt. Die Schönheit und Vielfalt der natürlichen Schöpfung verweist auf Gott, der sie bewahrt und erhält. Umwelt- und Naturschutz sind also nicht bloß aus eigennützigen Motiven notwendig, sie stellen einen wichtigen Teil unserer christlichen Ethik, unserer Berufung und unseres Gottesdienstes dar. </p>\\n<p>Chance e.V. ermutigt Menschen, die Natur zu schätzen. Wir befähigen sie, die Schöpfung verantwortungsbewusst zu behandeln, nachhaltig zu nutzen und für künftige Generationen zu bewahren. Ohne Umweltschutz sind nachhaltige Entwicklung und Armutsbekämpfung unmöglich, denn der Schutz der Natur fördert die Lebensqualität der Menschen. Er ist für das Überleben der Armen unerlässlich, geht Hand in Hand mit christlichen Werten und fördert letzten Endes eine geistliche Lebensanschauung. In einer Welt, wo jedes sechste Menschenleben durch Umweltprobleme verkürzt wird und Umweltzerstörung weltweit, vor allem aber unter den Ärmsten, Todesursache Nummer 1 ist, ist die Förderung ökologischer Gerechtigkeit wichtiger Bestandteil von ganzheitlicher Entwicklungszusammenarbeit und christlichem Einsatz für die Armen.</p>\\n<p>Chance e.V. fördert Umweltbildung. Durch die Stärkung ökologischer Land-, Forst- und Viehwirtschaft befähigen wir die Menschen, Armut zu bekämpfen und Ressourcen nachhaltig zu nutzen. Aufforstung, der Schutz von Wäldern, Savannen und Gewässern sowie die Einrichtung von Naturschutzgebieten bewahrt die natürliche Lebensgrundlage der Menschen.</p>\"}}','2018-08-03 09:15:50','2018-08-03 09:15:50','1bfcdd67-a8e7-4bd8-a5d4-b9b353985902'),(251,81,9,1,1,2,'','{\"typeId\":\"9\",\"authorId\":\"1\",\"title\":\"Erfahrungsberichte\",\"slug\":\"erfahrungsberichte\",\"postDate\":1533029940,\"expiryDate\":null,\"enabled\":true,\"newParentId\":\"\",\"fields\":{\"1\":[],\"2\":\"<p>Durch unsere Projekte haben Menschen neue Perspektiven gefunden.</p>\\n<p>Lernen Sie die Menschen kennen</p>\"}}','2018-08-03 09:53:21','2018-08-03 09:53:21','937c6556-d12c-4366-b39d-5947c96b7ad3'),(252,196,9,1,1,1,'','{\"typeId\":\"9\",\"authorId\":\"1\",\"title\":\"Erfahren Sie mehr über die  Menschen hinter den Projekten\",\"slug\":\"erfahren-sie-mehr\",\"postDate\":1533290040,\"expiryDate\":null,\"enabled\":true,\"newParentId\":\"81\",\"fields\":{\"3\":\"<p>Unsere Projekte geben Chancen und verändern das Leben von Menschen. Persönlich und unmittelbar. Diesen Menschen geben wir eine Stimme. Lernen Sie einige von ihnen kennen und erfahren Sie mehr darüber, wie unsere Projekte ihre Lebensqualität tiefgreifend verbessern.</p>\\n\\n\\n\",\"1\":[]}}','2018-08-03 09:54:27','2018-08-03 09:54:27','110c5c57-ff4d-46dc-8da5-5b6c5bee0b56'),(253,196,9,1,1,2,'','{\"typeId\":\"9\",\"authorId\":\"1\",\"title\":\"Erfahren Sie mehr über die  Menschen hinter den Projekten\",\"slug\":\"erfahren-sie-mehr\",\"postDate\":1533290040,\"expiryDate\":null,\"enabled\":true,\"newParentId\":\"81\",\"fields\":{\"3\":\"<p>Unsere Projekte geben Chancen und verändern das Leben von Menschen. Persönlich und unmittelbar. Diesen Menschen geben wir eine Stimme. Lernen Sie einige von ihnen kennen und erfahren Sie mehr darüber, wie unsere Projekte ihre Lebensqualität tiefgreifend verbessern.</p>\",\"1\":[]}}','2018-08-03 09:54:48','2018-08-03 09:54:48','24a28d12-2799-4064-8687-c78be30d8619'),(254,197,9,1,1,1,'','{\"typeId\":\"9\",\"authorId\":\"1\",\"title\":\"Médalid\",\"slug\":\"médalid\",\"postDate\":1533290100,\"expiryDate\":null,\"enabled\":true,\"newParentId\":\"81\",\"fields\":{\"3\":\"<p>Allein erziehende Mutter und Kunsthandwerkerin aus Peru</p>\\n\",\"1\":[],\"2\":\"<p>„Durch Chance e.V. entdeckte ich meinen Wert als Frau und als Indianerin. Ich hörte auf, mich für meine Wurzeln zu schämen und erlernte Fähigkeiten, die mir jetzt helfen auf eigenen Beinen zu stehen. Meinen Töchtern kann ich ein besseres Zuhause bieten und im Dorf mehr Verantwortung übernehmen. Ich wünsche mir, dass Chance e.V. noch vielen anderen so helfen kann wie mir.“</p>\\n\\n\\n\\n\\n\\n\\n\\n\\n\\n<p>Weiterlesen</p>\"}}','2018-08-03 09:55:31','2018-08-03 09:55:31','faaa26cc-c83b-4fb1-8b54-fe808005e8ce'),(255,197,9,1,1,2,'','{\"typeId\":\"9\",\"authorId\":\"1\",\"title\":\"Médalid\",\"slug\":\"médalid\",\"postDate\":1533290100,\"expiryDate\":null,\"enabled\":true,\"newParentId\":\"196\",\"fields\":{\"3\":\"<p>Allein erziehende Mutter und Kunsthandwerkerin aus Peru</p>\",\"1\":[],\"2\":\"<p>„Durch Chance e.V. entdeckte ich meinen Wert als Frau und als Indianerin. Ich hörte auf, mich für meine Wurzeln zu schämen und erlernte Fähigkeiten, die mir jetzt helfen auf eigenen Beinen zu stehen. Meinen Töchtern kann ich ein besseres Zuhause bieten und im Dorf mehr Verantwortung übernehmen. Ich wünsche mir, dass Chance e.V. noch vielen anderen so helfen kann wie mir.“</p>\\n<p>Weiterlesen</p>\"}}','2018-08-03 09:55:53','2018-08-03 09:55:53','a8a57bb5-ff1a-457d-b562-b56258944fbc'),(256,198,9,1,1,1,'','{\"typeId\":\"9\",\"authorId\":\"1\",\"title\":\"Carlos Abel\",\"slug\":\"carlos-abel\",\"postDate\":1533290160,\"expiryDate\":null,\"enabled\":true,\"newParentId\":\"196\",\"fields\":{\"3\":\"<p>Indianeranführer und Chance-Mitarbeiter</p>\",\"1\":[],\"2\":\"<p>„Ich hätte niemals auch nur davon geträumt, einmal eine feste Arbeitsstelle und ein geregeltes Auskommen zu haben oder anderen Menschen durch meine Fähigkeiten hilfreich sein zu können. Zwei Dinge haben mein Leben grundlegend verändert: Die Erkenntnis, dass Gott michliebt und die Begegnung mit Chance e.V., die mir half mein Potential zu entdecken.“</p>\\n\\n\\n\\n\\n\\n\\n\\n\\n<p>Weiterlesen</p>\"}}','2018-08-03 09:56:24','2018-08-03 09:56:24','155f316c-4d20-4cac-bdd9-27b2e64a74f7'),(257,199,9,1,1,1,'','{\"typeId\":\"9\",\"authorId\":\"1\",\"title\":\"Rebeca\",\"slug\":\"rebeca\",\"postDate\":1533290220,\"expiryDate\":null,\"enabled\":true,\"newParentId\":\"196\",\"fields\":{\"3\":\"<p>Yánesha-Indianerin und engagierte Dorfälteste</p>\\n\",\"1\":[],\"2\":\"<p>„Schon immer habe ich dafür gebetet, dass es mir gelingen würde, meinen Kindern eine würdevolle Zukunft zu ermöglichen. Aber bei so viel Not und Armut ist es manchmal schwer, nicht den Mut zu verlieren. Die Zusammenarbeit mit Chance e.V. bedeutet für mich, dass meine Gebete erhört worden sind, denn jetzt haben alle Familien in meinem Dorf die Möglichkeit, ihre Lebensumstände zu verändern. Natürlich dauert das lange, aber ich sehe, wie unsere ganze Dorfgemeinschaft immer stärker wird.“</p>\\n\\n\\n\\n\\n\\n\\n\\n\\n\\n\\n\\n\\n<p>Weiterlesen</p>\"}}','2018-08-03 09:57:03','2018-08-03 09:57:03','79eaaf01-35f3-44df-b600-acf97a09ce33'),(258,200,9,1,1,1,'','{\"typeId\":\"9\",\"authorId\":\"1\",\"title\":\"Roland und Roberto\",\"slug\":\"roland-und-roberto\",\"postDate\":1533290280,\"expiryDate\":null,\"enabled\":true,\"newParentId\":\"196\",\"fields\":{\"3\":\"<p>Dorfoberhäupter und Familienväter</p>\",\"1\":[],\"2\":\"<p>„Die Verantwortung für eine ganze Dorfgemeinschaft zu tragen ist wirklich nicht leicht. Oft fühlst du dich allein und bei so viel Ungerechtigkeit und Not, kommen dir manchmal sogar die Tränen. Doch in Chance e.V. haben wir einen starken Verbündeten. Andere Organisationen kommen und schenken uns Projekte, die wir gar nicht dauerhaft aufrechterhalten können. Dann ziehen sie weiter und lassen uns mit noch mehr Problemen zurück. Chance e.V. ist anders. Das Team nimmt sich die Zeit für tiefen Dialog und wahrhaftige Begegnung, manchmal auch für lange Diskussionen. Am Ende vermitteln sie uns aber die Fähigkeiten, unsere Angelegenheit in die eigene Hand nehmen zu können.“ </p>\\n\\n\\n\\n\\n\\n\\n\\n\\n\\n\\n\\n\\n\\n\\n\\n\\n<p>Weiterlesen<br /></p>\\n\"}}','2018-08-03 09:58:09','2018-08-03 09:58:09','284ac2c1-33f4-488f-a99e-a0243022d7f4'),(259,201,9,1,1,1,'','{\"typeId\":\"9\",\"authorId\":\"1\",\"title\":\"Emilia\",\"slug\":\"emilia\",\"postDate\":1533290280,\"expiryDate\":null,\"enabled\":true,\"newParentId\":\"196\",\"fields\":{\"3\":\"<p>Witwe und Mutter mehrerer Patenkinder</p>\",\"1\":[],\"2\":\"<p>„Der Todeskampf meines Mannes war lang und qualvoll. Er starb, weil wir zu arm waren, uns Medikamente leisten zu können. Wie sollte ich meine Kinder ganz allein ernähren und sie zur Schule schicken können? Durch die Hilfe des Patenkinderprogramms von Chance e.V. gelang es mir, die Hoffnung nicht ganz zu verlieren und mein Schicksal Schritt für Schritt in die eigene Hand zu nehmen.“ </p>\\n\\n\\n\\n\\n\\n\\n\\n\\n\\n<p>Weiterlesen</p>\"}}','2018-08-03 09:58:39','2018-08-03 09:58:39','051abf0f-1e0b-4908-add5-710e089f5d7e'),(260,202,9,1,1,1,'','{\"typeId\":\"9\",\"authorId\":\"1\",\"title\":\"Pancho\",\"slug\":\"pancho\",\"postDate\":1533290340,\"expiryDate\":null,\"enabled\":true,\"newParentId\":\"196\",\"fields\":{\"3\":\"<p>Dorfchef, Gemeindeältester und allein erziehender Vater</p>\\n\",\"1\":[],\"2\":\"<p>„Meine Frau ließ mich und die Kinder schon vor Jahren im Stich. Dann wurde auch die Situation in unserem Dorf immer schlimmer. Unser Dorfchef war korrupt und hatte schon einen Teil des Dorflandes an ein Unternehmen verschachert. Wir mussten ihn absetzen. Als die Dorfbewohner mich baten, ihr Anführer zu werden, habe ich mir das nur zugetraut, weil ich darauf vertraute, dass Chance e.V. mich bei dieser schwierigen Aufgabe begleiten würde.“ </p>\\n\\n\\n\\n\\n\\n\\n\\n\\n\\n\\n<p>Weiterlesen</p>\"}}','2018-08-03 09:59:26','2018-08-03 09:59:26','b4b7354e-8cc9-457d-a91e-fdfdf4465eaf'),(261,203,9,1,1,1,'','{\"typeId\":\"9\",\"authorId\":\"1\",\"title\":\"Don Jesús und Vilma\",\"slug\":\"don-jesús-und-vilma\",\"postDate\":1533290400,\"expiryDate\":null,\"enabled\":true,\"newParentId\":\"196\",\"fields\":{\"3\":\"<p>Tagelöhner, Slumbewohner und Eltern von fünf Patenkindern</p>\\n\",\"1\":[],\"2\":\"<p>„Wir haben fünf wunderbare Kinder und leben in einem Armenviertel von Villa Rica. Vilma ist fast taub und leicht geistig behindert. Trotzdem haben wir ein harmonisches Familienleben, denn wir halten zusammen. Auch wenn wir kaum genug für unsere Grundbedürfnisse haben, sind wir dankbar. Dankbar vor allem, weil Chance e.V. uns hilft, unseren Kindern ein besseres Leben zu ermöglichen.“</p>\\n\\n\\n\\n\\n\\n\\n\\n\\n\\n<p>Weiterlesen</p>\"}}','2018-08-03 10:00:02','2018-08-03 10:00:02','bb7122da-3cf4-485a-aeca-8e1570de11d2'),(262,204,9,1,1,1,'','{\"typeId\":\"9\",\"authorId\":\"1\",\"title\":\"Gino\",\"slug\":\"gino\",\"postDate\":1533290400,\"expiryDate\":null,\"enabled\":true,\"newParentId\":\"196\",\"fields\":{\"3\":\"<p>der erste Projektteilnehmer, als Chance e.V. 2003 seine Arbeit begann</p>\\n\",\"1\":[],\"2\":\"<p>„Ich habe erfahren, dass Gott mir auch dann noch hilft, wenn ich nicht mehr weiter weiß. Mit einem zinsfreien Kleinkredit half Chance e.V. mir, meinen eigenen Markstand aufzubauen und als Halbwaise über die Runden zu kommen. Dabei habe ich gelernt, Verantwortung zu übernehmen und ein echter kleiner Geschäftsmann zu werden.“</p>\\n\\n\\n\\n\\n\\n\\n\\n\\n<p>Weiterlesen</p>\"}}','2018-08-03 10:00:37','2018-08-03 10:00:37','1f25202f-0eae-494e-90e8-e6680d3e3d8a'),(263,205,9,1,1,1,'','{\"typeId\":\"9\",\"authorId\":\"1\",\"title\":\"Gladys\",\"slug\":\"gladys\",\"postDate\":1533290460,\"expiryDate\":null,\"enabled\":true,\"newParentId\":\"196\",\"fields\":{\"3\":\"<p>landlose, alleinstehende Mutter und Maasai-Frau</p>\\n\",\"1\":[],\"2\":\"<p>„Mit 15 bekam ich mein erstes Kind, ohne verheiratet zu sein. Das war eine Schande und ich bin bis heute auf mich allein gestellt. Ohne Mann kann ich als Maasai-Frau kein eigenes Land besitzen, deshalb müssen meine Mutter, meine jüngeren Geschwister, meine Kinder und ich uns allein durchschlagen.“</p>\\n\\n\\n\\n\\n\\n\\n\\n<p>Weiterlesen <br /></p>\\n\"}}','2018-08-03 10:01:10','2018-08-03 10:01:10','fe6df595-5d55-4bc8-ab69-3606db7caa97'),(264,206,9,1,1,1,'','{\"typeId\":\"9\",\"authorId\":\"1\",\"title\":\"Lekishon\",\"slug\":\"lekishon\",\"postDate\":1533290460,\"expiryDate\":null,\"enabled\":true,\"newParentId\":\"196\",\"fields\":{\"3\":\"<p>Tagelöhner, Slumbewohner und Eltern von fünf Chance-Patenjunge, der früher gehbehindert war</p>\\n\\n\",\"1\":[],\"2\":\"<p>„Von Geburt an konnte ich nicht richtig laufen, weil meine Füße nach innen gedreht waren. Meine Eltern schämten sich manchmal für mich und ließen mich dann einfach zu Hause. Mit der Hilfe meiner deutschen Paten konnte ich dann doch zur Schule gehen. Dadurch verstanden auch meine Eltern, dass sie sich nicht für mich schämen mussten.“</p>\\n\\n\\n\\n\\n\\n\\n\\n\\n<p>Weiterlesen</p>\"}}','2018-08-03 10:01:50','2018-08-03 10:01:50','7e90bb3c-86ca-4136-bf36-493ab9a9a32f'),(265,207,9,1,1,1,'','{\"typeId\":\"9\",\"authorId\":\"1\",\"title\":\"Laly, Magaly und Ciro\",\"slug\":\"laly-magaly-und-ciro\",\"postDate\":1533290520,\"expiryDate\":null,\"enabled\":true,\"newParentId\":\"196\",\"fields\":{\"3\":\"<p>die allerersten Patenkinder von Chance e.V.</p>\\n\",\"1\":[],\"2\":\"<p>„Als wir gerade Teenager waren, wurde unsere Mutter im Regenwald ermordet. Zeitgleich saß unser Vater wegen Drogendelikten im Gefängnis. In dem Slum, in dem wir aufgewachsen waren, hätten wir auf uns allein gestellt kaum überleben können. Die Schule hätten wir wahrscheinlich abgebrochen, Laly und Magaly wären vielleicht in der Prostitution gelandet und Ciro kriminell geworden. All das blieb uns dank Chance e.V. erspart.“</p>\\n\\n\\n\\n\\n\\n\\n\\n\\n\\n\\n<p>Weiterlesen</p>\"}}','2018-08-03 10:02:32','2018-08-03 10:02:32','f5e0b958-20b8-4912-b975-c450cdfbf519'),(266,208,9,1,1,1,'','{\"typeId\":\"9\",\"authorId\":\"1\",\"title\":\"Médalid\",\"slug\":\"medalid-lang\",\"postDate\":1533291660,\"expiryDate\":null,\"enabled\":true,\"newParentId\":\"81\",\"fields\":{\"3\":\"<p>Allein erziehende Mutter und Kunsthandwerkerin aus Peru</p>\",\"1\":[],\"2\":\"<p>„Durch Chance e.V. entdeckte ich meinen Wert als Frau und als Indianerin. Ich hörte auf, mich für meine Wurzeln zu schämen und erlernte Fähigkeiten, die mir jetzt helfen, auf eigenen Beinen zu stehen. Meinen Töchtern kann ich ein besseres Zuhause bieten und im Dorf mehr Verantwortung übernehmen. Ich wünsche mir, dass Chance e.V. noch vielen anderen so helfen kann wie mir.“</p>\\n\\n\\n\\n\"}}','2018-08-03 10:21:54','2018-08-03 10:21:54','478f3d18-3b53-4eed-804e-b95a714b55bc'),(267,208,9,1,1,2,'','{\"typeId\":\"9\",\"authorId\":\"1\",\"title\":\"Médalid\",\"slug\":\"medalid-lang\",\"postDate\":1533291660,\"expiryDate\":null,\"enabled\":true,\"newParentId\":\"81\",\"fields\":{\"3\":\"<p>Allein erziehende Mutter und Kunsthandwerkerin aus Peru</p>\",\"1\":[],\"2\":\"<p>„Durch Chance e.V. entdeckte ich meinen Wert als Frau und als Indianerin. Ich hörte auf, mich für meine Wurzeln zu schämen und erlernte Fähigkeiten, die mir jetzt helfen, auf eigenen Beinen zu stehen. Meinen Töchtern kann ich ein besseres Zuhause bieten und im Dorf mehr Verantwortung übernehmen. Ich wünsche mir, dass Chance e.V. noch vielen anderen so helfen kann wie mir.“</p>\",\"5\":\"<p>„Schon immer mochte ich das traditionelle Kunsthandwerk meines Volkes, doch fehlte es mir an Ausbildung und Werkzeugen, die ich mir einfach nicht leisten konnte. Ich fand also noch ein paar andere Dorfbewohner mit denselben Interessen und gemeinsam wandten wir uns an das Chance-Team, das begonnen hatte, die Anführer unseres Dorfes für effektivere Selbstverwaltung auszubilden. </p>\\n\\n\\n\\n<p>Manche Frauen in unserer Gruppe sprachen kaum Spanisch und waren vollkommen verschüchtert. Mit Chance e.V. lernten wir zunächst, wie wertvoll und geliebt wir sind. Als es uns dann mit der Anleitung des Chance-Teams gelang, unsere eigene kleine Kunsthandwerkerkooperative einzutragen wurden vor allem wir Frauen immer selbstsicherer. </p>\\n\\n\\n\\n<p>In den folgenden Monaten unterstützte Chance e.V. uns mit Fortbildungen und Exkursionen. Als unsere Produkte immer besser und unser Einsatz immer sicherer wurde, finanzierte Chance e.V. schließlich Werkzeuge, die wir als Gruppe gemeinsam nutzten. Durch die Vermittlung von Chance e.V. wurden wir bald auf Messen und Volksfeste eingeladen, sogar an der nationalen Kunsthandwerksmesse in Lima konnten wir teilnehmen. </p>\\n\\n\\n\\n\\n<p>Heute kann ich meinen Schmuck sogar bis nach Deutschland verkaufen und meinen Kindern so eine bessere Lebensqualität bieten. 90 Prozent der von mir verwendeten Materialien finde ich in unseren Regenwäldern: Baumsamen, Pflanzenfasern, natürliche Farbstoffe und Bienenwachs. Meine Arbeit stärkt unsere kulturelle Identität als Yánesha-Indianer und hilft, unsere Wälder und unser Erbe zu bewahren. Das gebe ich auch an meine Töchter weiter. Mein Leben hat sich grundlegend verändert.“</p>\\n\\n\\n\\n\\n<p>Auch wenn Médalid heute auf eigenen Beinen steht, kommt sie immer wieder im Chance-Projektzentrum vorbei. Dann berichtet sie von ihren Erfolgen und Herausforderungen und möchte manchmal kurz für unser Team beten. Einmal kam sie nach einer erfolgreichen Messe und überreichte unserer Partnerorganisation eine kleine Spende mit den Worten: <strong>„So wie ihr mir geholfen habt, die zu werden, die ich jetzt bin, sollt ihr auch anderen helfen können…“</strong></p>\\n\\n\\n\\n\"}}','2018-08-03 10:25:03','2018-08-03 10:25:03','aa7078d7-d76c-4f3c-af39-a0d3be8bb7db'),(268,208,9,1,1,3,'','{\"typeId\":\"9\",\"authorId\":\"1\",\"title\":\"Médalid\",\"slug\":\"medalid-lang\",\"postDate\":1533291660,\"expiryDate\":null,\"enabled\":true,\"newParentId\":\"81\",\"fields\":{\"3\":\"<p>Allein erziehende Mutter und Kunsthandwerkerin aus Peru</p>\",\"1\":[],\"2\":\"<p>„Durch Chance e.V. entdeckte ich meinen Wert als Frau und als Indianerin. Ich hörte auf, mich für meine Wurzeln zu schämen und erlernte Fähigkeiten, die mir jetzt helfen, auf eigenen Beinen zu stehen. Meinen Töchtern kann ich ein besseres Zuhause bieten und im Dorf mehr Verantwortung übernehmen. Ich wünsche mir, dass Chance e.V. noch vielen anderen so helfen kann wie mir.“</p>\",\"5\":\"<p>„Schon immer mochte ich das traditionelle Kunsthandwerk meines Volkes, doch fehlte es mir an Ausbildung und Werkzeugen, die ich mir einfach nicht leisten konnte. Ich fand also noch ein paar andere Dorfbewohner mit denselben Interessen und gemeinsam wandten wir uns an das Chance-Team, das begonnen hatte, die Anführer unseres Dorfes für effektivere Selbstverwaltung auszubilden. </p>\\n<p>Manche Frauen in unserer Gruppe sprachen kaum Spanisch und waren vollkommen verschüchtert. Mit Chance e.V. lernten wir zunächst, wie wertvoll und geliebt wir sind. Als es uns dann mit der Anleitung des Chance-Teams gelang, unsere eigene kleine Kunsthandwerkerkooperative einzutragen wurden vor allem wir Frauen immer selbstsicherer. </p>\\n<p>In den folgenden Monaten unterstützte Chance e.V. uns mit Fortbildungen und Exkursionen. Als unsere Produkte immer besser und unser Einsatz immer sicherer wurde, finanzierte Chance e.V. schließlich Werkzeuge, die wir als Gruppe gemeinsam nutzten. Durch die Vermittlung von Chance e.V. wurden wir bald auf Messen und Volksfeste eingeladen, sogar an der nationalen Kunsthandwerksmesse in Lima konnten wir teilnehmen. </p>\\n<p>Heute kann ich meinen Schmuck sogar bis nach Deutschland verkaufen und meinen Kindern so eine bessere Lebensqualität bieten. 90 Prozent der von mir verwendeten Materialien finde ich in unseren Regenwäldern: Baumsamen, Pflanzenfasern, natürliche Farbstoffe und Bienenwachs. Meine Arbeit stärkt unsere kulturelle Identität als Yánesha-Indianer und hilft, unsere Wälder und unser Erbe zu bewahren. Das gebe ich auch an meine Töchter weiter. Mein Leben hat sich grundlegend verändert.“</p>\\n<p>Auch wenn Médalid heute auf eigenen Beinen steht, kommt sie immer wieder im Chance-Projektzentrum vorbei. Dann berichtet sie von ihren Erfolgen und Herausforderungen und möchte manchmal kurz für unser Team beten. Einmal kam sie nach einer erfolgreichen Messe und überreichte unserer Partnerorganisation eine kleine Spende mit den Worten: <strong>„So wie ihr mir geholfen habt, die zu werden, die ich jetzt bin, sollt ihr auch anderen helfen können…“</strong></p>\"}}','2018-08-03 10:35:22','2018-08-03 10:35:22','dfc02311-32ba-4ce5-b1ac-1a3e75ad6f2e'),(269,82,9,1,1,2,'','{\"typeId\":\"9\",\"authorId\":\"1\",\"title\":\"Projektberichte\",\"slug\":\"projektberichte\",\"postDate\":1533029940,\"expiryDate\":null,\"enabled\":true,\"newParentId\":\"\",\"fields\":{\"1\":[],\"2\":\"<p>Unsere vielfältigen Projekte verändern das Schicksal von Einzelnen und ganzen Dorfgemeinschaften positiv. </p>\\n<p>Erfahren Sie, wie wir konkret arbeiten</p>\"}}','2018-08-03 10:55:33','2018-08-03 10:55:33','40a37bb2-5f4e-418f-9290-a0ab627d92d5'),(270,209,9,1,1,1,'','{\"typeId\":\"9\",\"authorId\":\"1\",\"title\":\"Geschichten, die begeistern \",\"slug\":\"geschichten-die-begeistern\",\"postDate\":1533293760,\"expiryDate\":null,\"enabled\":true,\"newParentId\":\"82\",\"fields\":{\"1\":[],\"4\":\"Aktuelle Nachrichten aus unseren Projekten in Peru und Kenia. Jeden Tag geben wir zahllosen Menschen die Chance, ihr Leben  selbstbestimmt zu verbessern, ihre Rechte zu verteidigen, die Armut zu  bekämpfen und die Schöpfung zu bewahren. Erfahren Sie anhand vieler  unterschiedlicher Beispiele, wie wirksam unsere Arbeit ist und wie sehr der  Einsatz für nachhaltige Entwicklung begeistern kann.\"}}','2018-08-03 10:56:01','2018-08-03 10:56:01','4020eb1f-2c4d-431a-a9d3-078068793c8a'),(271,209,9,1,1,2,'','{\"typeId\":\"9\",\"authorId\":\"1\",\"title\":\"Geschichten, die begeistern \",\"slug\":\"geschichten\",\"postDate\":1533293760,\"expiryDate\":null,\"enabled\":true,\"newParentId\":\"82\",\"fields\":{\"1\":[],\"4\":\"Aktuelle Nachrichten aus unseren Projekten in Peru und Kenia. Jeden Tag geben wir zahllosen Menschen die Chance, ihr Leben  selbstbestimmt zu verbessern, ihre Rechte zu verteidigen, die Armut zu  bekämpfen und die Schöpfung zu bewahren. Erfahren Sie anhand vieler  unterschiedlicher Beispiele, wie wirksam unsere Arbeit ist und wie sehr der  Einsatz für nachhaltige Entwicklung begeistern kann.\"}}','2018-08-03 10:58:59','2018-08-03 10:58:59','5966a0e5-e9ef-4131-9801-8cdf9fc623c4'),(272,210,9,1,1,1,'','{\"typeId\":\"9\",\"authorId\":\"1\",\"title\":\"Der Chance-Kinderwald\",\"slug\":\"der-chance-kinderwald\",\"postDate\":1533294120,\"expiryDate\":null,\"enabled\":true,\"newParentId\":\"209\",\"fields\":{\"3\":\"<p>In Peru schaffen wir den Wald der Kinder für die Möglichkeit, sich ganzheitlich und gesund zu entwickeln. </p>\\n\\n\\n<p>Erfahren Sie mehr über den Kinderwald</p>\",\"1\":[]}}','2018-08-03 11:02:05','2018-08-03 11:02:05','c9025dfa-b0f0-4340-b7f8-ed3492ee0ffe'),(273,211,9,1,1,1,'','{\"typeId\":\"9\",\"authorId\":\"1\",\"title\":\"Schulungen für starke Dörfer\",\"slug\":\"schulungen-für-starke-dörfer\",\"postDate\":1533294120,\"expiryDate\":null,\"enabled\":true,\"newParentId\":\"209\",\"fields\":{\"3\":\"<p>Mit Seminaren für die Vertreter von Indianerdörfern machen wir Dorfbewohner und Dorfgemeinschaften stark. </p>\\n\\n\\n<p>Lesen Sie die Erfahrungen der Teilnehmer</p>\",\"1\":[]}}','2018-08-03 11:02:23','2018-08-03 11:02:23','afcee7ae-8418-4d17-b6ed-fa9de74f1664'),(274,212,9,1,1,1,'','{\"typeId\":\"9\",\"authorId\":\"1\",\"title\":\"Der Kampf gegen die Armut\",\"slug\":\"der-kampf-gegen-die-armut\",\"postDate\":1533294120,\"expiryDate\":null,\"enabled\":true,\"newParentId\":\"209\",\"fields\":{\"3\":\"<p>Viele kleine Schritte und langer Atem auf dem Weg zum Ziel. Chance e.V.. </p><p>Erfahren Sie mehr über unseren Kampf gegen die Armut</p>\\n\\n\\n\",\"1\":[]}}','2018-08-03 11:02:44','2018-08-03 11:02:44','296eacba-5609-4c6e-b4f8-8e00b07e80a3'),(275,213,9,1,1,1,'','{\"typeId\":\"9\",\"authorId\":\"1\",\"title\":\"Eine ganz besondere  Erfahrung\",\"slug\":\"eine-ganz-besondere-erfahrung\",\"postDate\":1533294180,\"expiryDate\":null,\"enabled\":true,\"newParentId\":\"209\",\"fields\":{\"3\":\"<p>Kürzlich fand unsere erste Freizeit für notleidende Kinder aus Amazonien statt. </p>\\n\\n<p>Erfahren Sie mehr</p>\",\"1\":[]}}','2018-08-03 11:03:21','2018-08-03 11:03:21','c30066a9-6789-4680-9b29-1d5b05b54bbd'),(276,214,9,1,1,1,'','{\"typeId\":\"9\",\"authorId\":\"1\",\"title\":\"Starke Kinder, starke Dörfer\",\"slug\":\"starke-kinder-starke-dörfer\",\"postDate\":1533294180,\"expiryDate\":null,\"enabled\":true,\"newParentId\":\"209\",\"fields\":{\"3\":\"<p>Für Yordi und Robert haben wir unser Patenschaftsprogramm weiterentwickelt. </p>\\n\\n<p>Wie Kinderpatenschaften ganze Dörfer verändern</p>\\n\",\"1\":[]}}','2018-08-03 11:03:43','2018-08-03 11:03:43','8ee52eb5-18da-4dd8-9a8b-0d9a99618cf6'),(277,215,9,1,1,1,'','{\"typeId\":\"9\",\"authorId\":\"1\",\"title\":\"Wunder in Yunculmas\",\"slug\":\"wunder-in-yunculmas\",\"postDate\":1533294240,\"expiryDate\":null,\"enabled\":true,\"newParentId\":\"209\",\"fields\":{\"3\":\"<p>Nach Generationen der Ausbeutung und schwerer Schicksalsschläge kommt Bewegung in das Volk der Yanesha. </p>\\n\\n\\n<p>Gemeinschaften können sich verändern</p>\",\"1\":[]}}','2018-08-03 11:04:02','2018-08-03 11:04:02','02cdbfbc-7ccd-4620-b1f8-8d76f74dc805'),(278,216,9,1,1,1,'','{\"typeId\":\"9\",\"authorId\":\"1\",\"title\":\"Der Chance-Kinderwald\",\"slug\":\"der-chance-kinderwald-1\",\"postDate\":1533294240,\"expiryDate\":null,\"enabled\":true,\"newParentId\":\"209\",\"fields\":{\"3\":\"<p>In Peru schaffen wir den Wald der Kinder für die Möglichkeit, sich ganzheitlich und gesund zu entwickeln. </p>\\n\\n\\n<p>Erfahren Sie mehr über den Kinderwald</p>\",\"1\":[]}}','2018-08-03 11:04:17','2018-08-03 11:04:17','66e2b02b-0bb0-4f78-bce4-25b3d85cfeb9'),(279,217,9,1,1,1,'','{\"typeId\":\"9\",\"authorId\":\"1\",\"title\":\"Schulungen für starke Dörfer\",\"slug\":\"schulungen-für-starke-dörfer-1\",\"postDate\":1533294240,\"expiryDate\":null,\"enabled\":true,\"newParentId\":\"209\",\"fields\":{\"3\":\"<p>Mit Seminaren für die Vertreter von Indianerdörfern machen wir Dorfbewohner und Dorfgemeinschaften stark. </p>\\n\\n\\n<p>Lesen Sie die Erfahrungen der Teilnehmer</p>\",\"1\":[]}}','2018-08-03 11:04:39','2018-08-03 11:04:39','8477b887-ff80-4d12-8af2-880632035e84'),(280,218,9,1,1,1,'','{\"typeId\":\"9\",\"authorId\":\"1\",\"title\":\"Der Kampf gegen die Armut\",\"slug\":\"der-kampf-gegen-die-armut-1\",\"postDate\":1533294240,\"expiryDate\":null,\"enabled\":true,\"newParentId\":\"209\",\"fields\":{\"3\":\"<p>Viele kleine Schritte und langer Atem auf dem Weg zum Ziel. Chance e.V.. </p>\\n\\n<p>Erfahren Sie mehr über unseren Kampf gegen die Armut</p>\\n\",\"1\":[]}}','2018-08-03 11:04:52','2018-08-03 11:04:52','e112358c-c7a0-4c6e-b64d-b496a5bf0512'),(281,219,9,1,1,1,'','{\"typeId\":\"9\",\"authorId\":\"1\",\"title\":\"Eine ganz besondere  Erfahrung\",\"slug\":\"eine-ganz-besondere-erfahrung-1\",\"postDate\":1533294300,\"expiryDate\":null,\"enabled\":true,\"newParentId\":\"209\",\"fields\":{\"3\":\"<p>Kürzlich fand unsere erste Freizeit für notleidende Kinder aus Amazonien statt. </p>\\n\\n<p>Erfahren Sie mehr</p>\",\"1\":[]}}','2018-08-03 11:05:08','2018-08-03 11:05:08','7d5f20c1-5834-4750-817e-5f9f0b162891'),(282,220,9,1,1,1,'','{\"typeId\":\"9\",\"authorId\":\"1\",\"title\":\"Starke Kinder, starke Dörfer\",\"slug\":\"starke-kinder-starke-dörfer-1\",\"postDate\":1533294300,\"expiryDate\":null,\"enabled\":true,\"newParentId\":\"209\",\"fields\":{\"3\":\"<p>Für Yordi und Robert haben wir unser Patenschaftsprogramm weiterentwickelt. </p>\\n\\n<p>Wie Kinderpatenschaften ganze Dörfer verändern</p>\\n\",\"1\":[]}}','2018-08-03 11:05:22','2018-08-03 11:05:22','61992ba7-d2ba-45cf-bd0c-8b78d3aaa08c'),(283,221,9,1,1,1,'','{\"typeId\":\"9\",\"authorId\":\"1\",\"title\":\"Wunder in Yunculmas\",\"slug\":\"wunder-in-yunculmas-1\",\"postDate\":1533294300,\"expiryDate\":null,\"enabled\":true,\"newParentId\":\"209\",\"fields\":{\"3\":\"<p>Nach Generationen der Ausbeutung und schwerer Schicksalsschläge kommt Bewegung in das Volk der Yanesha. </p>\\n\\n\\n<p>Gemeinschaften können sich verändern</p>\",\"1\":[]}}','2018-08-03 11:05:41','2018-08-03 11:05:41','dbb1a10b-29f3-47d8-b9ba-f020091f3da3'),(284,217,9,1,1,2,'','{\"typeId\":\"9\",\"authorId\":\"1\",\"title\":\"Schulungen für starke Dörfer\",\"slug\":\"schulungen-für-starke-dörfer-1\",\"postDate\":1533294240,\"expiryDate\":null,\"enabled\":true,\"newParentId\":\"209\",\"fields\":{\"3\":\"<p>Mit Seminaren für die Vertreter von Indianerdörfern machen wir Dorfbewohner und Dorfgemeinschaften stark. </p>\\n<p>Lesen Sie die Erfahrungen der Teilnehmer</p>\",\"1\":[]}}','2018-08-03 11:07:55','2018-08-03 11:07:55','62ff7b67-f17f-4c62-89b7-653187d46240'),(286,223,11,1,1,1,'','{\"typeId\":\"11\",\"authorId\":\"1\",\"title\":\"Chance e.V. kommt zu Ihnen\",\"slug\":\"chance-e-v-kommt-zu-ihnen\",\"postDate\":1533296460,\"expiryDate\":null,\"enabled\":true,\"newParentId\":\"\",\"fields\":{\"3\":\"<p>Egal ob Kirche, Schule oder Jugendgruppe.</p><p>Laden Sie uns ein, um mehr über unsere Arbeit, die Menschen vor Ort und das Schicksal der Armen zu erfahren</p>\\n\\n\\n\",\"1\":[]}}','2018-08-03 11:41:23','2018-08-03 11:41:23','e7e92682-5421-4cba-8bff-44d78c93f220'),(287,224,11,1,1,1,'','{\"typeId\":\"11\",\"authorId\":\"1\",\"title\":\"Freiwilligendienst\",\"slug\":\"freiwilligendienst\",\"postDate\":1533296460,\"expiryDate\":null,\"enabled\":true,\"newParentId\":\"\",\"fields\":{\"3\":\"<p>Werde Teil unseres Teams in Peru oder Kenia und setze dich ein für Mensch und Schöpfung. </p>\\n\\n\\n<p>Mach mit!</p>\",\"1\":[]}}','2018-08-03 11:41:38','2018-08-03 11:41:38','a8e8ac8c-f44b-4c84-a530-e114447041db'),(288,225,11,1,1,1,'','{\"typeId\":\"11\",\"authorId\":\"1\",\"title\":\"Projektbesuch\",\"slug\":\"projektbesuch\",\"postDate\":1533296460,\"expiryDate\":null,\"enabled\":true,\"newParentId\":\"\",\"fields\":{\"3\":\"<p>Besuchen Sie unsere Partner vor Ort und erleben Sie Begegnung mit Kulturen, Menschen, Projekten und der Natur.</p>\\n\\n\\n<p>Kommen Sie uns besuchen</p>\",\"1\":[]}}','2018-08-03 11:41:53','2018-08-03 11:41:53','b6b6f45b-03f6-4fce-8f69-3cf111d8bf05'),(289,226,11,1,1,1,'','{\"typeId\":\"11\",\"authorId\":\"1\",\"title\":\"Für Sie daheim\",\"slug\":\"für-sie-daheim\",\"postDate\":1533296520,\"expiryDate\":null,\"enabled\":true,\"newParentId\":\"\",\"fields\":{\"3\":\"<p>Im Alltag und zu Hause können Sie viel tun, um Mensch und Schöpfung eine Chance zu geben.</p>\\n\\n\\n<p>Erfahren Sie was Sie daheim tun können</p>\",\"1\":[]}}','2018-08-03 11:42:11','2018-08-03 11:42:11','3d65642f-0885-474f-b529-914235767416'),(290,227,11,1,1,1,'','{\"typeId\":\"11\",\"authorId\":\"1\",\"title\":\"Presse und Downloads\",\"slug\":\"presse-und-downloads\",\"postDate\":1533296520,\"expiryDate\":null,\"enabled\":true,\"newParentId\":\"\",\"fields\":{\"3\":\"<p>Lesen Sie Pressebeiträge und Veröffentlichungen über die Arbeit von Chance e.V.</p>\\n\\n\\n<p>Zur Übersicht</p>\",\"1\":[]}}','2018-08-03 11:42:25','2018-08-03 11:42:25','34c4b5e7-33c9-4685-b1b2-ef59a0d053f0'),(291,228,11,1,1,1,'','{\"typeId\":\"11\",\"authorId\":\"1\",\"title\":\"Literaturtipps\",\"slug\":\"literaturtipps\",\"postDate\":1533296520,\"expiryDate\":null,\"enabled\":true,\"newParentId\":\"\",\"fields\":{\"3\":\"<p>Interessante Literaturtipps zu den Themen Nachhaltigkeit, ganzheitliche Mission, Bewahrung der Schöpfung, Peru, Kenia usw.</p>\\n\\n\\n<p>Zu den Literaturtipps</p>\",\"1\":[]}}','2018-08-03 11:42:44','2018-08-03 11:42:44','4e652f74-4204-45e8-be55-2900320c2de6'),(292,229,11,1,1,1,'','{\"typeId\":\"11\",\"authorId\":\"1\",\"title\":\"Zitate\",\"slug\":\"zitate\",\"postDate\":1533296580,\"expiryDate\":null,\"enabled\":true,\"newParentId\":\"\",\"fields\":{\"3\":\"<p>Unsere Programme befinden sich in einem dauerhaften Prozess. Lesen Sie Berichte von Personen aus den Projekten vor Ort.</p>\\n\\n\\n<p>Erhalten Sie Projekteinblicke</p>\",\"1\":[]}}','2018-08-03 11:43:04','2018-08-03 11:43:04','e8d0cb05-8fed-4aa0-8fc4-7047fd7bd7ca'),(293,223,11,1,1,2,'','{\"typeId\":\"11\",\"authorId\":\"1\",\"title\":\"Chance e.V. kommt zu Ihnen\",\"slug\":\"chance-kommt\",\"postDate\":1533296460,\"expiryDate\":null,\"enabled\":true,\"newParentId\":\"\",\"fields\":{\"3\":\"<p>Egal ob Kirche, Schule oder Jugendgruppe.</p>\\n<p>Laden Sie uns ein, um mehr über unsere Arbeit, die Menschen vor Ort und das Schicksal der Armen zu erfahren</p>\",\"1\":[],\"2\":\"<p>Werden Sie aktiv!</p>\",\"4\":\"Mitmachen und die Welt verändern: Als Teil des internationalen Teams von  Chance e.V. können Sie Mensch und Schöpfung eine Chance geben – kreativ,  individuell und wirksam.\"}}','2018-08-03 11:43:51','2018-08-03 11:43:51','b48b38c6-339a-4be4-b875-985b186234ec'),(294,232,11,1,1,1,'','{\"typeId\":\"11\",\"authorId\":\"1\",\"title\":\"Freundesbrief abonnieren\",\"slug\":\"freundesbrief\",\"postDate\":1533369360,\"expiryDate\":null,\"enabled\":true,\"newParentId\":\"\",\"fields\":{\"3\":\"<p>Lassen Sie sich ungefähr einmal monatlich durch unseren konstenfreien Freundesbrief „Chance-Aktuell“ informieren.</p>\\n\\n\",\"1\":[],\"2\":\"<p>Sie möchten den Freundesbrief gerne als Brief erhalten?</p>\\n<p>Melden Sie sich hier an und freuen Sie sich auf unsere Post.</p>\"}}','2018-08-04 07:56:33','2018-08-04 07:56:33','6ba5a53e-2419-4ff2-b574-bf4de8a99c15'),(295,233,11,1,1,1,'','{\"typeId\":\"11\",\"authorId\":\"1\",\"title\":\"Als Multiplikator Chancen geben:\",\"slug\":\"als-multiplikator-chancen-geben\",\"postDate\":1533370320,\"expiryDate\":null,\"enabled\":true,\"newParentId\":\"\",\"fields\":{\"3\":\"<p>Erzählen Sie anderen von Chance e.V.</p>\\n<p> </p>\\n<hr /><p>Laden Sie uns zu einem Gottesdienst, einem Unterrichtsbesuch oder einer Infoveranstaltung in Ihre Kirche, Gemeinde oder Schule ein.</p>\\n<hr /><p>Organisieren Sie eine Partnerschaft zwischen Chance e.V. und Ihrer Kirche, Gemeinde oder Schule.</p>\\n<hr /><p>Bestellen Sie Infomaterial, Newsletter oder Rundmails.<br /></p>\\n<hr /><p>Posten Sie uns in Ihren sozialen Netzwerken. <br /></p> <hr />\",\"1\":[]}}','2018-08-04 08:12:27','2018-08-04 08:12:27','559050d1-6750-4e7e-b1aa-25384024947a'),(296,233,11,1,1,2,'','{\"typeId\":\"11\",\"authorId\":\"1\",\"title\":\"Als Multiplikator Chancen geben:\",\"slug\":\"als-multiplikator-chancen-geben\",\"postDate\":1533370320,\"expiryDate\":null,\"enabled\":true,\"newParentId\":\"\",\"fields\":{\"3\":\"<p>Erzählen Sie anderen von Chance e.V.</p>\\n<p> </p>\\n<hr /><p>Laden Sie uns zu einem Gottesdienst, einem Unterrichtsbesuch oder einer Infoveranstaltung in Ihre Kirche, Gemeinde oder Schule ein.</p>\\n<hr /><p>Organisieren Sie eine Partnerschaft zwischen Chance e.V. und Ihrer Kirche, Gemeinde oder Schule.</p>\\n<hr /><p>Bestellen Sie Infomaterial, Newsletter oder Rundmails.<br /></p>\\n<hr /><p>Posten Sie uns in Ihren sozialen Netzwerken. <br /></p>\\n<hr />\",\"1\":[]}}','2018-08-04 08:13:12','2018-08-04 08:13:12','88e888d7-7e63-424f-b41a-dc49cee426a1'),(297,234,11,1,1,1,'','{\"typeId\":\"11\",\"authorId\":\"1\",\"title\":\"Fuelleintrag\",\"slug\":\"fuelleintrag\",\"postDate\":1533370380,\"expiryDate\":null,\"enabled\":true,\"newParentId\":\"\",\"fields\":{\"1\":[]}}','2018-08-04 08:13:54','2018-08-04 08:13:54','582158b6-161c-4b82-83fe-6acba110acf9'),(298,233,11,1,1,3,'','{\"typeId\":\"11\",\"authorId\":\"1\",\"title\":\"Als Multiplikator Chancen geben:\",\"slug\":\"als-multiplikator-chancen-geben\",\"postDate\":1533370320,\"expiryDate\":null,\"enabled\":true,\"newParentId\":\"234\",\"fields\":{\"3\":\"<p>Erzählen Sie anderen von Chance e.V.</p>\\n<p> </p>\\n<hr /><p>Laden Sie uns zu einem Gottesdienst, einem Unterrichtsbesuch oder einer Infoveranstaltung in Ihre Kirche, Gemeinde oder Schule ein.</p>\\n<hr /><p>Organisieren Sie eine Partnerschaft zwischen Chance e.V. und Ihrer Kirche, Gemeinde oder Schule.</p>\\n<hr /><p>Bestellen Sie Infomaterial, Newsletter oder Rundmails.<br /></p>\\n<hr /><p>Posten Sie uns in Ihren sozialen Netzwerken. <br /></p>\\n<hr />\",\"1\":[]}}','2018-08-04 08:14:51','2018-08-04 08:14:51','de26214a-4c0d-4987-8beb-c79df88176b4'),(299,235,11,1,1,1,'','{\"typeId\":\"11\",\"authorId\":\"1\",\"title\":\"Praktisch Chancen geben:\",\"slug\":\"praktisch-chancen-geben\",\"postDate\":1533370560,\"expiryDate\":null,\"enabled\":true,\"newParentId\":\"234\",\"fields\":{\"3\":\"<p>Arbeiten Sie vor Ort in Kenia oder Peru mit, als Praktikant, weltwärts-Freiwilliger oder Volontär.</p>\\n<hr /><p>Besuchen Sie eine unserer Partnerorganisationen und lernen Sie unsere Projekte persönlich kennen.<br /></p>\\n<hr /><p>Unterstützen Sie unsere Arbeit in Deutschland durch ehrenamtliche Mitarbeit. <br /></p>\\n<hr /><p>Beten Sie für unsere Projekte, die Menschen vor Ort und unser Team.</p>\\n<hr /><p>Gestalten Sie Ihr Leben so, dass Sie durch Ihr tagtägliches Verhalten Nachhaltigkeit, Gerechtigkeit und Umweltschutz fördern.</p> <hr />\",\"1\":[]}}','2018-08-04 08:16:45','2018-08-04 08:16:45','147eff7a-a45c-470a-b987-fdc46d471c35'),(300,236,11,1,1,1,'','{\"typeId\":\"11\",\"authorId\":\"1\",\"title\":\"Als Spender Chancen geben:\",\"slug\":\"als-spender-chancen-geben\",\"postDate\":1533370680,\"expiryDate\":null,\"enabled\":true,\"newParentId\":\"\",\"fields\":{\"3\":\"<p>Unterstützen Sie die Chance-Projekte einmalig oder dauerhaft regelmäßig mit Spenden.</p>\\n<hr /><p>Nutzen Sie Feierlichkeiten oder andere Anlässe, um Spenden für Chance e.V. zu sammeln. </p>\\n<hr /><p>Werden Sie Pate und wählen Sie zwischen einer allgemeinen Chance-Patenschaft, einer Länder-, Dorf-, Kinder- oder Waldpatenschaft.<br /></p>\\n<hr /><p>Werden Sie kreativ und organisieren Sie Ihre eigene Fundraising- oder Öffentlichkeitsaktion für Chance e.V. – ganz so, wie Sie möchten. Wir stellen Ihnen gern Infomaterialien zur Verfügung.</p>\\n<hr />\",\"1\":[]}}','2018-08-04 08:18:37','2018-08-04 08:18:37','ca680dac-82a3-4dc0-9a58-5c78ec6996b6'),(301,234,11,1,1,2,'','{\"typeId\":\"11\",\"authorId\":\"1\",\"title\":\"Werden Sie Teil von Chance e.V.\",\"slug\":\"fuelleintrag\",\"postDate\":1533370380,\"expiryDate\":null,\"enabled\":true,\"newParentId\":\"\",\"fields\":{\"3\":\"<p>Es gibt viele Möglichkeiten, wie Sie die Arbeit von Chance e.V. mitgestalten können:</p>\",\"1\":[],\"2\":\"<p>Haben Sie noch andere kreative Ideen, wie Sie helfen können? Dann fangen Sie einfach an und erzählen uns von Ihrem Engagement.Herzlich willkommen in unserem Team für nachhaltige Entwicklung und ganzheitliche Lebensqualität!</p>\\n\\n\\n\"}}','2018-08-04 08:20:26','2018-08-04 08:20:26','a744c7ee-3448-4dc6-96f9-190b80cc86e9'),(302,234,11,1,1,3,'','{\"typeId\":\"11\",\"authorId\":\"1\",\"title\":\"Werden Sie Teil von Chance e.V.\",\"slug\":\"fuelleintrag\",\"postDate\":1533370380,\"expiryDate\":null,\"enabled\":true,\"newParentId\":\"\",\"fields\":{\"3\":\"<p>Es gibt viele Möglichkeiten, wie Sie die Arbeit von Chance e.V. mitgestalten können:</p>\",\"1\":[],\"2\":\"<p>Haben Sie noch andere kreative Ideen, wie Sie helfen können? Dann fangen Sie einfach an und erzählen uns von Ihrem Engagement.Herzlich willkommen in unserem Team für nachhaltige Entwicklung und ganzheitliche Lebensqualität!</p>\"}}','2018-08-04 08:27:20','2018-08-04 08:27:20','9e4326c2-c7e8-4cf1-8f36-e2fdcca873a0'),(303,233,11,1,1,4,'','{\"typeId\":\"11\",\"authorId\":\"1\",\"title\":\"Als Multiplikator Chancen geben:\",\"slug\":\"als-multiplikator-chancen-geben\",\"postDate\":1533370320,\"expiryDate\":null,\"enabled\":true,\"newParentId\":\"234\",\"fields\":{\"3\":\"<p>Erzählen Sie anderen von Chance e.V. </p>\\n<hr /><p>Laden Sie uns zu einem Gottesdienst, einem Unterrichtsbesuch oder einer Infoveranstaltung in Ihre Kirche, Gemeinde oder Schule ein.</p>\\n<hr /><p>Organisieren Sie eine Partnerschaft zwischen Chance e.V. und Ihrer Kirche, Gemeinde oder Schule.</p>\\n<hr /><p>Bestellen Sie Infomaterial, Newsletter oder Rundmails.<br /></p>\\n<hr /><p>Posten Sie uns in Ihren sozialen Netzwerken. <br /></p>\\n<hr />\",\"1\":[]}}','2018-08-04 08:37:07','2018-08-04 08:37:07','6aaaa8a8-6a83-47fa-9760-6d2369f7a470');
/*!40000 ALTER TABLE `entryversions` ENABLE KEYS */;
UNLOCK TABLES;

--
-- Table structure for table `fieldgroups`
--

DROP TABLE IF EXISTS `fieldgroups`;
/*!40101 SET @saved_cs_client     = @@character_set_client */;
/*!40101 SET character_set_client = utf8 */;
CREATE TABLE `fieldgroups` (
  `id` int(11) NOT NULL AUTO_INCREMENT,
  `name` varchar(255) NOT NULL,
  `dateCreated` datetime NOT NULL,
  `dateUpdated` datetime NOT NULL,
  `uid` char(36) NOT NULL DEFAULT '0',
  PRIMARY KEY (`id`),
  UNIQUE KEY `fieldgroups_name_unq_idx` (`name`)
) ENGINE=InnoDB AUTO_INCREMENT=2 DEFAULT CHARSET=utf8;
/*!40101 SET character_set_client = @saved_cs_client */;

--
-- Dumping data for table `fieldgroups`
--

LOCK TABLES `fieldgroups` WRITE;
/*!40000 ALTER TABLE `fieldgroups` DISABLE KEYS */;
INSERT INTO `fieldgroups` VALUES (1,'Common','2018-07-23 14:53:48','2018-07-23 14:53:48','d70a5852-c6dd-48c7-baf4-53761cae6fe0');
/*!40000 ALTER TABLE `fieldgroups` ENABLE KEYS */;
UNLOCK TABLES;

--
-- Table structure for table `fieldlayoutfields`
--

DROP TABLE IF EXISTS `fieldlayoutfields`;
/*!40101 SET @saved_cs_client     = @@character_set_client */;
/*!40101 SET character_set_client = utf8 */;
CREATE TABLE `fieldlayoutfields` (
  `id` int(11) NOT NULL AUTO_INCREMENT,
  `layoutId` int(11) NOT NULL,
  `tabId` int(11) NOT NULL,
  `fieldId` int(11) NOT NULL,
  `required` tinyint(1) NOT NULL DEFAULT '0',
  `sortOrder` smallint(6) unsigned DEFAULT NULL,
  `dateCreated` datetime NOT NULL,
  `dateUpdated` datetime NOT NULL,
  `uid` char(36) NOT NULL DEFAULT '0',
  PRIMARY KEY (`id`),
  UNIQUE KEY `fieldlayoutfields_layoutId_fieldId_unq_idx` (`layoutId`,`fieldId`),
  KEY `fieldlayoutfields_sortOrder_idx` (`sortOrder`),
  KEY `fieldlayoutfields_tabId_idx` (`tabId`),
  KEY `fieldlayoutfields_fieldId_idx` (`fieldId`),
  CONSTRAINT `fieldlayoutfields_fieldId_fk` FOREIGN KEY (`fieldId`) REFERENCES `fields` (`id`) ON DELETE CASCADE,
  CONSTRAINT `fieldlayoutfields_layoutId_fk` FOREIGN KEY (`layoutId`) REFERENCES `fieldlayouts` (`id`) ON DELETE CASCADE,
  CONSTRAINT `fieldlayoutfields_tabId_fk` FOREIGN KEY (`tabId`) REFERENCES `fieldlayouttabs` (`id`) ON DELETE CASCADE
) ENGINE=InnoDB AUTO_INCREMENT=22 DEFAULT CHARSET=utf8;
/*!40101 SET character_set_client = @saved_cs_client */;

--
-- Dumping data for table `fieldlayoutfields`
--

LOCK TABLES `fieldlayoutfields` WRITE;
/*!40000 ALTER TABLE `fieldlayoutfields` DISABLE KEYS */;
INSERT INTO `fieldlayoutfields` VALUES (6,9,3,1,0,1,'2018-07-30 09:49:38','2018-07-30 09:49:38','9ff77c96-2b38-466d-865d-f265a6f1c2c1'),(7,9,3,3,0,2,'2018-07-30 09:49:38','2018-07-30 09:49:38','aa543d7c-0abe-4d02-9e98-0efe5e0fc433'),(8,9,3,2,0,3,'2018-07-30 09:49:38','2018-07-30 09:49:38','dd478b72-9253-4823-8bcf-088760e2b4f1'),(12,10,5,1,0,1,'2018-08-03 10:23:43','2018-08-03 10:23:43','06323b0f-d46c-4978-b966-96e860e36057'),(13,10,5,3,0,2,'2018-08-03 10:23:43','2018-08-03 10:23:43','864e6944-714a-44e2-946a-1d44ca724ff1'),(14,10,5,2,0,3,'2018-08-03 10:23:43','2018-08-03 10:23:43','3e21f8ff-03dd-4cd4-840e-72288a642027'),(15,10,5,4,0,4,'2018-08-03 10:23:43','2018-08-03 10:23:43','450167de-5cf1-4c1e-b6dc-eb23131c35b2'),(16,10,5,5,0,5,'2018-08-03 10:23:43','2018-08-03 10:23:43','ccae8bef-de6f-43b0-a23b-cd008b0899a8'),(17,12,6,3,0,1,'2018-08-03 11:36:35','2018-08-03 11:36:35','316e870d-c5e1-47ba-90d9-63102d250909'),(18,12,6,1,0,2,'2018-08-03 11:36:35','2018-08-03 11:36:35','fdd79a47-d9e6-405a-ac90-d5dd55b3a021'),(19,12,6,2,0,3,'2018-08-03 11:36:35','2018-08-03 11:36:35','5eb69e0b-e03e-4994-9508-450234d11e87'),(20,12,6,4,0,4,'2018-08-03 11:36:35','2018-08-03 11:36:35','653cd8fe-412d-48ff-89f3-993de008a133'),(21,12,6,5,0,5,'2018-08-03 11:36:35','2018-08-03 11:36:35','4fdb5354-5ae2-471d-8ed0-991d01761ab7');
/*!40000 ALTER TABLE `fieldlayoutfields` ENABLE KEYS */;
UNLOCK TABLES;

--
-- Table structure for table `fieldlayouts`
--

DROP TABLE IF EXISTS `fieldlayouts`;
/*!40101 SET @saved_cs_client     = @@character_set_client */;
/*!40101 SET character_set_client = utf8 */;
CREATE TABLE `fieldlayouts` (
  `id` int(11) NOT NULL AUTO_INCREMENT,
  `type` varchar(255) NOT NULL,
  `dateCreated` datetime NOT NULL,
  `dateUpdated` datetime NOT NULL,
  `uid` char(36) NOT NULL DEFAULT '0',
  PRIMARY KEY (`id`),
  KEY `fieldlayouts_type_idx` (`type`)
) ENGINE=InnoDB AUTO_INCREMENT=15 DEFAULT CHARSET=utf8;
/*!40101 SET character_set_client = @saved_cs_client */;

--
-- Dumping data for table `fieldlayouts`
--

LOCK TABLES `fieldlayouts` WRITE;
/*!40000 ALTER TABLE `fieldlayouts` DISABLE KEYS */;
INSERT INTO `fieldlayouts` VALUES (3,'craft\\elements\\Asset','2018-07-23 15:11:31','2018-07-25 10:42:32','8cd25551-c7bd-472d-ae33-e84beca6faa5'),(8,'craft\\elements\\Entry','2018-07-25 10:45:45','2018-07-25 10:45:45','5980538c-dbb4-48c0-af53-2b69a3d482d8'),(9,'craft\\elements\\Entry','2018-07-25 10:45:54','2018-07-30 09:49:37','ceb19af4-7900-4fb2-80bf-90b1dbb1b25e'),(10,'craft\\elements\\Entry','2018-07-25 10:46:05','2018-08-03 10:23:42','a02cf801-0a3a-41fa-b1a2-5f85e7cca833'),(11,'craft\\elements\\Entry','2018-07-25 10:46:13','2018-07-25 10:46:13','9b783aa4-287c-4560-8a3f-0c21c0c68a54'),(12,'craft\\elements\\Entry','2018-07-25 10:46:22','2018-08-03 11:36:35','4d219f9b-56b6-4158-aacc-ff4687770a08'),(13,'craft\\elements\\Entry','2018-07-25 10:46:32','2018-07-25 10:46:32','2091f833-db02-45f0-b07e-b767e0878cac'),(14,'craft\\elements\\Entry','2018-07-25 10:46:39','2018-07-25 10:46:39','260cecf8-7a70-4296-bfd6-8967ddaee318');
/*!40000 ALTER TABLE `fieldlayouts` ENABLE KEYS */;
UNLOCK TABLES;

--
-- Table structure for table `fieldlayouttabs`
--

DROP TABLE IF EXISTS `fieldlayouttabs`;
/*!40101 SET @saved_cs_client     = @@character_set_client */;
/*!40101 SET character_set_client = utf8 */;
CREATE TABLE `fieldlayouttabs` (
  `id` int(11) NOT NULL AUTO_INCREMENT,
  `layoutId` int(11) NOT NULL,
  `name` varchar(255) NOT NULL,
  `sortOrder` smallint(6) unsigned DEFAULT NULL,
  `dateCreated` datetime NOT NULL,
  `dateUpdated` datetime NOT NULL,
  `uid` char(36) NOT NULL DEFAULT '0',
  PRIMARY KEY (`id`),
  KEY `fieldlayouttabs_sortOrder_idx` (`sortOrder`),
  KEY `fieldlayouttabs_layoutId_idx` (`layoutId`),
  CONSTRAINT `fieldlayouttabs_layoutId_fk` FOREIGN KEY (`layoutId`) REFERENCES `fieldlayouts` (`id`) ON DELETE CASCADE
) ENGINE=InnoDB AUTO_INCREMENT=7 DEFAULT CHARSET=utf8;
/*!40101 SET character_set_client = @saved_cs_client */;

--
-- Dumping data for table `fieldlayouttabs`
--

LOCK TABLES `fieldlayouttabs` WRITE;
/*!40000 ALTER TABLE `fieldlayouttabs` DISABLE KEYS */;
INSERT INTO `fieldlayouttabs` VALUES (3,9,'Common',1,'2018-07-30 09:49:38','2018-07-30 09:49:38','7e884873-7bf9-4fde-a867-e0c95f8f2b8d'),(5,10,'Common',1,'2018-08-03 10:23:42','2018-08-03 10:23:42','9018f6a5-be67-4d88-9c2a-82187e0933b4'),(6,12,'Common',1,'2018-08-03 11:36:35','2018-08-03 11:36:35','8085f180-8bda-4b6f-9eee-0381aa237c6a');
/*!40000 ALTER TABLE `fieldlayouttabs` ENABLE KEYS */;
UNLOCK TABLES;

--
-- Table structure for table `fields`
--

DROP TABLE IF EXISTS `fields`;
/*!40101 SET @saved_cs_client     = @@character_set_client */;
/*!40101 SET character_set_client = utf8 */;
CREATE TABLE `fields` (
  `id` int(11) NOT NULL AUTO_INCREMENT,
  `groupId` int(11) DEFAULT NULL,
  `name` varchar(255) NOT NULL,
  `handle` varchar(64) NOT NULL,
  `context` varchar(255) NOT NULL DEFAULT 'global',
  `instructions` text,
  `translationMethod` varchar(255) NOT NULL DEFAULT 'none',
  `translationKeyFormat` text,
  `type` varchar(255) NOT NULL,
  `settings` text,
  `dateCreated` datetime NOT NULL,
  `dateUpdated` datetime NOT NULL,
  `uid` char(36) NOT NULL DEFAULT '0',
  PRIMARY KEY (`id`),
  UNIQUE KEY `fields_handle_context_unq_idx` (`handle`,`context`),
  KEY `fields_groupId_idx` (`groupId`),
  KEY `fields_context_idx` (`context`),
  CONSTRAINT `fields_groupId_fk` FOREIGN KEY (`groupId`) REFERENCES `fieldgroups` (`id`) ON DELETE CASCADE
) ENGINE=InnoDB AUTO_INCREMENT=6 DEFAULT CHARSET=utf8;
/*!40101 SET character_set_client = @saved_cs_client */;

--
-- Dumping data for table `fields`
--

LOCK TABLES `fields` WRITE;
/*!40000 ALTER TABLE `fields` DISABLE KEYS */;
INSERT INTO `fields` VALUES (1,1,'Bild','bild','global','','site',NULL,'craft\\fields\\Assets','{\"useSingleFolder\":\"\",\"defaultUploadLocationSource\":\"folder:1\",\"defaultUploadLocationSubpath\":\"\",\"singleUploadLocationSource\":\"folder:1\",\"singleUploadLocationSubpath\":\"\",\"restrictFiles\":\"\",\"allowedKinds\":null,\"sources\":\"*\",\"source\":null,\"targetSiteId\":null,\"viewMode\":\"list\",\"limit\":\"\",\"selectionLabel\":\"\",\"localizeRelations\":false}','2018-07-23 15:03:56','2018-07-29 17:09:12','005ac27f-cc5b-4bc1-bbae-b5c713ea44ed'),(2,1,'Text','text','global','Der Inhalt des Artikels','none',NULL,'craft\\redactor\\Field','{\"redactorConfig\":\"\",\"purifierConfig\":\"\",\"cleanupHtml\":\"1\",\"purifyHtml\":\"1\",\"columnType\":\"text\",\"availableVolumes\":\"*\",\"availableTransforms\":\"*\"}','2018-07-29 16:52:21','2018-07-30 10:39:26','c10b2be1-8536-4acd-bd4f-7ba9de5df3e1'),(3,1,'Anleser','anleser','global','','none',NULL,'craft\\redactor\\Field','{\"redactorConfig\":\"\",\"purifierConfig\":\"\",\"cleanupHtml\":\"1\",\"purifyHtml\":\"1\",\"columnType\":\"text\",\"availableVolumes\":\"*\",\"availableTransforms\":\"*\"}','2018-07-29 17:36:16','2018-07-30 10:38:08','4643fd21-bad6-4a7b-99d3-3560a420239e'),(4,1,'Zusatzfeld1','zusatzfeld1','global','','none',NULL,'craft\\fields\\PlainText','{\"placeholder\":\"\",\"code\":\"\",\"multiline\":\"\",\"initialRows\":\"4\",\"charLimit\":\"\",\"columnType\":\"text\"}','2018-08-03 10:22:38','2018-08-03 10:22:38','e6214305-1954-4cdf-9bad-ba6b86d728eb'),(5,1,'Zusatzfeld2','zusatzfeld2','global','','none',NULL,'craft\\redactor\\Field','{\"redactorConfig\":\"\",\"purifierConfig\":\"\",\"cleanupHtml\":\"1\",\"purifyHtml\":\"1\",\"columnType\":\"text\",\"availableVolumes\":\"*\",\"availableTransforms\":\"*\"}','2018-08-03 10:22:52','2018-08-03 10:22:52','932159cb-9559-4b90-bd9a-6850792315fe');
/*!40000 ALTER TABLE `fields` ENABLE KEYS */;
UNLOCK TABLES;

--
-- Table structure for table `globalsets`
--

DROP TABLE IF EXISTS `globalsets`;
/*!40101 SET @saved_cs_client     = @@character_set_client */;
/*!40101 SET character_set_client = utf8 */;
CREATE TABLE `globalsets` (
  `id` int(11) NOT NULL AUTO_INCREMENT,
  `name` varchar(255) NOT NULL,
  `handle` varchar(255) NOT NULL,
  `fieldLayoutId` int(11) DEFAULT NULL,
  `dateCreated` datetime NOT NULL,
  `dateUpdated` datetime NOT NULL,
  `uid` char(36) NOT NULL DEFAULT '0',
  PRIMARY KEY (`id`),
  UNIQUE KEY `globalsets_name_unq_idx` (`name`),
  UNIQUE KEY `globalsets_handle_unq_idx` (`handle`),
  KEY `globalsets_fieldLayoutId_idx` (`fieldLayoutId`),
  CONSTRAINT `globalsets_fieldLayoutId_fk` FOREIGN KEY (`fieldLayoutId`) REFERENCES `fieldlayouts` (`id`) ON DELETE SET NULL,
  CONSTRAINT `globalsets_id_fk` FOREIGN KEY (`id`) REFERENCES `elements` (`id`) ON DELETE CASCADE
) ENGINE=InnoDB DEFAULT CHARSET=utf8;
/*!40101 SET character_set_client = @saved_cs_client */;

--
-- Dumping data for table `globalsets`
--

LOCK TABLES `globalsets` WRITE;
/*!40000 ALTER TABLE `globalsets` DISABLE KEYS */;
/*!40000 ALTER TABLE `globalsets` ENABLE KEYS */;
UNLOCK TABLES;

--
-- Table structure for table `info`
--

DROP TABLE IF EXISTS `info`;
/*!40101 SET @saved_cs_client     = @@character_set_client */;
/*!40101 SET character_set_client = utf8 */;
CREATE TABLE `info` (
  `id` int(11) NOT NULL AUTO_INCREMENT,
  `version` varchar(50) NOT NULL,
  `schemaVersion` varchar(15) NOT NULL,
  `edition` tinyint(3) unsigned NOT NULL,
  `timezone` varchar(30) DEFAULT NULL,
  `name` varchar(255) NOT NULL,
  `on` tinyint(1) NOT NULL DEFAULT '0',
  `maintenance` tinyint(1) NOT NULL DEFAULT '0',
  `fieldVersion` char(12) NOT NULL DEFAULT '000000000000',
  `dateCreated` datetime NOT NULL,
  `dateUpdated` datetime NOT NULL,
  `uid` char(36) NOT NULL DEFAULT '0',
  PRIMARY KEY (`id`)
) ENGINE=InnoDB AUTO_INCREMENT=2 DEFAULT CHARSET=utf8;
/*!40101 SET character_set_client = @saved_cs_client */;

--
-- Dumping data for table `info`
--

LOCK TABLES `info` WRITE;
/*!40000 ALTER TABLE `info` DISABLE KEYS */;
INSERT INTO `info` VALUES (1,'3.0.18','3.0.91',0,'America/Los_Angeles','Aufbau Website',1,0,'HBBMcYcpuksg','2018-07-23 14:53:48','2018-08-03 12:14:22','d3111aac-e5bf-43c5-bd80-1bb39f8f2dcd');
/*!40000 ALTER TABLE `info` ENABLE KEYS */;
UNLOCK TABLES;

--
-- Table structure for table `matrixblocks`
--

DROP TABLE IF EXISTS `matrixblocks`;
/*!40101 SET @saved_cs_client     = @@character_set_client */;
/*!40101 SET character_set_client = utf8 */;
CREATE TABLE `matrixblocks` (
  `id` int(11) NOT NULL,
  `ownerId` int(11) NOT NULL,
  `ownerSiteId` int(11) DEFAULT NULL,
  `fieldId` int(11) NOT NULL,
  `typeId` int(11) NOT NULL,
  `sortOrder` smallint(6) unsigned DEFAULT NULL,
  `dateCreated` datetime NOT NULL,
  `dateUpdated` datetime NOT NULL,
  `uid` char(36) NOT NULL DEFAULT '0',
  PRIMARY KEY (`id`),
  KEY `matrixblocks_ownerId_idx` (`ownerId`),
  KEY `matrixblocks_fieldId_idx` (`fieldId`),
  KEY `matrixblocks_typeId_idx` (`typeId`),
  KEY `matrixblocks_sortOrder_idx` (`sortOrder`),
  KEY `matrixblocks_ownerSiteId_idx` (`ownerSiteId`),
  CONSTRAINT `matrixblocks_fieldId_fk` FOREIGN KEY (`fieldId`) REFERENCES `fields` (`id`) ON DELETE CASCADE,
  CONSTRAINT `matrixblocks_id_fk` FOREIGN KEY (`id`) REFERENCES `elements` (`id`) ON DELETE CASCADE,
  CONSTRAINT `matrixblocks_ownerId_fk` FOREIGN KEY (`ownerId`) REFERENCES `elements` (`id`) ON DELETE CASCADE,
  CONSTRAINT `matrixblocks_ownerSiteId_fk` FOREIGN KEY (`ownerSiteId`) REFERENCES `sites` (`id`) ON DELETE CASCADE ON UPDATE CASCADE,
  CONSTRAINT `matrixblocks_typeId_fk` FOREIGN KEY (`typeId`) REFERENCES `matrixblocktypes` (`id`) ON DELETE CASCADE
) ENGINE=InnoDB DEFAULT CHARSET=utf8;
/*!40101 SET character_set_client = @saved_cs_client */;

--
-- Dumping data for table `matrixblocks`
--

LOCK TABLES `matrixblocks` WRITE;
/*!40000 ALTER TABLE `matrixblocks` DISABLE KEYS */;
/*!40000 ALTER TABLE `matrixblocks` ENABLE KEYS */;
UNLOCK TABLES;

--
-- Table structure for table `matrixblocktypes`
--

DROP TABLE IF EXISTS `matrixblocktypes`;
/*!40101 SET @saved_cs_client     = @@character_set_client */;
/*!40101 SET character_set_client = utf8 */;
CREATE TABLE `matrixblocktypes` (
  `id` int(11) NOT NULL AUTO_INCREMENT,
  `fieldId` int(11) NOT NULL,
  `fieldLayoutId` int(11) DEFAULT NULL,
  `name` varchar(255) NOT NULL,
  `handle` varchar(255) NOT NULL,
  `sortOrder` smallint(6) unsigned DEFAULT NULL,
  `dateCreated` datetime NOT NULL,
  `dateUpdated` datetime NOT NULL,
  `uid` char(36) NOT NULL DEFAULT '0',
  PRIMARY KEY (`id`),
  UNIQUE KEY `matrixblocktypes_name_fieldId_unq_idx` (`name`,`fieldId`),
  UNIQUE KEY `matrixblocktypes_handle_fieldId_unq_idx` (`handle`,`fieldId`),
  KEY `matrixblocktypes_fieldId_idx` (`fieldId`),
  KEY `matrixblocktypes_fieldLayoutId_idx` (`fieldLayoutId`),
  CONSTRAINT `matrixblocktypes_fieldId_fk` FOREIGN KEY (`fieldId`) REFERENCES `fields` (`id`) ON DELETE CASCADE,
  CONSTRAINT `matrixblocktypes_fieldLayoutId_fk` FOREIGN KEY (`fieldLayoutId`) REFERENCES `fieldlayouts` (`id`) ON DELETE SET NULL
) ENGINE=InnoDB DEFAULT CHARSET=utf8;
/*!40101 SET character_set_client = @saved_cs_client */;

--
-- Dumping data for table `matrixblocktypes`
--

LOCK TABLES `matrixblocktypes` WRITE;
/*!40000 ALTER TABLE `matrixblocktypes` DISABLE KEYS */;
/*!40000 ALTER TABLE `matrixblocktypes` ENABLE KEYS */;
UNLOCK TABLES;

--
-- Table structure for table `migrations`
--

DROP TABLE IF EXISTS `migrations`;
/*!40101 SET @saved_cs_client     = @@character_set_client */;
/*!40101 SET character_set_client = utf8 */;
CREATE TABLE `migrations` (
  `id` int(11) NOT NULL AUTO_INCREMENT,
  `pluginId` int(11) DEFAULT NULL,
  `type` enum('app','plugin','content') NOT NULL DEFAULT 'app',
  `name` varchar(255) NOT NULL,
  `applyTime` datetime NOT NULL,
  `dateCreated` datetime NOT NULL,
  `dateUpdated` datetime NOT NULL,
  `uid` char(36) NOT NULL DEFAULT '0',
  PRIMARY KEY (`id`),
  KEY `migrations_pluginId_idx` (`pluginId`),
  KEY `migrations_type_pluginId_idx` (`type`,`pluginId`),
  CONSTRAINT `migrations_pluginId_fk` FOREIGN KEY (`pluginId`) REFERENCES `plugins` (`id`) ON DELETE CASCADE
) ENGINE=InnoDB AUTO_INCREMENT=111 DEFAULT CHARSET=utf8;
/*!40101 SET character_set_client = @saved_cs_client */;

--
-- Dumping data for table `migrations`
--

LOCK TABLES `migrations` WRITE;
/*!40000 ALTER TABLE `migrations` DISABLE KEYS */;
INSERT INTO `migrations` VALUES (1,NULL,'app','Install','2018-07-23 14:53:50','2018-07-23 14:53:50','2018-07-23 14:53:50','68c46c0a-ad99-4354-9d14-357f986d7cea'),(2,NULL,'app','m150403_183908_migrations_table_changes','2018-07-23 14:53:50','2018-07-23 14:53:50','2018-07-23 14:53:50','8c9bfc85-bd75-4c90-b32e-78db26230afd'),(3,NULL,'app','m150403_184247_plugins_table_changes','2018-07-23 14:53:50','2018-07-23 14:53:50','2018-07-23 14:53:50','378e9584-4dcd-45db-b3ae-d05bc56e6a1c'),(4,NULL,'app','m150403_184533_field_version','2018-07-23 14:53:50','2018-07-23 14:53:50','2018-07-23 14:53:50','206a1662-0484-4b3f-a6d2-ecc84dd105b3'),(5,NULL,'app','m150403_184729_type_columns','2018-07-23 14:53:50','2018-07-23 14:53:50','2018-07-23 14:53:50','43481621-6edf-4f18-879c-fee45084a9a2'),(6,NULL,'app','m150403_185142_volumes','2018-07-23 14:53:50','2018-07-23 14:53:50','2018-07-23 14:53:50','e3bcbf30-5461-446a-ab0f-3b8a49a423f5'),(7,NULL,'app','m150428_231346_userpreferences','2018-07-23 14:53:50','2018-07-23 14:53:50','2018-07-23 14:53:50','63b542df-da48-496f-9fe7-343c35b97a5a'),(8,NULL,'app','m150519_150900_fieldversion_conversion','2018-07-23 14:53:50','2018-07-23 14:53:50','2018-07-23 14:53:50','868997f9-71e9-41b8-968e-54442d907f3d'),(9,NULL,'app','m150617_213829_update_email_settings','2018-07-23 14:53:50','2018-07-23 14:53:50','2018-07-23 14:53:50','dfee3424-12bb-4bab-b926-3001daeb99cb'),(10,NULL,'app','m150721_124739_templatecachequeries','2018-07-23 14:53:50','2018-07-23 14:53:50','2018-07-23 14:53:50','862be25b-cb02-475d-8450-4fabaeaf9861'),(11,NULL,'app','m150724_140822_adjust_quality_settings','2018-07-23 14:53:50','2018-07-23 14:53:50','2018-07-23 14:53:50','20d6f63a-46b4-4668-aca8-7dc9b248771e'),(12,NULL,'app','m150815_133521_last_login_attempt_ip','2018-07-23 14:53:50','2018-07-23 14:53:50','2018-07-23 14:53:50','1d1a95cb-57f8-489f-8613-f45ada5301c7'),(13,NULL,'app','m151002_095935_volume_cache_settings','2018-07-23 14:53:50','2018-07-23 14:53:50','2018-07-23 14:53:50','3de30eb6-bb44-4ef3-93f9-f72ede23757f'),(14,NULL,'app','m151005_142750_volume_s3_storage_settings','2018-07-23 14:53:50','2018-07-23 14:53:50','2018-07-23 14:53:50','08a69ee7-5585-4863-a3c6-094930ba0b47'),(15,NULL,'app','m151016_133600_delete_asset_thumbnails','2018-07-23 14:53:50','2018-07-23 14:53:50','2018-07-23 14:53:50','bd64a588-e1b3-4484-964b-b3541afd029b'),(16,NULL,'app','m151209_000000_move_logo','2018-07-23 14:53:50','2018-07-23 14:53:50','2018-07-23 14:53:50','dcc4df0e-8e74-42bd-9a5a-efed72610a1d'),(17,NULL,'app','m151211_000000_rename_fileId_to_assetId','2018-07-23 14:53:50','2018-07-23 14:53:50','2018-07-23 14:53:50','019bf44b-33af-42dd-ae2a-2358a09c4e40'),(18,NULL,'app','m151215_000000_rename_asset_permissions','2018-07-23 14:53:50','2018-07-23 14:53:50','2018-07-23 14:53:50','dfe7a3c1-0a27-4123-aa26-6bb11258fce9'),(19,NULL,'app','m160707_000001_rename_richtext_assetsource_setting','2018-07-23 14:53:50','2018-07-23 14:53:50','2018-07-23 14:53:50','bcd88c1f-e810-45bd-9388-4761c67aee19'),(20,NULL,'app','m160708_185142_volume_hasUrls_setting','2018-07-23 14:53:50','2018-07-23 14:53:50','2018-07-23 14:53:50','84addabb-9537-4c9a-8a8f-477b579f94b7'),(21,NULL,'app','m160714_000000_increase_max_asset_filesize','2018-07-23 14:53:50','2018-07-23 14:53:50','2018-07-23 14:53:50','8c5b19e4-59c9-448e-adb5-34a6553ace68'),(22,NULL,'app','m160727_194637_column_cleanup','2018-07-23 14:53:50','2018-07-23 14:53:50','2018-07-23 14:53:50','efb20728-d435-4601-bd2c-e284ebd21456'),(23,NULL,'app','m160804_110002_userphotos_to_assets','2018-07-23 14:53:50','2018-07-23 14:53:50','2018-07-23 14:53:50','893747af-a399-4a84-87b4-59843255b49b'),(24,NULL,'app','m160807_144858_sites','2018-07-23 14:53:50','2018-07-23 14:53:50','2018-07-23 14:53:50','49082be4-9e79-4759-bf9f-29cd742f2423'),(25,NULL,'app','m160829_000000_pending_user_content_cleanup','2018-07-23 14:53:50','2018-07-23 14:53:50','2018-07-23 14:53:50','3b623bbf-c7e1-4b51-ae14-6b9cee0f50c0'),(26,NULL,'app','m160830_000000_asset_index_uri_increase','2018-07-23 14:53:50','2018-07-23 14:53:50','2018-07-23 14:53:50','050bee09-6ff8-4499-a6da-0b841188f5ba'),(27,NULL,'app','m160912_230520_require_entry_type_id','2018-07-23 14:53:50','2018-07-23 14:53:50','2018-07-23 14:53:50','88c1b387-7af2-4db1-be15-82cf8e1568c3'),(28,NULL,'app','m160913_134730_require_matrix_block_type_id','2018-07-23 14:53:50','2018-07-23 14:53:50','2018-07-23 14:53:50','9a550e40-dbd2-4ea6-a9f9-4224faf95245'),(29,NULL,'app','m160920_174553_matrixblocks_owner_site_id_nullable','2018-07-23 14:53:50','2018-07-23 14:53:50','2018-07-23 14:53:50','a59e76c1-f827-4287-b4a3-5491de07d687'),(30,NULL,'app','m160920_231045_usergroup_handle_title_unique','2018-07-23 14:53:50','2018-07-23 14:53:50','2018-07-23 14:53:50','6ed326ae-2898-463d-8216-936e7febdca9'),(31,NULL,'app','m160925_113941_route_uri_parts','2018-07-23 14:53:50','2018-07-23 14:53:50','2018-07-23 14:53:50','a7cf8a09-89bb-4f90-abb6-61fc1a4412eb'),(32,NULL,'app','m161006_205918_schemaVersion_not_null','2018-07-23 14:53:50','2018-07-23 14:53:50','2018-07-23 14:53:50','43390028-7ce0-42bd-b442-81222d8f6461'),(33,NULL,'app','m161007_130653_update_email_settings','2018-07-23 14:53:50','2018-07-23 14:53:50','2018-07-23 14:53:50','60749ad6-7264-4bcc-82e1-ce28e72791e4'),(34,NULL,'app','m161013_175052_newParentId','2018-07-23 14:53:50','2018-07-23 14:53:50','2018-07-23 14:53:50','4c5848fc-9d5f-44fd-949b-feaadc09c248'),(35,NULL,'app','m161021_102916_fix_recent_entries_widgets','2018-07-23 14:53:50','2018-07-23 14:53:50','2018-07-23 14:53:50','176d7ef1-bec5-44f0-a690-432e2d3d2efb'),(36,NULL,'app','m161021_182140_rename_get_help_widget','2018-07-23 14:53:50','2018-07-23 14:53:50','2018-07-23 14:53:50','67be654c-2903-4429-8fbd-66eda66c9ac2'),(37,NULL,'app','m161025_000000_fix_char_columns','2018-07-23 14:53:50','2018-07-23 14:53:50','2018-07-23 14:53:50','68fc11bd-c750-4ec9-abeb-6575d2e8624e'),(38,NULL,'app','m161029_124145_email_message_languages','2018-07-23 14:53:50','2018-07-23 14:53:50','2018-07-23 14:53:50','4010970a-3998-4ae2-9253-144f9235092c'),(39,NULL,'app','m161108_000000_new_version_format','2018-07-23 14:53:50','2018-07-23 14:53:50','2018-07-23 14:53:50','b321afd8-47fe-4e49-8a00-8d1ef486d628'),(40,NULL,'app','m161109_000000_index_shuffle','2018-07-23 14:53:50','2018-07-23 14:53:50','2018-07-23 14:53:50','b6cafe6e-4b30-4860-9472-a4410a8d7ac7'),(41,NULL,'app','m161122_185500_no_craft_app','2018-07-23 14:53:50','2018-07-23 14:53:50','2018-07-23 14:53:50','3195d88c-7f94-4aa5-8872-297d00cda1c9'),(42,NULL,'app','m161125_150752_clear_urlmanager_cache','2018-07-23 14:53:50','2018-07-23 14:53:50','2018-07-23 14:53:50','4ef2d4b8-9181-4952-aca6-e20452f0364e'),(43,NULL,'app','m161220_000000_volumes_hasurl_notnull','2018-07-23 14:53:50','2018-07-23 14:53:50','2018-07-23 14:53:50','af15bb17-7339-4522-9d08-2b19b7203fdb'),(44,NULL,'app','m170114_161144_udates_permission','2018-07-23 14:53:50','2018-07-23 14:53:50','2018-07-23 14:53:50','d382b073-a126-4bd1-bc50-b6dfd591967b'),(45,NULL,'app','m170120_000000_schema_cleanup','2018-07-23 14:53:50','2018-07-23 14:53:50','2018-07-23 14:53:50','9c6e3da2-ebff-41c3-a17d-2dabb4adbae8'),(46,NULL,'app','m170126_000000_assets_focal_point','2018-07-23 14:53:50','2018-07-23 14:53:50','2018-07-23 14:53:50','48fa1001-d585-44af-9da5-50f37401afca'),(47,NULL,'app','m170206_142126_system_name','2018-07-23 14:53:50','2018-07-23 14:53:50','2018-07-23 14:53:50','f330dd68-4530-46be-9298-12cbc108e66f'),(48,NULL,'app','m170217_044740_category_branch_limits','2018-07-23 14:53:50','2018-07-23 14:53:50','2018-07-23 14:53:50','10450766-c01d-4d69-a4ff-b40512850971'),(49,NULL,'app','m170217_120224_asset_indexing_columns','2018-07-23 14:53:50','2018-07-23 14:53:50','2018-07-23 14:53:50','4aa77165-a46e-43a4-9e6e-1172539a6a39'),(50,NULL,'app','m170223_224012_plain_text_settings','2018-07-23 14:53:50','2018-07-23 14:53:50','2018-07-23 14:53:50','73f333a0-95e8-4d00-b0df-6805f4a028ce'),(51,NULL,'app','m170227_120814_focal_point_percentage','2018-07-23 14:53:50','2018-07-23 14:53:50','2018-07-23 14:53:50','153523f5-820c-49f6-9ee0-02b21cbfa669'),(52,NULL,'app','m170228_171113_system_messages','2018-07-23 14:53:50','2018-07-23 14:53:50','2018-07-23 14:53:50','20c534c6-ecb5-48cd-ba02-adb4df4f268c'),(53,NULL,'app','m170303_140500_asset_field_source_settings','2018-07-23 14:53:50','2018-07-23 14:53:50','2018-07-23 14:53:50','334350a7-78c0-43f1-b50f-850dc302e15d'),(54,NULL,'app','m170306_150500_asset_temporary_uploads','2018-07-23 14:53:50','2018-07-23 14:53:50','2018-07-23 14:53:50','37a0c19e-7b4c-439e-b0cb-d4a8fb6dd6bc'),(55,NULL,'app','m170414_162429_rich_text_config_setting','2018-07-23 14:53:50','2018-07-23 14:53:50','2018-07-23 14:53:50','d428b7ac-45d5-464d-8f3e-099e9922dd6f'),(56,NULL,'app','m170523_190652_element_field_layout_ids','2018-07-23 14:53:50','2018-07-23 14:53:50','2018-07-23 14:53:50','be8740ea-ae0e-4cff-a0af-56c812ff76be'),(57,NULL,'app','m170612_000000_route_index_shuffle','2018-07-23 14:53:50','2018-07-23 14:53:50','2018-07-23 14:53:50','ae168443-4515-4d58-9101-3d75f821019a'),(58,NULL,'app','m170621_195237_format_plugin_handles','2018-07-23 14:53:51','2018-07-23 14:53:51','2018-07-23 14:53:51','81620b11-8c49-4e43-bee0-0c7e0790eb3b'),(59,NULL,'app','m170630_161028_deprecation_changes','2018-07-23 14:53:51','2018-07-23 14:53:51','2018-07-23 14:53:51','e1a46381-44fb-4de3-92b7-fbc311547fee'),(60,NULL,'app','m170703_181539_plugins_table_tweaks','2018-07-23 14:53:51','2018-07-23 14:53:51','2018-07-23 14:53:51','b3d85433-d963-40a9-a590-4024be113495'),(61,NULL,'app','m170704_134916_sites_tables','2018-07-23 14:53:51','2018-07-23 14:53:51','2018-07-23 14:53:51','fcd61fcb-403a-4b89-a9fa-f57873dc7985'),(62,NULL,'app','m170706_183216_rename_sequences','2018-07-23 14:53:51','2018-07-23 14:53:51','2018-07-23 14:53:51','35fcab68-c4a9-460e-8e4e-b79fff6b806a'),(63,NULL,'app','m170707_094758_delete_compiled_traits','2018-07-23 14:53:51','2018-07-23 14:53:51','2018-07-23 14:53:51','2eba3cc6-6f10-4c76-9161-fff24740ad21'),(64,NULL,'app','m170731_190138_drop_asset_packagist','2018-07-23 14:53:51','2018-07-23 14:53:51','2018-07-23 14:53:51','155287bc-85f2-48d9-add6-bb321ddb4fe5'),(65,NULL,'app','m170810_201318_create_queue_table','2018-07-23 14:53:51','2018-07-23 14:53:51','2018-07-23 14:53:51','092f2918-9c78-4fe2-bd44-ad4389fe2ae0'),(66,NULL,'app','m170816_133741_delete_compiled_behaviors','2018-07-23 14:53:51','2018-07-23 14:53:51','2018-07-23 14:53:51','ee69744e-987c-4492-9efc-0e34c6381455'),(67,NULL,'app','m170821_180624_deprecation_line_nullable','2018-07-23 14:53:51','2018-07-23 14:53:51','2018-07-23 14:53:51','a163dcc9-8fa7-4209-9c9f-4bac4bbbb99e'),(68,NULL,'app','m170903_192801_longblob_for_queue_jobs','2018-07-23 14:53:51','2018-07-23 14:53:51','2018-07-23 14:53:51','95267584-66c2-4096-806e-11c0ce8f84ce'),(69,NULL,'app','m170914_204621_asset_cache_shuffle','2018-07-23 14:53:51','2018-07-23 14:53:51','2018-07-23 14:53:51','ab3063c0-4361-438b-9e3f-3bfe96e7f632'),(70,NULL,'app','m171011_214115_site_groups','2018-07-23 14:53:51','2018-07-23 14:53:51','2018-07-23 14:53:51','cbd6155d-0bc9-4bc7-8ecc-02f43088556f'),(71,NULL,'app','m171012_151440_primary_site','2018-07-23 14:53:51','2018-07-23 14:53:51','2018-07-23 14:53:51','4f876143-fd79-479f-add3-afd7656fb069'),(72,NULL,'app','m171013_142500_transform_interlace','2018-07-23 14:53:51','2018-07-23 14:53:51','2018-07-23 14:53:51','6cb091d4-e3b2-4026-afdf-1e2efd98a9b6'),(73,NULL,'app','m171016_092553_drop_position_select','2018-07-23 14:53:51','2018-07-23 14:53:51','2018-07-23 14:53:51','0b16040d-9c79-41ac-9ce0-52cf790be989'),(74,NULL,'app','m171016_221244_less_strict_translation_method','2018-07-23 14:53:51','2018-07-23 14:53:51','2018-07-23 14:53:51','0505c046-7afe-4052-a622-3dc0947520db'),(75,NULL,'app','m171107_000000_assign_group_permissions','2018-07-23 14:53:51','2018-07-23 14:53:51','2018-07-23 14:53:51','8cf9945c-8183-46a7-8282-0cdd6c9e9448'),(76,NULL,'app','m171117_000001_templatecache_index_tune','2018-07-23 14:53:51','2018-07-23 14:53:51','2018-07-23 14:53:51','72b40583-45e3-480e-a2a3-eec7252a8d04'),(77,NULL,'app','m171126_105927_disabled_plugins','2018-07-23 14:53:51','2018-07-23 14:53:51','2018-07-23 14:53:51','bd6cb772-0c56-4149-b75a-6eab3f24c4b4'),(78,NULL,'app','m171130_214407_craftidtokens_table','2018-07-23 14:53:51','2018-07-23 14:53:51','2018-07-23 14:53:51','c344f859-0acf-494c-b562-d1fb6746476b'),(79,NULL,'app','m171202_004225_update_email_settings','2018-07-23 14:53:51','2018-07-23 14:53:51','2018-07-23 14:53:51','70554f89-e735-4546-b726-dffae2f35ad4'),(80,NULL,'app','m171204_000001_templatecache_index_tune_deux','2018-07-23 14:53:51','2018-07-23 14:53:51','2018-07-23 14:53:51','bad7c95f-4664-459a-a430-187c5e577702'),(81,NULL,'app','m171205_130908_remove_craftidtokens_refreshtoken_column','2018-07-23 14:53:51','2018-07-23 14:53:51','2018-07-23 14:53:51','5a0c18d2-2ca6-4c0f-ba18-8993f9261203'),(82,NULL,'app','m171218_143135_longtext_query_column','2018-07-23 14:53:51','2018-07-23 14:53:51','2018-07-23 14:53:51','67c8c5df-5e3e-4458-8753-76d8b8d2e7f1'),(83,NULL,'app','m171231_055546_environment_variables_to_aliases','2018-07-23 14:53:51','2018-07-23 14:53:51','2018-07-23 14:53:51','4b1b80a5-7bfe-406a-9f5f-b9d8ec154695'),(84,NULL,'app','m180113_153740_drop_users_archived_column','2018-07-23 14:53:51','2018-07-23 14:53:51','2018-07-23 14:53:51','a38c3534-9dd4-436d-87cb-8745a0f29db7'),(85,NULL,'app','m180122_213433_propagate_entries_setting','2018-07-23 14:53:51','2018-07-23 14:53:51','2018-07-23 14:53:51','317281ec-08c5-4229-83f4-06635505f461'),(86,NULL,'app','m180124_230459_fix_propagate_entries_values','2018-07-23 14:53:51','2018-07-23 14:53:51','2018-07-23 14:53:51','f50a0d85-d9ba-4b5c-811f-f469a3fb5865'),(87,NULL,'app','m180128_235202_set_tag_slugs','2018-07-23 14:53:51','2018-07-23 14:53:51','2018-07-23 14:53:51','23632b45-01f7-49d1-8331-0b2cbc93c0ea'),(88,NULL,'app','m180202_185551_fix_focal_points','2018-07-23 14:53:51','2018-07-23 14:53:51','2018-07-23 14:53:51','17589eb8-316a-4c93-aa1e-0db18de2df58'),(89,NULL,'app','m180217_172123_tiny_ints','2018-07-23 14:53:51','2018-07-23 14:53:51','2018-07-23 14:53:51','0cb49272-8436-4629-9d5e-f563af5c8909'),(90,NULL,'app','m180321_233505_small_ints','2018-07-23 14:53:51','2018-07-23 14:53:51','2018-07-23 14:53:51','d778dc97-040c-44ec-927c-d2f9278653ff'),(91,NULL,'app','m180328_115523_new_license_key_statuses','2018-07-23 14:53:51','2018-07-23 14:53:51','2018-07-23 14:53:51','3fcc507d-1a04-4d1b-983b-520712490ce4'),(92,NULL,'app','m180404_182320_edition_changes','2018-07-23 14:53:51','2018-07-23 14:53:51','2018-07-23 14:53:51','edd82244-b5db-4b4b-9c27-ce8a7768c088'),(93,NULL,'app','m180411_102218_fix_db_routes','2018-07-23 14:53:51','2018-07-23 14:53:51','2018-07-23 14:53:51','02f44743-6a2c-41e3-ad38-097becd239b9'),(94,NULL,'app','m180416_205628_resourcepaths_table','2018-07-23 14:53:51','2018-07-23 14:53:51','2018-07-23 14:53:51','fe4cf9c4-bb0a-4574-aebf-7a45a5b52d43'),(95,NULL,'app','m180418_205713_widget_cleanup','2018-07-23 14:53:51','2018-07-23 14:53:51','2018-07-23 14:53:51','18da5fec-6e9c-42b7-b61f-bebd6b2584c2'),(96,1,'plugin','Install','2018-07-28 09:26:13','2018-07-28 09:26:13','2018-07-28 09:26:13','b7ac9dab-409f-44b3-a6a8-493d93378aa2'),(97,4,'plugin','m180430_204710_remove_old_plugins','2018-07-30 09:50:08','2018-07-30 09:50:08','2018-07-30 09:50:08','19ed4bff-4d91-4584-8d24-18a7a46dda80'),(98,4,'plugin','Install','2018-07-30 09:50:08','2018-07-30 09:50:08','2018-07-30 09:50:08','b06088b8-103b-476f-8f97-866bd0bbf97e');
/*!40000 ALTER TABLE `migrations` ENABLE KEYS */;
UNLOCK TABLES;

--
-- Table structure for table `olivemenus`
--

DROP TABLE IF EXISTS `olivemenus`;
/*!40101 SET @saved_cs_client     = @@character_set_client */;
/*!40101 SET character_set_client = utf8 */;
CREATE TABLE `olivemenus` (
  `id` int(11) NOT NULL AUTO_INCREMENT,
  `name` varchar(255) NOT NULL DEFAULT '',
  `handle` varchar(255) NOT NULL DEFAULT '',
  `dateCreated` datetime NOT NULL,
  `dateUpdated` datetime NOT NULL,
  `uid` char(36) NOT NULL DEFAULT '0',
  PRIMARY KEY (`id`),
  UNIQUE KEY `olivemenus_name_unq_idx` (`name`),
  UNIQUE KEY `olivemenus_handle_unq_idx` (`handle`)
) ENGINE=InnoDB DEFAULT CHARSET=utf8;
/*!40101 SET character_set_client = @saved_cs_client */;

--
-- Dumping data for table `olivemenus`
--

LOCK TABLES `olivemenus` WRITE;
/*!40000 ALTER TABLE `olivemenus` DISABLE KEYS */;
/*!40000 ALTER TABLE `olivemenus` ENABLE KEYS */;
UNLOCK TABLES;

--
-- Table structure for table `olivemenus_items`
--

DROP TABLE IF EXISTS `olivemenus_items`;
/*!40101 SET @saved_cs_client     = @@character_set_client */;
/*!40101 SET character_set_client = utf8 */;
CREATE TABLE `olivemenus_items` (
  `id` int(11) NOT NULL AUTO_INCREMENT,
  `menu_id` int(11) NOT NULL,
  `parent_id` int(11) NOT NULL,
  `item_order` int(11) NOT NULL DEFAULT '0',
  `name` varchar(255) NOT NULL DEFAULT '',
  `entry_id` int(11) DEFAULT NULL,
  `custom_url` varchar(255) DEFAULT NULL,
  `class` varchar(255) DEFAULT NULL,
  `class_parent` varchar(255) DEFAULT NULL,
  `data_json` varchar(255) DEFAULT NULL,
  `dateCreated` datetime NOT NULL,
  `dateUpdated` datetime NOT NULL,
  `uid` char(36) NOT NULL DEFAULT '0',
  PRIMARY KEY (`id`),
  KEY `olivemenus_items_menu_id_fk` (`menu_id`),
  CONSTRAINT `olivemenus_items_menu_id_fk` FOREIGN KEY (`menu_id`) REFERENCES `olivemenus` (`id`) ON DELETE CASCADE ON UPDATE CASCADE
) ENGINE=InnoDB DEFAULT CHARSET=utf8;
/*!40101 SET character_set_client = @saved_cs_client */;

--
-- Dumping data for table `olivemenus_items`
--

LOCK TABLES `olivemenus_items` WRITE;
/*!40000 ALTER TABLE `olivemenus_items` DISABLE KEYS */;
/*!40000 ALTER TABLE `olivemenus_items` ENABLE KEYS */;
UNLOCK TABLES;

--
-- Table structure for table `plugins`
--

DROP TABLE IF EXISTS `plugins`;
/*!40101 SET @saved_cs_client     = @@character_set_client */;
/*!40101 SET character_set_client = utf8 */;
CREATE TABLE `plugins` (
  `id` int(11) NOT NULL AUTO_INCREMENT,
  `handle` varchar(255) NOT NULL,
  `version` varchar(255) NOT NULL,
  `schemaVersion` varchar(255) NOT NULL,
  `licenseKey` char(24) DEFAULT NULL,
  `licenseKeyStatus` enum('valid','invalid','mismatched','astray','unknown') NOT NULL DEFAULT 'unknown',
  `enabled` tinyint(1) NOT NULL DEFAULT '0',
  `settings` text,
  `installDate` datetime NOT NULL,
  `dateCreated` datetime NOT NULL,
  `dateUpdated` datetime NOT NULL,
  `uid` char(36) NOT NULL DEFAULT '0',
  PRIMARY KEY (`id`),
  UNIQUE KEY `plugins_handle_unq_idx` (`handle`),
  KEY `plugins_enabled_idx` (`enabled`)
) ENGINE=InnoDB AUTO_INCREMENT=10 DEFAULT CHARSET=utf8;
/*!40101 SET character_set_client = @saved_cs_client */;

--
-- Dumping data for table `plugins`
--

LOCK TABLES `plugins` WRITE;
/*!40000 ALTER TABLE `plugins` DISABLE KEYS */;
INSERT INTO `plugins` VALUES (1,'olivemenus','1.0.0','1.0.0',NULL,'unknown',1,NULL,'2018-07-28 09:26:12','2018-07-28 09:26:12','2018-08-03 15:11:40','6d206b7f-8caa-467f-b897-757c0e86a84b'),(2,'mobile-detect','1.0.1','1.0.0',NULL,'unknown',1,NULL,'2018-07-28 09:28:08','2018-07-28 09:28:08','2018-08-03 15:11:40','dc8aa3af-ed68-4562-b8a4-92005808c448'),(4,'redactor','2.1.5','2.0.0',NULL,'unknown',1,NULL,'2018-07-30 09:50:08','2018-07-30 09:50:08','2018-08-03 15:11:40','5edba7a3-226d-4867-b618-c43c27e47731');
/*!40000 ALTER TABLE `plugins` ENABLE KEYS */;
UNLOCK TABLES;

--
-- Table structure for table `queue`
--

DROP TABLE IF EXISTS `queue`;
/*!40101 SET @saved_cs_client     = @@character_set_client */;
/*!40101 SET character_set_client = utf8 */;
CREATE TABLE `queue` (
  `id` int(11) NOT NULL AUTO_INCREMENT,
  `job` longblob NOT NULL,
  `description` text,
  `timePushed` int(11) NOT NULL,
  `ttr` int(11) NOT NULL,
  `delay` int(11) NOT NULL DEFAULT '0',
  `priority` int(11) unsigned NOT NULL DEFAULT '1024',
  `dateReserved` datetime DEFAULT NULL,
  `timeUpdated` int(11) DEFAULT NULL,
  `progress` smallint(6) NOT NULL DEFAULT '0',
  `attempt` int(11) DEFAULT NULL,
  `fail` tinyint(1) DEFAULT '0',
  `dateFailed` datetime DEFAULT NULL,
  `error` text,
  PRIMARY KEY (`id`),
  KEY `queue_fail_timeUpdated_timePushed_idx` (`fail`,`timeUpdated`,`timePushed`),
  KEY `queue_fail_timeUpdated_delay_idx` (`fail`,`timeUpdated`,`delay`)
) ENGINE=InnoDB AUTO_INCREMENT=691 DEFAULT CHARSET=utf8;
/*!40101 SET character_set_client = @saved_cs_client */;

--
-- Dumping data for table `queue`
--

LOCK TABLES `queue` WRITE;
/*!40000 ALTER TABLE `queue` DISABLE KEYS */;
/*!40000 ALTER TABLE `queue` ENABLE KEYS */;
UNLOCK TABLES;

--
-- Table structure for table `relations`
--

DROP TABLE IF EXISTS `relations`;
/*!40101 SET @saved_cs_client     = @@character_set_client */;
/*!40101 SET character_set_client = utf8 */;
CREATE TABLE `relations` (
  `id` int(11) NOT NULL AUTO_INCREMENT,
  `fieldId` int(11) NOT NULL,
  `sourceId` int(11) NOT NULL,
  `sourceSiteId` int(11) DEFAULT NULL,
  `targetId` int(11) NOT NULL,
  `sortOrder` smallint(6) unsigned DEFAULT NULL,
  `dateCreated` datetime NOT NULL,
  `dateUpdated` datetime NOT NULL,
  `uid` char(36) NOT NULL DEFAULT '0',
  PRIMARY KEY (`id`),
  UNIQUE KEY `relations_fieldId_sourceId_sourceSiteId_targetId_unq_idx` (`fieldId`,`sourceId`,`sourceSiteId`,`targetId`),
  KEY `relations_sourceId_idx` (`sourceId`),
  KEY `relations_targetId_idx` (`targetId`),
  KEY `relations_sourceSiteId_idx` (`sourceSiteId`),
  CONSTRAINT `relations_fieldId_fk` FOREIGN KEY (`fieldId`) REFERENCES `fields` (`id`) ON DELETE CASCADE,
  CONSTRAINT `relations_sourceId_fk` FOREIGN KEY (`sourceId`) REFERENCES `elements` (`id`) ON DELETE CASCADE,
  CONSTRAINT `relations_sourceSiteId_fk` FOREIGN KEY (`sourceSiteId`) REFERENCES `sites` (`id`) ON DELETE CASCADE ON UPDATE CASCADE,
  CONSTRAINT `relations_targetId_fk` FOREIGN KEY (`targetId`) REFERENCES `elements` (`id`) ON DELETE CASCADE
) ENGINE=InnoDB DEFAULT CHARSET=utf8;
/*!40101 SET character_set_client = @saved_cs_client */;

--
-- Dumping data for table `relations`
--

LOCK TABLES `relations` WRITE;
/*!40000 ALTER TABLE `relations` DISABLE KEYS */;
/*!40000 ALTER TABLE `relations` ENABLE KEYS */;
UNLOCK TABLES;

--
-- Table structure for table `resourcepaths`
--

DROP TABLE IF EXISTS `resourcepaths`;
/*!40101 SET @saved_cs_client     = @@character_set_client */;
/*!40101 SET character_set_client = utf8 */;
CREATE TABLE `resourcepaths` (
  `hash` varchar(255) NOT NULL,
  `path` varchar(255) NOT NULL,
  PRIMARY KEY (`hash`)
) ENGINE=InnoDB DEFAULT CHARSET=utf8;
/*!40101 SET character_set_client = @saved_cs_client */;

--
-- Dumping data for table `resourcepaths`
--

LOCK TABLES `resourcepaths` WRITE;
/*!40000 ALTER TABLE `resourcepaths` DISABLE KEYS */;
INSERT INTO `resourcepaths` VALUES ('1019cfe5','@lib'),('10ba7784','@lib/garnishjs'),('11223de0','@lib/selectize'),('12423198','@app/web/assets/cp/dist'),('12f5875d','@lib/fileupload'),('132f5394','@lib/datepicker-i18n'),('1443e6e6','@craft/web/assets/recententries/dist'),('147645a6','@craft/web/assets/recententries/dist'),('15e0e0ad','@craft/web/assets/craftsupport/dist'),('16142754','@app/web/assets/recententries/dist'),('167c24e6','@app/web/assets/login/dist'),('19977df1','@enupal/backup/resources'),('19e1a17','@olivestudio/olivemenus/assetbundles/olivemenus/dist'),('1b888040','@craft/web/assets/plugins/dist'),('1db503f9','@craft/web/assets/updater/dist'),('1de65760','@craft/web/assets/login/dist'),('1effc0ab','@app/web/assets/fields/dist'),('1f77c7a1','@craft/web/assets/dbbackup/dist'),('2134f754','@lib/fabric'),('23076002','@lib/d3'),('23351a41','@craft/web/assets/sites/dist'),('23beb3f1','@app/web/assets/login/dist'),('23e35393','@craft/web/assets/generalsettings/dist'),('240bc98e','@craft/web/assets/cp/dist'),('2824c077','@craft/web/assets/login/dist'),('28807618','@lib/prismjs'),('28ae653a','@app/web/assets/updateswidget/dist'),('29ef97a7','@lib/jquery-ui'),('2a067c91','@lib/jquery-touch-events'),('2acc07c8','@craft/web/assets/updateswidget/dist'),('2af5dde9','@craft/web/assets/feed/dist'),('2b334c85','@app/web/assets/fields/dist'),('2bf0e29f','@craft/redactor/assets/field/dist'),('2da24053','@lib/picturefill'),('2e579f06','@lib/d3'),('2e70b111','@vendor/froala/wysiwyg-editor'),('2fe3f0e3','@craft/web/assets/fields/dist'),('30b2de59','@craft/web/assets/cp/dist'),('3314b8b7','@lib/xregexp'),('354a41ad','@lib/fileupload'),('359a0dc3','@vendor/craftcms/ckeditor/lib/ckeditor/dist'),('35c72014','@craft/web/assets/tablesettings/dist'),('37512616','@craft/web/assets/plugins/dist'),('38430e38','@lib'),('38f88b3','@app/web/assets/cp/dist'),('38fb3705','@app/web/assets/updater/dist'),('39c9ee24','@craft/web/assets/pluginstore/dist'),('3a220db9','@craft/redactor/assets/field/dist'),('3f27f8ba','@app/web/assets/craftsupport/dist'),('43c668b9','@lib/jquery.payment'),('461ad8f2','@lib/fileupload'),('4642b647','@app/web/assets/feed/dist'),('464d82e9','@craft/web/assets/updater/dist'),('47789039','@vendor/craftcms/redactor/lib/redactor'),('47c00c3b','@lib/datepicker-i18n'),('48537cbd','@app/web/assets/deprecationerrors/dist'),('49cf6eb8','@app/web/assets/dashboard/dist'),('4a78fc90','@craft/web/assets/fields/dist'),('4c4f7128','@lib/timepicker'),('4ee33a87','@lib'),('53b6fb22','@craft/web/assets/dashboard/dist'),('5632a1c9','@app/web/assets/updates/dist'),('56aa7f1f','@vendor/craftcms/redactor/lib/redactor'),('56d97822','@app/web/assets/dashboard/dist'),('590c7901','@froala/craftfroalawysiwyg/assets/field/dist'),('5959508a','@lib/element-resize-detector'),('5fca3ba','@lib/fabric'),('607fcacb','@lib/datepicker-i18n'),('626a4ee5','@craft/web/assets/tablesettings/dist'),('6315f40c','@app/web/assets/dashboard/dist'),('64441e8','@lib/garnishjs'),('67460c02','@lib/velocity'),('67fbe718','@lib/xregexp'),('689e65cf','@app/web/assets/editentry/dist'),('69224248','@app/web/assets/utilities/dist'),('69454ff1','@lib/timepicker'),('6969acb8','@app/web/assets/editentry/dist'),('69e68dc5','@lib/prismjs'),('6a40e693','@craft/web/assets/utilities/dist'),('6b597a26','@app/web/assets/feed/dist'),('6e18779a','@app/web/assets/feed/dist'),('6e93d369','@app/web/assets/matrixsettings/dist'),('724844ad','@lib/prismjs'),('737c9535','@craft/web/assets/updates/dist'),('73b0295d','@lib/xregexp'),('749874b0','@craft/web/assets/sites/dist'),('76396afa','@lib/selectize'),('76c9fb7f','@bower/jquery/dist'),('776a72e6','@lib/picturefill'),('787ce56e','@craft/web/assets/matrixsettings/dist'),('79dc6dd7','@lib/selectize'),('7ab8c0a9','@lib/d3'),('7b61a3ea','@lib/jquery.payment'),('7be193a1','@app/web/assets/updates/dist'),('7ee1188','@craft/web/assets/feed/dist'),('8415310f','@app/web/assets/updateswidget/dist'),('8536db5','@lib/jquery-ui'),('8566460c','@craft/web/assets/login/dist'),('871e9e45','@enupal/backup/resources'),('8988853c','@craft/ckeditor/assets/field/dist'),('8ac220f4','@app/web/assets/cp/dist'),('8c9738b6','@craft/web/assets/craftsupport/dist'),('8d60f1c1','@craft/web/assets/craftsupport/dist'),('8e98d721','@lib/element-resize-detector'),('8efc358a','@app/web/assets/login/dist'),('91ea2310','@app/web/assets/login/dist'),('91fa6ddf','@app/web/assets/pluginstore/dist'),('93265926','@app/web/assets/installer/dist'),('938432c7','@app/web/assets/plugins/dist'),('95ed658b','@craft/web/assets/recententries/dist'),('978f0779','@app/web/assets/recententries/dist'),('97a7cb3','@app/web/assets/pluginstore/dist'),('97baa439','@app/web/assets/recententries/dist'),('9922bd2c','@lib'),('9af4eee2','@app/web/assets/updateswidget/dist'),('9b8ef683','@lib/timepicker'),('9e7b3723','@app/web/assets/cp/dist'),('a1087cd4','@bower/jquery/dist'),('a16f8389','@lib/timepicker'),('a471aef6','@lib/xregexp'),('a65020a1','@app/web/assets/craftsupport/dist'),('a6fb54a5','@app/web/assets/recententries/dist'),('a7a7e9d6','@app/web/assets/craftsupport/dist'),('a832cf35','@craft/web/assets/cp/dist'),('a8dfbd26','@app/web/assets/tablesettings/dist'),('ab5727e5','@craft/web/assets/updateswidget/dist'),('aca02441','@lib/jquery.payment'),('ae1dea7c','@lib/selectize'),('afd1377a','@craft/web/assets/plugins/dist'),('b0423ab','@app/web/assets/plugins/dist'),('b0878ba9','@lib/velocity'),('b1fe4aa7','@lib/element-resize-detector'),('b275cc85','@craft/web/assets/feed/dist'),('b4028a94','@app/web/assets/pluginstore/dist'),('b543b291','@bower/jquery/dist'),('b63e62cb','@app/web/assets/tablesettings/dist'),('b7be4d60','@lib/datepicker-i18n'),('b9601728','@app/web/assets/updater/dist'),('bf5d9491','@app/web/assets/plugins/dist'),('bf628c84','@lib/velocity'),('c3fd75a3','@lib/jquery-ui'),('c7268e30','@lib/jquery-touch-events'),('c729e668','@lib/jquery.payment'),('c77bf02f','@lib/garnishjs'),('cb36ea4e','@craft/web/assets/dashboard/dist'),('d14f7fd4','@app/web/assets/dashboard/dist'),('d23d2411','@lib/fabric'),('d4fc0922','@craft/web/assets/matrixsettings/dist'),('d658a849','@luwes/codemirror/assets'),('d84a3f3a','@app/web/assets/matrixsettings/dist'),('d879db9e','@lib/velocity'),('d8bc6eec','@craft/web/assets/routes/dist'),('dcdd3a48','@app/web/assets/craftsupport/dist'),('e1aced3e','@bower/jquery/dist'),('e1ec70fa','@craft/web/assets/dashboard/dist'),('e218521a','@app/web/assets/deprecationerrors/dist'),('e28bc606','@lib/fileupload'),('e2989638','@app/web/assets/updater/dist'),('e6c70a3d','@lib/garnishjs'),('e8b96265','@app/web/assets/utilities/dist'),('ea67e139','@craft/web/assets/editentry/dist'),('ea9aef42','@lib/fabric'),('eb5ca741','@lib/picturefill'),('eb90284e','@craft/web/assets/editentry/dist'),('ebdbc6be','@craft/web/assets/utilities/dist'),('ee07f0f7','@app/web/assets/dbbackup/dist'),('f0c4248','@lib/jquery-touch-events'),('f197f064','@app/web/assets/utilities/dist'),('f1bfe0e2','@app/web/assets/routes/dist'),('f1e9bdd4','@app/web/assets/editentry/dist'),('f2e7b518','@craft/web/assets/updates/dist'),('f3d96b4a','@app/web/assets/feed/dist'),('f4c6e7a9','@lib/d3'),('f8348e4d','@app/web/assets/pluginstore/dist'),('fa63c7f8','@lib/picturefill'),('fc0a2449','@lib/element-resize-detector'),('fdc7fb3a','@lib/jquery-touch-events'),('fe2e100c','@lib/jquery-ui'),('ff41f1b3','@lib/prismjs'),('ff614901','@app/web/assets/installer/dist');
/*!40000 ALTER TABLE `resourcepaths` ENABLE KEYS */;
UNLOCK TABLES;

--
-- Table structure for table `routes`
--

DROP TABLE IF EXISTS `routes`;
/*!40101 SET @saved_cs_client     = @@character_set_client */;
/*!40101 SET character_set_client = utf8 */;
CREATE TABLE `routes` (
  `id` int(11) NOT NULL AUTO_INCREMENT,
  `siteId` int(11) DEFAULT NULL,
  `uriParts` varchar(255) NOT NULL,
  `uriPattern` varchar(255) NOT NULL,
  `template` varchar(500) NOT NULL,
  `sortOrder` smallint(6) unsigned DEFAULT NULL,
  `dateCreated` datetime NOT NULL,
  `dateUpdated` datetime NOT NULL,
  `uid` char(36) NOT NULL DEFAULT '0',
  PRIMARY KEY (`id`),
  KEY `routes_uriPattern_idx` (`uriPattern`),
  KEY `routes_siteId_idx` (`siteId`),
  CONSTRAINT `routes_siteId_fk` FOREIGN KEY (`siteId`) REFERENCES `sites` (`id`) ON DELETE CASCADE ON UPDATE CASCADE
) ENGINE=InnoDB DEFAULT CHARSET=utf8;
/*!40101 SET character_set_client = @saved_cs_client */;

--
-- Dumping data for table `routes`
--

LOCK TABLES `routes` WRITE;
/*!40000 ALTER TABLE `routes` DISABLE KEYS */;
/*!40000 ALTER TABLE `routes` ENABLE KEYS */;
UNLOCK TABLES;

--
-- Table structure for table `searchindex`
--

DROP TABLE IF EXISTS `searchindex`;
/*!40101 SET @saved_cs_client     = @@character_set_client */;
/*!40101 SET character_set_client = utf8 */;
CREATE TABLE `searchindex` (
  `elementId` int(11) NOT NULL,
  `attribute` varchar(25) NOT NULL,
  `fieldId` int(11) NOT NULL,
  `siteId` int(11) NOT NULL,
  `keywords` text NOT NULL,
  PRIMARY KEY (`elementId`,`attribute`,`fieldId`,`siteId`),
  FULLTEXT KEY `searchindex_keywords_idx` (`keywords`)
) ENGINE=MyISAM DEFAULT CHARSET=utf8;
/*!40101 SET character_set_client = @saved_cs_client */;

--
-- Dumping data for table `searchindex`
--

LOCK TABLES `searchindex` WRITE;
/*!40000 ALTER TABLE `searchindex` DISABLE KEYS */;
INSERT INTO `searchindex` VALUES (1,'username',0,1,' felix '),(1,'firstname',0,1,''),(1,'lastname',0,1,''),(1,'fullname',0,1,''),(1,'email',0,1,' fe fessler gmx de '),(1,'slug',0,1,''),(23,'slug',0,1,''),(23,'title',0,1,' chance logo rgb '),(23,'kind',0,1,' image '),(22,'slug',0,1,''),(22,'title',0,1,' chance home header '),(23,'filename',0,1,' chance logo rgb png '),(23,'extension',0,1,' png '),(24,'filename',0,1,' chance projekte header jpg '),(22,'extension',0,1,' jpg '),(22,'kind',0,1,' image '),(22,'filename',0,1,' chance home header jpg '),(24,'extension',0,1,' jpg '),(24,'kind',0,1,' image '),(24,'slug',0,1,''),(24,'title',0,1,' chance projekte header '),(25,'filename',0,1,' chance projekte programme jpg '),(25,'extension',0,1,' jpg '),(25,'kind',0,1,' image '),(25,'slug',0,1,''),(25,'title',0,1,' chance projekte programme '),(26,'filename',0,1,' chance projekte programme dorfentwicklung jpg '),(26,'extension',0,1,' jpg '),(26,'kind',0,1,' image '),(26,'slug',0,1,''),(26,'title',0,1,' chance projekte programme dorfentwicklung '),(27,'filename',0,1,' chance projekte programme kinderpate jpg '),(27,'extension',0,1,' jpg '),(27,'kind',0,1,' image '),(27,'slug',0,1,''),(27,'title',0,1,' chance projekte programme kinderpate '),(28,'filename',0,1,' chance projekte programme naturschutz jpg '),(28,'extension',0,1,' jpg '),(28,'kind',0,1,' image '),(28,'slug',0,1,''),(28,'title',0,1,' chance projekte programme naturschutz '),(29,'filename',0,1,' chance projekte programme naturschutz_maedchen jpg '),(29,'extension',0,1,' jpg '),(29,'kind',0,1,' image '),(29,'slug',0,1,''),(29,'title',0,1,' chance projekte programme naturschutz maedchen '),(30,'filename',0,1,' chance spenden header jpg '),(30,'extension',0,1,' jpg '),(30,'kind',0,1,' image '),(30,'slug',0,1,''),(30,'title',0,1,' chance spenden header '),(31,'filename',0,1,' chance ueber uns arbeitsweise_farm jpg '),(31,'extension',0,1,' jpg '),(31,'kind',0,1,' image '),(31,'slug',0,1,''),(31,'title',0,1,' chance ueber uns arbeitsweise farm '),(32,'filename',0,1,' chance ueber uns konzept familie jpg '),(32,'extension',0,1,' jpg '),(32,'kind',0,1,' image '),(32,'slug',0,1,''),(32,'title',0,1,' chance ueber uns konzept familie '),(33,'filename',0,1,' chance ueber uns leitbild kind jpg '),(33,'extension',0,1,' jpg '),(33,'kind',0,1,' image '),(33,'slug',0,1,''),(33,'title',0,1,' chance ueber uns leitbild kind '),(34,'filename',0,1,' chance ueber uns motivation jpg '),(34,'extension',0,1,' jpg '),(34,'kind',0,1,' image '),(34,'slug',0,1,''),(34,'title',0,1,' chance ueber uns motivation '),(36,'kind',0,1,' image '),(36,'slug',0,1,''),(36,'extension',0,1,' png '),(36,'filename',0,1,' welle png '),(36,'title',0,1,' welle '),(37,'filename',0,1,' chance ueber uns header jpg '),(37,'extension',0,1,' jpg '),(37,'kind',0,1,' image '),(37,'slug',0,1,''),(37,'title',0,1,' chance ueber uns header '),(38,'field',1,1,''),(38,'field',2,1,' begleiten bestaerken befaehigen bewahren unser ziel fuer ganzheitliche nachhaltige und selbstbestimmte entwicklung erfahren sie wie wir arbeiten '),(38,'slug',0,1,' arbeitsweise '),(38,'title',0,1,' arbeitsweise '),(38,'field',3,1,''),(39,'field',1,1,''),(39,'field',3,1,' wir machen uns mit menschen und gemeinschaften auf den weg '),(39,'field',2,1,' wir lernen ihre lebensumstaende probleme staerken gedanken einstellungen und sorgen kennen und nehmen anteil an ihrem leben so werden wir vertrauenswuerdige partner auf die sie sich einlassen und verlassen koennen dabei ist wichtig dass wir begleiten und nicht vorwegmarschieren denn das ziel ist ein selbstbestimmter entwicklungsprozess in dem die gruppen und gemeinschaften selbst verantwortung und initiative uebernehmen '),(39,'slug',0,1,' begleiten '),(39,'title',0,1,' begleiten '),(40,'field',1,1,''),(40,'field',3,1,' wir machen menschen und gemeinschaften stark von innen nach aussen '),(40,'field',2,1,' dabei foerdern wir bereits vorhandene positive werte und initiativen und ermutigen die menschen ihr leben kreativ und verantwortungsbewusst zu gestalten durch die vermittlung konkreter faehigkeiten und kenntnisse sowie die staerkung ihrer identitaet und rechte koennen sie nachhaltige entwicklungskonzepte selbst entwickeln und ihr leben tiefgreifend und positiv veraendern '),(40,'slug',0,1,' bestaerken '),(40,'title',0,1,' bestaerken '),(41,'field',1,1,''),(41,'field',3,1,' gemeinsam mit den menschen setzen wir konkrete projekte um die sie fuer die selbstbestimmte und nachhaltige entwicklung ihrer gemeinschaften benoetigen '),(41,'field',2,1,' durch unsere bildungsangebote kontinuierlichen dialog und sensibilisierung erlernen sie sowohl theoretische als auch praktische faehigkeiten die sie in spezifischen aktivitaeten nutzen um ihre eigene lebenssituation tiefgreifend zu verbessern und ihre verantwortliche selbstverwaltung zu staerken das ermoeglicht gelingendes leben '),(41,'slug',0,1,' befaehigen '),(41,'title',0,1,' befaehigen '),(42,'field',1,1,''),(42,'field',3,1,' wir helfen menschen ihre kulturelle identitaet zu staerken und weiterzuentwickeln '),(42,'field',2,1,' wir foerdern die nachhaltige wirtschaftliche entwicklung von dorfgemeinschaften und entwickeln gemeinsam mit ihnen konzepte zum schutz der umwelt in der sie leben und zur schonenden nutzung der natuerlichen ressourcen in enger kooperation mit der peruanischen forstbehoerde bewahren wir ein 18 000 hektar grosses regenwaldgebiet um den umliegenden doerfern auch in zeiten des klimawandels eine langfristige perspektive zu ermoeglichen '),(42,'slug',0,1,' bewahren '),(42,'title',0,1,' bewahren '),(43,'field',1,1,''),(43,'field',3,1,''),(43,'field',2,1,' christlich sozial und oekologisch erfahren sie mehr ueber die grundelemente unserer arbeit die den rahmen und die natur unseres engagements bestimmen '),(43,'slug',0,1,' konzept '),(43,'title',0,1,' konzept '),(44,'field',1,1,''),(44,'field',3,1,''),(44,'field',2,1,' gelingendes leben shalom in allen lebensbereichen entdecken sie unser leitbild '),(44,'slug',0,1,' leitbild '),(44,'title',0,1,' leitbild '),(45,'field',1,1,''),(45,'field',3,1,' der mensch bildet eine einheit aus koerper seele und geist er ist ein einmaliges mit kreativitaet begabtes geschoepf gottes und integrativer bestandteil seines lebensraumes der erde er lebt in einem netz wechselseitiger sozialer und oekologischer beziehungen und abhaengigkeiten '),(45,'field',2,1,' chance e v foerdert ganzheitliche entwicklung indem wir menschen und gemeinschaften in ihrem kontext begleiten und bestaerken unsere facettenreiche arbeit umfasst deshalb so unterschiedliche bereiche wie psychologische begleitung und seelsorge menschenrechte und doerfliche selbstverwaltung kulturfoerderung armutsbekaempfung und nachhaltige wirtschaftliche entwicklung sowie umwelt und naturschutz '),(45,'slug',0,1,' ganzheitlichkeit '),(45,'title',0,1,' ganzheitlichkeit '),(46,'field',1,1,''),(46,'field',3,1,' unter nachhaltigkeit verstehen wir handlungsprinzipien zur nutzung vorhandener ressourcen bei denen die nutzung das jeweilige system als ganzes seine wesentlichen eigenschaften seine innere stabilitaet und natuerliche regenerationsfaehigkeit nicht behindert oder unmoeglich macht '),(46,'field',2,1,' es geht also um bewusste bewahrende und verantwortliche nutzung von ressourcen ganz egal ob es sich um oekologische menschliche soziale kulturelle wirtschaftliche oder finanzielle ressourcen handelt wir gehen achtsam mit den uns anvertrauten mitteln und ressourcen um gleichzeitig foerdern wir eine intelligente entwicklung die die beduerfnisse heute lebender menschen kuenftiger generationen und der natuerlichen schoepfung in einklang zu bringen sucht wir fuehlen uns den 17 un nachhaltigkeitszielen sdgs der agenda 2030 verpflichtet die wir durch unsere projekte umsetzen '),(46,'slug',0,1,' nachhaltigkeit '),(46,'title',0,1,' nachhaltigkeit '),(47,'field',1,1,''),(47,'field',3,1,' im netzwerk von chance e v engagieren sich suedamerikaner afrikaner und deutsche gemeinsam als interkulturelles team gleichwuerdiger partner chance e v versteht sich nicht als klassische hilfsorganisation sondern als familie als einen ort der begegnung sowie als internationale schnittstelle an der menschen gemeinsam aktiv werden fuer wuerde hoffnung und nachhaltige entwicklung '),(47,'field',2,1,' die arbeit von chance e v beruht auf den begabungen und erfahrungen aller mitglieder unseres internationalen und ueberkonfessionellen teams zu diesem team gehoeren in deutschland neben chance e v die kirchengemeinden schulen gruppen und privatpersonen die sich mit unserem anliegen identifizieren unsere arbeit unterstuetzen praktisch aktiv werden oder fuer unsere projekte beten in den ziellaendern besteht unser netzwerk aus lokalen partnerorganisationen mit ihren einheimischen teams auf der einen sowie den einzelpersonen gruppen und gemeinschaften auf der anderen seite die wir befaehigen ein leben in wuerde und verantwortung zu gestalten die projektteilnehmer und zielgruppen sind nicht almosenempfaenger sondern partner und freunde '),(47,'slug',0,1,' partnerschaftlichkeit '),(47,'title',0,1,' partnerschaftlichkeit '),(48,'field',1,1,''),(48,'field',3,1,''),(48,'field',2,1,' das johannesevangelium spricht von einem leben in fuelle das christus den menschen verheisst jh 10 10 hieraus haben wir das konzept vom ganzheitlichen shalom entwickelt der gelingendes leben ermoeglicht ohne nachteilige auswirkungen auf die lebensqualitaet anderer oder die integritaet der schoepfung shalom ist ein hebraeisches wort und bedeutet frieden seine bedeutung reicht jedoch weit ueber unsere vorstellung von frieden hinaus es geht nicht einfach um die abwesenheit von konflikt oder gewalt sondern um ein ganzheitliches und alle lebensbereiche durchdringendes wohlergehen shalom im eigentlichen wortsinn bedeutet heil oder vollstaendig sein d h shalom nimmt gestalt an wenn menschen heil werden und im einklang leben mit gott mit sich selbst mit anderen und mit der natuerlichen schoepfung dieses biblische konzept von shalom ist leitbild unseres engagements menschen und gemeinschaften sollen in die lage versetzt werden heil zu werden indem sie ihre grundbeduerfnisse auf verantwortliche art decken in wuerde leben und dabei alle wesentlichen lebensbereiche positiv gestalten ohne raubbau an sich selbst anderen oder der natur '),(48,'slug',0,1,' menschen und gemeinschaften sollen heil werden '),(48,'title',0,1,' menschen und gemeinschaften sollen heil werden '),(49,'field',1,1,''),(49,'field',3,1,''),(49,'field',2,1,' unsere motivation ist lebendiger ausdruck christlicher hoffnung erfahren sie was uns antreibt '),(49,'slug',0,1,' motivation '),(49,'title',0,1,' motivation '),(50,'field',1,1,''),(50,'field',3,1,''),(50,'field',2,1,' die bibel spricht von einem gott der den menschen und der ganzen schoepfung liebevoll zugewandt ist sie ruft auf zu frieden gerechtigkeit und einem harmonischen miteinander von mensch und schoepfung sie verheisst allen menschen besonders denen die am rande der gesellschaft stehen ein gelingendes leben das jedoch nicht zum nachteil anderer oder auf kosten der schoepfung realisiert werden darf lk 2 14 jes 11 1 9 jh 10 10 3 mo 25 4 dieses inspirierende vorbild der christlich juedischen ueberlieferung motiviert uns dazu uns fuer eines der grossen anliegen unserer zeit zu engagieren nachhaltige entwicklung durch soziale oekonomische und oekologische gerechtigkeit und chancengleichheit wir verstehen die arbeit von chance e v als natuerliche konsequenz unseres glaubens als teil unserer christusnachfolge als dienst am naechsten an der gesellschaft und an der schoepfung denn wir sind aufgerufen die augen vor der not von mensch und schoepfung nicht zu verschliessen sondern praktisch aktiv zu werden 1 jh 3 16 18 ohne gerechtigkeit solidaritaet und nachhaltige entwicklung ist das unmoeglich denn im globalen dorf sind menschen aus kenia und peru genauso unsere naechsten wie kuenftige generationen als christen sind wir dazu berufen zu lieben was gott liebt und gott unseren mitmenschen sowie der natuerlichen schoepfung zu dienen chance e v tut dies durch seine projekte fuer mensch und schoepfung inmitten oft entmutigender umstaende beruft der christliche glaube uns darueber hinaus zu lebendiger hoffnung die weit ueber die haeufig so entmutigende lebensrealitaet vieler menschen und gemeinschaften hinausgeht und zu einem leben in wuerde befreit der glaube hilft das eigene potential zu entdecken und zu nutzen er lehrt uns anderen zu helfen ohne sie zu bevormunden er beruft uns die schoepfung zu bewahren persoenliche spiritualitaet nachhaltige entwicklung und soziale sowie oekologische gerechtigkeit sind wichtige einander ergaenzende aspekte dieses christlichen engagements das von der gewissheit getragen wird dass gottes liebe die kraft innewohnt einzelne menschen genauso wie ungerechte strukturen und sogar ganze gesellschaften schrittweise zu veraendern '),(50,'slug',0,1,' chance e v entstand aus dem praktischen glaubensverstaendnis und dem gesellschaftlichen engagement seiner gruender '),(50,'title',0,1,' chance e v entstand aus dem praktischen glaubensverstaendnis und dem gesellschaftlichen engagement seiner gruender '),(51,'field',1,1,''),(51,'field',3,1,''),(51,'field',2,1,' gemeinnuetzig und christlich wir setzen uns fuer ganzheitliche nachhaltige und partnerschaftliche entwicklung ein blicken sie hinter die kulissen '),(51,'slug',0,1,' der verein '),(51,'title',0,1,' der verein '),(52,'field',1,1,''),(52,'field',3,1,''),(52,'field',2,1,' unser engagement findet in kooperation mit einheimischen partnerorganisationen statt die zum internationalen netzwerk von chance e v gehoeren und dieselben ziele und werte vertreten wie chance e v gemeinsam mit ihnen engagieren wir uns fuer gerechtigkeitsarbeit und staerkung indigener gemeinschaften bildung kleingewerbefoerderung oekologische landwirtschaft kulturfoerderung umwelt und naturschutz bis hin zu kinderpatenschaften jugendarbeit frauenfoerderung seelsorge und christlicher sozialarbeit '),(52,'slug',0,1,' engagement '),(52,'title',0,1,' kooperatives engagement '),(53,'field',1,1,''),(53,'field',3,1,''),(53,'field',2,1,' die arbeit von chance e v beruht auf christlichen grundwerten sowie auf der achtung vor unseren mitmenschen und der natuerlichen schoepfung in der wir leben '),(53,'slug',0,1,' grundwerte '),(53,'title',0,1,' christliche grundwerte '),(54,'field',1,1,''),(54,'field',3,1,''),(54,'field',2,1,' chance e v arbeitet zusammen mit kirchen und gemeinden schulen sowie anderen oeffentlichen und privaten einrichtungen in ganz deutschland partnerschaftliche zusammenarbeit in einem internationalen team macht unsere projekte erfolgreich '),(54,'slug',0,1,' zusammenarbeit '),(54,'title',0,1,' partnerschaftliche zusammenarbeit '),(55,'field',1,1,''),(55,'field',3,1,' zum team von chance e v gehoeren unsere ehrenamtlichen unterstuetzer und foerderer in ganz deutschland genauso wie die mehr als 30 hauptamtlichen mitarbeiter unserer partnerorganisationen in peru und kenia in deutschland koordinieren drei vorstandsmitglieder die arbeit gemeinsam mit einigen engagierten vereinsmitgliedern '),(55,'field',2,1,''),(55,'slug',0,1,' team '),(55,'title',0,1,' team '),(56,'field',1,1,''),(56,'field',3,1,' zu sehen wie menschen dorfgemeinschaften und die schoepfung neue chancen bekommen ist bewegend dazu beizutragen ein geschenk '),(56,'field',2,1,' jens p bergmann diplom dolmetscher geschaeftsleitender vorsitzender und gruender von chance e v '),(56,'slug',0,1,' jens '),(56,'title',0,1,' jens '),(57,'field',1,1,''),(57,'field',3,1,' wir leben in einer welt in der jeder die chance verdient sein leben in wuerde zu gestalten ich freue mich hierzu durch mein engagement bei chance e v einen beitrag leisten zu koennen '),(57,'field',2,1,' kerstin halbfas lehrerin zweite vorsitzende und gruendungsmitglied von chance e v '),(57,'slug',0,1,' kerstin '),(57,'title',0,1,' kerstin '),(58,'field',1,1,''),(58,'field',3,1,' menschen suchen nach echter liebe wenn ich das geben kann bin ich reich sind wir reich '),(58,'field',2,1,' marc ludwig physiotherapeut dritter vorsitzender und mitglied von chance e v '),(58,'slug',0,1,' marc '),(58,'title',0,1,' marc '),(59,'field',1,1,''),(59,'field',3,1,' den menschen und der schoepfung gottes zu dienen ist ein vorrecht wir geben denen eine stimme die keine haben so werden menschen dorfgemeinschaften und die schoepfung heil das ist ein grosser segen '),(59,'field',2,1,' elizabeth luque kaufmaennische angestellte chance projektleiterin in peru '),(59,'slug',0,1,' elizabeth '),(59,'title',0,1,' elizabeth '),(60,'field',1,1,''),(60,'field',3,1,' die art nachhaltiger entwicklung die wir foerdern beruecksichtigt die beduerfnisse der menschen hier und jetzt ohne die beduerfnisse kuenftiger generationen zu vernachlaessigen genau hierfuer engagiere ich mich '),(60,'field',2,1,' mark kasoe projektmanager chance projektleiter in kenia '),(60,'slug',0,1,' mark kasoe '),(60,'title',0,1,' mark kasoe '),(61,'field',1,1,''),(61,'field',3,1,' schon als teenager war jens bergmann der gruender von chance e v vom schicksal der menschen im globalen sueden und von der immer schneller fortschreitenden zerstoerung der schoepfung bewegt '),(61,'field',2,1,''),(61,'slug',0,1,' geschichte '),(61,'title',0,1,' geschichte '),(62,'field',1,1,''),(62,'field',3,1,''),(62,'field',2,1,' als student engagierte er sich deshalb als volontaer in einem kleinen entwicklungsprojekt in afrika und lernte dort die schoenheit aber auch die schwaechen und die enttaeuschung klassischer entwicklungszusammenarbeit kennen 2001 besuchte jens zum ersten mal peru wo er an einer christlichen jugendfreizeit im ehemaligen buergerkriegsgebiet teilnahm dort erlebte er wie strassenkinder terroropfer und terrortaeter durch annahme und vergebung heil wurden und einen neubeginn wagten weiterlesen '),(62,'slug',0,1,' erste kontakte '),(62,'title',0,1,' erste kontakte mit der entwicklungszusammenarbeit '),(63,'field',1,1,''),(63,'field',3,1,''),(63,'field',2,1,''),(63,'slug',0,1,' kooperationspartner '),(63,'title',0,1,' kooperationspartner '),(64,'field',1,1,''),(64,'field',3,1,''),(64,'field',2,1,' jede spende kommt an geringe verwaltungskosten hohe qualitaet und offenheit garantieren chancen pruefen sie unsere transparenz '),(64,'slug',0,1,' transparenz '),(64,'title',0,1,' transparenz '),(65,'field',1,1,''),(65,'field',3,1,''),(65,'field',2,1,' ihre spenden kommen an unser verwaltungskostenanteil liegt bei max 8 prozent ein teil dieser acht prozent wird darueber hinaus von sponsoren getragen das bedeutet ihre spenden kommen zu fast 100 prozent direkt den menschen vor ort zu gute '),(65,'slug',0,1,' verwaltungskosten '),(65,'title',0,1,' verwaltungskosten '),(66,'field',1,1,''),(66,'field',3,1,''),(66,'field',2,1,' chance e v verzichtet bewusst auf ein spendensiegel das hat mehrere gruende i d r bekommen organisationen auch dann noch ein spendensiegel wenn sie doppelt so viel fuer verwaltung ausgeben wie chance e v ein spendensiegel ist teuer wir verwenden die uns anvertrauten mittel lieber direkt fuer die projekte und menschen vor ort chance e v ist nicht anonym unsere freunde und foerderer kennen unser team oft persoenlich sie haben jederzeit die moeglichkeit mit uns einen besuch vor ort oder einen einblick in unsere jahresabschluesse zu organisieren und sich so von der nachhaltigen nutzung der spenden selbst zu ueberzeugen '),(66,'slug',0,1,' spendensiegel '),(66,'title',0,1,' spendensiegel '),(67,'field',1,1,''),(67,'field',3,1,''),(67,'field',2,1,' chance e v gestaltet verwaltung interne prozesse und inhaltliche arbeit transparent und uebersichtlich finanzen und buchhaltung unterliegen mehrfacher unabhaengiger kontrolle und revision leitfaeden und konzepte fuer die projektdurchfuehrung werden unter mitwirkung der partnerorganisationen und externer berater in kontinuierlicher teamarbeit weiter entwickelt und verbessert die internationale kooperation basiert auf vereinbarungen die strukturen und zustaendigkeiten klar regeln und fuer verlaesslichkeit sorgen unser gemeinsames engagement beruht auf staendigem dialog und gestaltet sich in einer kultur der offenheit in der wir voneinander lernen und aufeinander zugehen wir wollen offen sein fuer lob und konstruktive kritik diese offenheit hilft uns unsere arbeit unsere projekte und unser miteinander fortwaehrend weiterzuentwickeln und zu verbessern bei unserer arbeit vor ort spielen synergien eine grosse rolle mit einem einzigen projekt koennen die menschen also gleich mehrere probleme angehen und loesen auch kleine spenden entfalten so eine maximale wirkung und veraendern menschen gemeinschaften und strukturen ganzheitlich und nachhaltig '),(67,'slug',0,1,' transparenz offenheit und qualitaet '),(67,'title',0,1,' transparenz offenheit und qualitaet '),(68,'field',1,1,''),(68,'field',3,1,''),(68,'field',2,1,' chance kommt an nicht nur bei den menschen vor ort sondern auch bei unseren partnern in deutschland lesen sie selbst was sie ueber uns sagen '),(68,'slug',0,1,' empfehlungen '),(68,'title',0,1,' empfehlungen '),(69,'field',1,1,''),(69,'field',3,1,' evangelischer pfarrer '),(69,'field',2,1,' chance e v nimmt christliche verantwortung fuer die welt ernst seine klaren werte und ziele setzt der verein auf allen ebenen um weiterlesen '),(69,'slug',0,1,' christian oelke '),(69,'title',0,1,' christian oelke '),(70,'field',1,1,''),(70,'field',3,1,' mitglied im hauptvorstand der volksmission '),(70,'field',2,1,' bei chance e v beeindruckt mich die passion der verantwortlichen fuer das anliegen den schwachen und benachteiligten eine chance zu geben vision und persoenlichkeit stimmen dabei wohltuend ueberein authentizitaet und bescheidenheit ergeben einen angenehmen wohlklang praedikat absolut empfehlenswert '),(70,'slug',0,1,' bernhard roeckle '),(70,'title',0,1,' bernhard roeckle '),(71,'field',1,1,''),(71,'field',3,1,' ev freik gemeinde berlin wannsee '),(71,'field',2,1,' chance e v ist eine authentische und glaubwuerdige arbeit die noch mehr unterstuetzung verdient weiterlesen '),(71,'slug',0,1,' theo weyandt '),(71,'title',0,1,' theo weyandt '),(72,'field',1,1,''),(72,'field',3,1,' gemeindezentrum dabringhausen efg '),(72,'field',2,1,' die liebe und gnade gottes zeigen sich in der arbeit von chance e v ganz deutlich der verein begleitet die menschen durch bildung patenschaften und hilfe zur selbsthilfe ohne chance e v sind sie der korruption willkuer armut und umweltzerstoerung hilflos ausgesetzt weiterlesen '),(72,'slug',0,1,' birgit steinheuer '),(72,'title',0,1,' birgit steinheuer '),(73,'field',1,1,''),(73,'field',3,1,' pastor freie ev gemeinde koeln muelheim '),(73,'field',2,1,' so sollte mission aussehen das konzept von chance e v ueberzeugt mich dadurch dass christliches engagement und entwicklungszusammenarbeit hier zusammengehoeren weiterlesen '),(73,'slug',0,1,' christian meissner '),(73,'title',0,1,' christian meissner '),(74,'field',1,1,''),(74,'field',3,1,' freie ev gemeinde ludwigsburg '),(74,'field',2,1,' uns als gemeinde begeistert der ansatz nachhaltiger entwicklung auf der grundlage von christlichen werten alle menschen sollen nach gottes willen ein wuerdevolles leben fuehren weiterlesen '),(74,'slug',0,1,' philipp scheld pastor '),(74,'title',0,1,' philipp scheld pastor '),(75,'field',1,1,''),(75,'field',3,1,' lebenswert stadtkirche koeln '),(75,'field',2,1,' nach unserem verstaendnis haben wir christen den auftrag uns umfassend fuer arme und schwache menschen einzusetzen also sozial politisch und geistlich darum freuen wir uns mit chance e v eine organisation gefunden zu haben die genau das auf eine liebevolle und authentische art tut weiterlesen '),(75,'slug',0,1,' uli thomas '),(75,'title',0,1,' uli thomas '),(76,'field',1,1,''),(76,'field',3,1,' encourager stiftung '),(76,'field',2,1,' die hoffnung gottes hat in chance e v gestalt angenommen so erlebe ich den dienst dieses vereins seit 2008 aus diesem grund hat die encourager stiftung die projekte von chance e v schon mehrfach finanziell unterstuetzt weiterlesen '),(76,'slug',0,1,' markus wehrstedt '),(76,'title',0,1,' markus wehrstedt '),(77,'field',1,1,''),(77,'field',3,1,' evangelisch freikirchliche gemeinde schwelm '),(77,'field',2,1,' hier wird die christliche botschaft ganzheitlich verstanden und gelebt dazu gehoeren menschenwuerde gerechtigkeit und der verantwortliche umgang mit sich selbst mit anderen und der umwelt weiterlesen '),(77,'slug',0,1,' wilfried eckhoff '),(77,'title',0,1,' wilfried eckhoff '),(78,'field',1,1,''),(78,'field',3,1,''),(78,'field',2,1,' chance e v ist in peru und kenia aktiv in den regenwaeldern amazoniens und den savannen am rande der maasai mara entdecken sie die regionen '),(78,'slug',0,1,' wo wir arbeiten '),(78,'title',0,1,' wo wir arbeiten '),(79,'field',1,1,''),(79,'field',3,1,''),(79,'field',2,1,' mit drei nachhaltigen programmen zum ziel dorfentwicklung kinderpatenschaft sowie natur und umweltschutz erkunden sie unsere programme '),(79,'slug',0,1,' programme '),(79,'title',0,1,' programme '),(80,'field',1,1,''),(80,'field',3,1,''),(80,'field',2,1,' armutsbekaempfung bildung christliches engagement soziales sowie umwelt und naturschutz sind wichtige themen fuer uns erfahren sie was sich dahinter verbirgt '),(80,'slug',0,1,' themen '),(80,'title',0,1,' themen '),(81,'field',1,1,''),(81,'field',3,1,''),(81,'field',2,1,' durch unsere projekte haben menschen neue perspektiven gefunden lernen sie die menschen kennen '),(81,'slug',0,1,' erfahrungsberichte '),(81,'title',0,1,' erfahrungsberichte '),(82,'field',1,1,''),(82,'field',3,1,''),(82,'field',2,1,' unsere vielfaeltigen projekte veraendern das schicksal von einzelnen und ganzen dorfgemeinschaften positiv erfahren sie wie wir konkret arbeiten '),(82,'slug',0,1,' projektberichte '),(82,'title',0,1,' projektberichte '),(83,'field',1,1,''),(83,'field',3,1,' das einsatzgebiet von chance e v in peru liegt in der provinz oxapampa diese ist fast 19000 km gross und liegt in den regenwaeldern der andenvorgebirge wo die berge allmaehlich ins amazonastiefland uebergehen '),(83,'field',2,1,''),(83,'slug',0,1,' peru '),(83,'title',0,1,' peru '),(84,'field',1,1,''),(84,'field',3,1,''),(84,'field',2,1,' das chance projektzentrum befindet sich hier in dem kleinen dschungelstaedtchen villa rica auf 1500 metern hoehe ausgehend von villa rica begleitet unser lokales team einige hundert patenkinder und ihre familien von hier aus organisiert es die arbeit mit zwei dutzend indianergemeinschaften und dschungeldoerfern und betreut den chance regenwald ein 180 km grosses vereinseigenes schutzgebiet das chance e v von der forstbehoerde anvertraut wurde '),(84,'slug',0,1,' villa rica '),(84,'title',0,1,' villa rica '),(85,'field',1,1,''),(85,'field',3,1,''),(85,'field',2,1,' die yanesha und ashaninka indianer leben seit jahrtausenden in der region ab 1635 gab es immer wieder katholische missionen und seit dem spaeten 19 jahrhundert drangen immer mehr siedler zunaechst aus deutschland und spaeter aus den anden in die heimat der indianer vor heute stellen die yanesha und ashaninka deshalb die mit abstand kleinste und aermste bevoelkerungsgruppe die wohlhabendste gruppe sind die nachfahren der deutschen die auf ehemaligem indianerland plantagen und viehzucht betreiben und einige deutsche traditionen bis heute pflegen die indianische bevoelkerung wurde in ein paar dutzend reservataehnliche gemeinschaften zurueckgedraengt und hat nicht nur ueber 95 prozent ihres urspruenglichen landes verloren auch ihre sprache sozialen strukturen und lebensweise konnten dem druck der siedler kaum standhalten identitaetsverlust entwurzelung umweltzerstoerung armut und perspektivlosigkeit bestimmen deshalb das leben der menschen die versuchen die folgen von fremdbestimmung und landraub irgendwie zu bewaeltigen '),(85,'slug',0,1,' indigene bevoelkerung '),(85,'title',0,1,' indigene bevoelkerung '),(86,'field',1,1,''),(86,'field',3,1,''),(86,'field',2,1,' kaffeeanbau viehzucht und holzwirtschaft sind die wichtigsten wirtschaftszweige der provinz stellenweise gibt es illegale kokaplantagen die von kriminellen gruppen betreut werden die situation der meisten einwohner ist schwierig als landlose tageloehner verdingen sie sich auf plantagen und leben in grosser armut obwohl fast die ganze provinz un biosphaerenreservat ist wird das ueberleben der waelder und dorfgemeinschaften von illegalem holzeinschlag landraub erdgasfoerderung korruption und klimawandel bedroht dieser komplexen problemlage setzt chance e v durch nachhaltige entwicklung ganzheitliche loesungsansaetze entgegen fuer mensch und schoepfung '),(86,'slug',0,1,' wirtschaft '),(86,'title',0,1,' wirtschaft '),(87,'field',1,1,''),(87,'field',3,1,' in kenia konzentrieren unsere projekte sich auf das narok county wo chance e v verschiedene maasai gemeinschaften dabei begleitet ihre situation durch nachhaltige entwicklung zu verbessern im huegelland von olereko entstanden verschiedene landwirtschaftliche projekte eine dorfschule und ein bildungs und sozialprogramm fuer kinder '),(87,'field',2,1,''),(87,'slug',0,1,' kenia '),(87,'title',0,1,' kenia '),(88,'field',1,1,''),(88,'field',3,1,''),(88,'field',2,1,' der halbnomadische lebenswandel der das leben der menschen bis vor wenigen jahren praegte ist heute durch bevoelkerungswachstum klimawandel und eine verfehlte landpolitik nicht mehr moeglich die staatlich verordnete privatisierung des gemeinschaftslandes hat dazu gefuehrt dass ueberall zaeune errichtet werden dies hat zur folge dass die maasai dem regen mit ihren rinderherden nicht mehr hinterherziehen koennen bleibt der regen dann aus was in den letzten jahren immer haeufiger vorkommt und zu katastrophalen duerren fuehrt wird das gras knapp die rinder verhungern und die wirtschaftliche grundlage der menschen wird vernichtet hunger und elend bedrohen dann vor allem frauen und kinder '),(88,'slug',0,1,' der halbnomadische lebenswandel ist bedroht '),(88,'title',0,1,' der halbnomadische lebenswandel ist bedroht '),(89,'field',1,1,''),(89,'field',3,1,''),(89,'field',2,1,' gleichzeitig stellt die fragmentierung der landschaft durch zaeune eine grosse gefahr fuer die zweite wirtschaftsgrundlage der region dar den safaritourismus die touristen kommen um wilde tiere zu sehen jedes jahr erreichen riesige herden aus der serengeti auch siana um von den einnahmen des tourismus zu profitieren haben viele dorfgemeinschaften dorfeigene schutzgebiete geschaffen so auch siana doch halten sich die grossen herden nicht an die grenzen der schutzgebiete und folgen uralten wanderrouten bis sie wieder ein schutzgebiet erreichen auch ihnen versperren die zaeune den weg das fuehrt auch wegen der zunehmenden trockenheit zu immer haeufigeren konflikten zwischen mensch und tier und die einnahmen aus dem tourismus gehen zurueck '),(89,'slug',0,1,' safaritourismus segen und gefahr zugleich '),(89,'title',0,1,' safaritourismus segen und gefahr zugleich '),(90,'field',1,1,''),(90,'field',3,1,''),(90,'field',2,1,' es gibt kaum arbeitsplaetze bildungsangebote und medizinische versorgung frauen und maedchen sind bis heute benachteiligt und die sozialen strukturen brechen zusammen was die krise der menschen verschaerft die folge sind armut und orientierungslosgikeit sowie eine immer weiter fortschreitende zerstoerung der natur '),(90,'slug',0,1,' arbeitsplaetze bildung und medizinisches versorgung sind mangelware '),(90,'title',0,1,' arbeitsplaetze bildung und medizinisches versorgung sind mangelware '),(91,'field',1,1,''),(91,'field',3,1,''),(91,'field',2,1,' gemeinsam mit unserer lokalen partnerorganisation begleiten wir besonders die bevoelkerung in den wildkorridoren dabei sich an die veraenderten bedingungen anzupassen ihre armut zu bekaempfen ihre lebensbedingungen selbstbestimmt zu verbessern und die natur zu bewahren '),(91,'slug',0,1,' gemeinsam eine chance bieten '),(91,'title',0,1,' gemeinsam eine chance bieten '),(92,'field',1,1,''),(92,'field',3,1,' dorfentwicklung chancen fuer doerfer '),(92,'field',2,1,' ziel ist die befaehigung der menschen das schicksal ihrer doerfer selbst in die hand zu nehmen erfahren sie wir doerfer staerken '),(92,'slug',0,1,' dorfentwicklung chancen fuer doerfer '),(92,'title',0,1,' dorfentwicklung chancen fuer doerfer '),(93,'field',1,1,''),(93,'field',3,1,' patenschaft chancen fuer kinder familien '),(93,'field',2,1,' wir geben kindern jugendlichen und ihren familien die chance ihre lebensqualitaet eigenstaendig zu verbessern erkunden sie unsere patenschaft '),(93,'slug',0,1,' patenschaft chancen fuer kinder familien '),(93,'title',0,1,' patenschaft chancen fuer kinder familien '),(94,'field',1,1,''),(94,'field',3,1,' umwelt und naturschutz chancen fuer die schoepfung '),(94,'field',2,1,' mit oekologisch nachhaltiger entwicklung geben wir mensch und schoepfung eine chance erfahren sie mehr '),(94,'slug',0,1,' umwelt und naturschutz chancen fuer die schoepfung '),(94,'title',0,1,' umwelt und naturschutz chancen fuer die schoepfung ueberblicksseite '),(95,'field',1,1,''),(95,'field',3,1,''),(95,'field',2,1,' statt menschen zu entmuendigen und von hilfe abhaengig zu machen sind die dorfbewohner selbst motor ihrer entwicklung diese beginnt im innern umfasst die bereiche spiritualitaet kultur identitaet werte persoenliche beziehungen oekologie bildung und wirtschaft gleichermassen und ist gerade deshalb erfolgreich '),(95,'slug',0,1,' motor '),(95,'title',0,1,' motor ihrer eigenen entwicklung '),(96,'field',1,1,''),(96,'field',3,1,''),(96,'field',2,1,' neben den indigenen gemeinschaften der yanesha und ashaninka indianer begleiten wir in peru auch rund ein dutzend kleinbauerndoerfer rings um den chance regenwald '),(96,'slug',0,1,' einsatz in peru '),(96,'title',0,1,' einsatz in peru '),(97,'field',1,1,''),(97,'field',3,1,''),(97,'field',2,1,' in kenia staerken wir maasai dorfgemeinschaften die durch fehlgeschlagene landpolitik des staates in ihrer existenz akut bedroht sind '),(97,'slug',0,1,' einsatz in kenia '),(97,'title',0,1,' einsatz in kenia '),(98,'field',1,1,''),(98,'field',3,1,' um die nachhaltige entwicklung und autonomie der dorfgemeinschaften zu staerken folgt unser konzept einem fuenf stufen plan alle bevoelkerungsgruppen alte und junge maenner und frauen gestalten gemeinsam die nachhaltige entwicklung ihres dorfes und schaffen die grundlage fuer wuerdevolles leben '),(98,'field',2,1,''),(106,'field',1,1,''),(106,'field',3,1,''),(106,'field',2,1,' die gleichberechtigte teilhabe von maennern und frauen sowie aller anderen bevoelkerungsgruppen ist garantiert identitaet und selbstachtung der menschen sind gestaerkt ihre bildung organisiert die bewahrung und verantwortungsbewusste nutzung der natuerlichen ressourcen des dorfes ist sichergestellt '),(98,'slug',0,1,' der fuenf stufen plan '),(98,'title',0,1,' der fuenf stufen plan '),(99,'field',1,1,''),(99,'field',3,1,''),(99,'field',2,1,''),(99,'slug',0,1,' stufe 1 dialog reflexion und sensibilisierung '),(99,'title',0,1,' stufe 1 dialog reflexion und sensibilisierung '),(100,'field',1,1,''),(100,'field',3,1,''),(100,'field',2,1,' die dorfbewohner machen sich die lage ihrer gemeinschaft bewusst und formulieren antworten auf wichtige fragen was koennen wir aus unserer geschichte lernen was sind unsere probleme und wie loesen wir konflikte wer sind unsere verbuendeten wer unsere gegner was sind unsere staerken und schwaechen wovon traeumen wir wovor haben wir angst wie koennen wir unseren groessten gefahren begegnen diese erkenntnisse bilden die grundlage fuer das weitere vorgehen '),(100,'slug',0,1,' stufe 2 selbstdiagnose '),(100,'title',0,1,' stufe 2 selbstdiagnose '),(101,'field',1,1,''),(101,'field',3,1,''),(101,'field',2,1,''),(101,'slug',0,1,' stufe 3 dorfsatzung '),(101,'title',0,1,' stufe 3 dorfsatzung '),(102,'field',1,1,''),(102,'field',3,1,''),(102,'field',2,1,''),(102,'slug',0,1,' stufe 4 plan fuer gelingendes leben '),(102,'title',0,1,' stufe 4 plan fuer gelingendes leben '),(103,'field',1,1,''),(103,'field',3,1,''),(103,'field',2,1,''),(103,'slug',0,1,' stufe 5 umsetzung des plans fuer gelingendes leben '),(103,'title',0,1,' stufe 5 umsetzung des plans fuer gelingendes leben '),(104,'field',1,1,''),(104,'field',3,1,' ziel unserer arbeit mit dorfgemeinschaften sind starke doerfer sie stehen auf eigenen beinen und regeln alle angelegenheiten erfolgreich selbst '),(104,'field',2,1,''),(104,'slug',0,1,' das ziel starke doerfer '),(104,'title',0,1,' das ziel starke doerfer '),(105,'field',1,1,''),(105,'field',3,1,''),(105,'field',2,1,' die dorfgemeinschaft ist staatlich anerkannt ihr territorium ist dauerhaft gegen landraeuber und korrupte beamte gesichert ihre selbstverwaltung wird durch eine ganzheitliche dorfsatzung effizient geregelt '),(105,'slug',0,1,' territorium '),(105,'title',0,1,' territorium '),(106,'slug',0,1,' teilhabe '),(106,'title',0,1,' teilhabe '),(107,'field',1,1,''),(107,'field',3,1,''),(107,'field',2,1,' die dorfgemeinschaft hat eine nachhaltige und ganzheitliche entwicklungsstrategie erarbeitet den so genannten dorfentwicklungsplan durch eine geordnete und nachhaltige wirtschaftliche entwicklung koennen die dorfbewohner schritt fuer schritt und aus eigener kraft der armut entkommen '),(107,'slug',0,1,' dorfentwicklungsplan '),(107,'title',0,1,' dorfentwicklungsplan '),(108,'field',1,1,''),(108,'field',3,1,''),(108,'field',2,1,' dorfpate koennen sie ab einer monatlichen spende von 20 euro oder mehr werden so helfen sie bedrohten dorfgemeinschaften wieder auf eigenen beinen zu stehen die armut zu bekaempfen ihre rechte durchzusetzen und ihren lebensraum zu bewahren bei der chance dorfpatenschaft fallen keine verwaltungskosten an 100 % ihrer spenden kommen direkt den menschen in den doerfern zugute fuer die sie chancen geber werden '),(108,'slug',0,1,' dorfpate werden '),(108,'title',0,1,' dorfpate werden '),(109,'field',1,1,''),(109,'field',3,1,''),(109,'field',2,1,' nur eine starke gemeinschaft kann ihre landrechte verteidigen ihren lebensraum bewahren die armut bekaempfen und eine fuer alle lebenswerte zukunft gestalten deshalb begleiten wir die dorfgemeinschaften in diesen lebensbereichen '),(109,'slug',0,1,' gelingendes leben '),(109,'title',0,1,' konzept fuer gelingendes leben '),(110,'field',1,1,''),(110,'field',3,1,' indigene gemeinschaften und kleinbauerndoerfer gehoeren zu den am staerksten gefaehrdeten bevoelkerungsgruppen weltweit '),(110,'field',2,1,' rechtsunsicherheit und landraub obwohl sie die urspruenglichen eigentuemer des landes sind und die ressourcen seit generationen bewahren und nachhaltig nutzen werden die traditionellen landrechte der indigenen bevoelkerung haeufig missachtet immer wieder sind sie opfer kriminellen landraubs die landraeuber stehlen ihr land zerstoeren ihren lebensraum und setzen die gemeinschaften massiv unter druck zerstoerung ruecksichtslose und auf kurzsichtigen profit ausgerichtete umweltzerstoerung vernichtet die lebensgrundlage von mensch und schoepfung ein entkommen aus der armut wird so immer schwieriger orientierungslosigkeit ausgrenzung diskriminierung und ausbeutung haben die identitaet selbstachtung selbstbestimmung und wirtschaftliche lage der menschen schwer geschaedigt zwischen assimilierung und bewahrung der eigenen identitaet gehen werte verloren das fuehrt zu einer schwaechung der gemeinschaften von innen schwache selbstbestimmung sowohl die vereinten nationen als auch die verfassung perus garantieren den indigenen gemeinschaften weitgehende autonomie dennoch fehlt es den dorfgemeinschaften meist an effektiven instrumentarien zur staerkung ihrer inneren organisation und selbstverwaltung aussenstehende nutzen das aus um sich illegal an den ressourcen der menschen zu bereichern das fuehrt zu sozialem unfrieden und immer mehr armut und zerstoerung bildungsmangel den dorfbewohnern fehlt der zugang zu bildung und staatlichen dienstleistungen so koennen sie sich gegen die vielen bedrohungen ihrer gemeinschaften kaum zur wehr setzen soziale ungerechtigkeit zerstoert die lebensperspektive der menschen armut all das fuehrt zu extremer armut die es den menschen vielerorts kaum ermoeglicht sich fuer ihre gemeinschaften einzusetzen und verursacht grosses persoenliches leid peru hat mit 65 verschiedenen indigenen voelkern und ueber 1700 gemeinschaften einen verhaeltnismaessig hohen anteil ureinwohner an der gesamtbevoelkerung die maasai sind die groesste indigene gruppe kenias '),(110,'slug',0,1,' warum indigene gemeinschaften '),(110,'title',0,1,' warum indigene gemeinschaften '),(111,'field',1,1,''),(111,'field',3,1,' kinderpaten chancen fuer kinder und familien '),(111,'field',2,1,' beim patenkinderpgrogramm von chance e v geht es darum kindern jugendlichen und ihren familien die chance zu geben ihre lebensqualitaet durch ganzheitliche persoenliche entwicklung bildung die festigung positiver werte und die uebernahme von persoenlicher sozialer und oekologischer verantwortung eigenstaendig zu verbessern im mittelpunkt stehen auch hier das potential jedes einzelnen menschen und unser christliches menschenbild die chance patenkinder leben in den dorfgemeinschaften mit denen chance e v in peru und kenia langfristig zusammenarbeitet sowie in den slums des dschungelstaedtchens villa rica in dem unser peruanisches einsatzzentrum liegt '),(111,'slug',0,1,' kinderpaten '),(111,'title',0,1,' kinderpaten chancen fuer kinder und familien '),(112,'field',1,1,''),(112,'field',3,1,' die interdisziplinaeren chance teams vor ort bestehen aus psychologen sozialarbeitern paedagogen geistlichen und engagierten freiwilligen gemeinsam begleiten sie die patenkinder und ihre angehoerigen damit ganzheitliche persoenliche entwicklung in einem harmonischen umfeld moeglich wird '),(112,'field',2,1,''),(112,'slug',0,1,' saeulen '),(112,'title',0,1,' die saeulen des chance patenprogramms '),(113,'field',1,1,''),(113,'field',3,1,''),(113,'field',2,1,''),(113,'slug',0,1,' hoffnung und lebensperspektive '),(113,'title',0,1,' hoffnung und lebensperspektive '),(114,'field',1,1,''),(114,'field',3,1,''),(114,'field',2,1,''),(114,'slug',0,1,' psychologisch seelsorgerliche begleitung '),(114,'title',0,1,' psychologisch seelsorgerliche begleitung '),(115,'field',1,1,''),(115,'field',3,1,''),(115,'field',2,1,' wir staerken die identitaet der patenkinder sie lernen stolz auf ihr kulturelles erbe zu sein und sich fuer ihre herkunft nicht mehr zu schaemen das foerdert ihre selbstachtung und hilft ihnen sich positiv zu entwickeln '),(115,'slug',0,1,' staerkung der kulturellen identitaet '),(115,'title',0,1,' staerkung der kulturellen identitaet '),(116,'field',1,1,''),(116,'field',3,1,''),(116,'field',2,1,''),(116,'slug',0,1,' familien und muetterberatung '),(116,'title',0,1,' familien und muetterberatung '),(117,'field',1,1,''),(117,'field',3,1,''),(117,'field',2,1,''),(117,'slug',0,1,' persoenliche begleitung und vernetzung '),(117,'title',0,1,' persoenliche begleitung und vernetzung '),(118,'field',1,1,''),(118,'field',3,1,''),(118,'field',2,1,''),(118,'slug',0,1,' schulfoerderung und ganzheitliches lernen '),(118,'title',0,1,' schulfoerderung und ganzheitliches lernen '),(119,'field',1,1,''),(119,'field',3,1,''),(119,'field',2,1,''),(119,'slug',0,1,' foerderung von kreativitaet und begabungen '),(119,'title',0,1,' foerderung von kreativitaet und begabungen '),(120,'field',1,1,''),(120,'field',3,1,''),(120,'field',2,1,''),(120,'slug',0,1,' umwelterziehung naturverstehen und nachhaltigkeitstraining '),(120,'title',0,1,' umwelterziehung naturverstehen und nachhaltigkeitstraining '),(121,'field',1,1,''),(121,'field',3,1,''),(121,'field',2,1,''),(121,'slug',0,1,' kinderwald '),(121,'title',0,1,' kinderwald '),(122,'field',1,1,''),(122,'field',3,1,''),(122,'field',2,1,''),(122,'slug',0,1,' gartenbau aufforstung und tiere '),(122,'title',0,1,' gartenbau aufforstung und tiere '),(123,'field',1,1,''),(123,'field',3,1,''),(123,'field',2,1,''),(123,'slug',0,1,' soziale verantwortung und menschenrechte '),(123,'title',0,1,' soziale verantwortung und menschenrechte '),(124,'field',1,1,''),(124,'field',3,1,''),(124,'field',2,1,''),(124,'slug',0,1,' christliche freizeiten und exkursionen '),(124,'title',0,1,' christliche freizeiten und exkursionen '),(125,'field',1,1,''),(125,'field',3,1,''),(125,'field',2,1,''),(125,'slug',0,1,' sport spiel und freizeitangebote '),(125,'title',0,1,' sport spiel und freizeitangebote '),(126,'field',1,1,''),(126,'field',3,1,''),(126,'field',2,1,''),(126,'slug',0,1,' rueckhalt durch paten '),(126,'title',0,1,' rueckhalt durch paten '),(127,'field',1,1,''),(127,'field',3,1,''),(127,'field',2,1,' je nach projektstandort und wohnort der patenkinder koennen die schwerpunkte des programms variieren weil unsere lokalen teams in der ausgestaltung auf die oertlichen begebenheiten ruecksicht nehmen muessen '),(127,'slug',0,1,' klausel '),(127,'title',0,1,' klausel '),(128,'field',1,1,''),(128,'field',3,1,' ziel unseres patenkinderprogramms sind starke kinder und gesunde familien sie stehen auf eigenen beinen uebernehmen verantwortung und entwickeln ganzheitliche lebensperspektiven '),(128,'field',2,1,''),(128,'slug',0,1,' starke kinder '),(128,'title',0,1,' das ziel starke kinder und gesunde familien '),(129,'field',1,1,''),(129,'field',3,1,''),(129,'field',2,1,' die kinder wissen dass sie von gott geliebt sind sie kennen ihren wert und haben lebendige hoffnung die kinder haben ein positives selbstbild sind stolz auf ihre kulturellen wurzeln und lernen probleme zu meistern '),(129,'slug',0,1,' selbstbild '),(129,'title',0,1,' selbstbild '),(130,'field',1,1,''),(130,'field',3,1,''),(130,'field',2,1,' die angehoerigen der patenkinder werden ihrer verantwortung gerecht die familien stabilisieren sich und es entstehen vielseitige positive beziehungen die patenkinder koennen auf schulische unterstuetzung zurueckgreifen entwickeln ihre begabungen sowie kreativitaet und haben zugang zu ganzheitlichem lernen '),(130,'slug',0,1,' patenkinder verantwortung '),(130,'title',0,1,' patenkinder verantwortung '),(131,'field',1,1,''),(131,'field',3,1,''),(131,'field',2,1,' die patenkinder und ihre angehoerigen verstehen und uebernehmen oekologische und soziale verantwortung sie sind multiplikatoren nachhaltiger entwicklung und gehen verantwortungsbewusst mit der schoepfung um die patenkinder kennen ihre rechte unterstuetzen sich gegenseitig und haben einen ort an dem sie kind sein koennen '),(131,'slug',0,1,' rechte kennen '),(131,'title',0,1,' rechte kennen '),(132,'field',1,1,''),(132,'field',3,1,''),(132,'field',2,1,' eine kinderpatenschaft plus ist ab einer monatlichen spende von 35 euro oder mehr moeglich plus steht dafuer dass nicht nur das einzelne kind gefoerdert und begleitet wird sondern auch sein umfeld das umfasst angebote fuer die angehoerigen genauso wie entwicklungsprojekte im heimatdorf des patenkindes die mit einem kleinen betrag gefoerdert werden je nach hoehe der monatlichen patenspende fliessen durchschnittlich 8 % in die verwaltung des patenprogramms waehrend mind 90 % durch die angebote des patenkinderprogramms direkt fuer die ganzheitliche entwicklung des patenkindes zur verfuegung stehen und kinderrelevante projekte in seinem heimatdorf foerdern '),(132,'slug',0,1,' kinderpate werden '),(132,'title',0,1,' kinderpate werden '),(133,'field',1,1,''),(133,'field',3,1,''),(133,'field',2,1,''),(133,'slug',0,1,' ganzheitliche begleitung '),(133,'title',0,1,' ganzheitliche begleitung fuer gelingendes leben '),(134,'field',1,1,''),(134,'field',3,1,' jedes kind ist in seiner einmaligkeit ein von gott geliebtes geschoepf und verfuegt ueber kreativitaet begabungen und potential es bildet eine einheit aus koerper seele und geist und entwickelt sich in einem netzwerk zwischenmenschlicher sozialer und oekologischer beziehungen und abhaengigkeiten um kindern und jugendlichen ganzheitliche entwicklung zu ermoeglichen haben wir unser vielseitiges facettenreiches und interdisziplinaeres patenkinderprogramm entwickelt das auf ein selbstbestimmtes ausgeglichenes und verantwortungsbewusstes leben vorbereitet '),(134,'field',2,1,''),(134,'slug',0,1,' warum ganzheitlich '),(134,'title',0,1,' warum ganzheitliche patenschaften '),(135,'field',1,1,''),(135,'field',3,1,' umwelt und naturschutz chancen fuer die schoepfung '),(135,'field',2,1,' umwelt und naturschutz sind ein wichtiger bestandteil der arbeit von chance e v denn die natur ist schoepfung gottes und die lebensgrundlage aller menschen und geschoepfe noch nie war ihr fortbestand durch den menschen weltweit so bedroht wie heute '),(135,'slug',0,1,' umwelt und naturschutz '),(135,'title',0,1,' naturschutz '),(136,'field',1,1,''),(136,'field',3,1,' umweltverschmutzung ist todesursache nummer eins vor allem in laendern wie peru und kenia dabei sind gerade die armen auf eine intakte natur angewiesen um der armut zu entkommen und ihre selbstbestimmung zu staerken im globalen kampf um ressourcen werden sie immer haeufiger opfer oekologischer ungerechtigkeit obwohl gerade sie die natur traditionell schonend nutzen '),(136,'field',2,1,' die umwelt und naturschutzarbeit von chance e v beruht auf unserem christlichen weltbild wir foerdern oekologische gerechtigkeit umweltbildung die schaffung von naturschutzgebieten und armutsbekaempfung durch oekologisch nachhaltige entwicklung '),(136,'slug',0,1,' umweltverschmutzung '),(136,'title',0,1,' umweltverschmutzung '),(137,'field',1,1,''),(137,'field',3,1,' unser ganzheitliches umwelt und naturschutzkonzept sieht den menschen als teil der schoepfung der zum achtsamen und verantwortungsbewussten umgang mit der natur berufen ist die bewahrung der schoepfung ist kein entwicklungshemmnis stattdessen foerdert intelligenter umwelt und naturschutz die wirtschaftliche entwicklung menschenrechte und selbstbestimmung nachhaltig menschen sehen wir nicht als umweltproblem sondern als teil der loesung denn sie haben das potenzial die armut zu reduzieren und gleichzeitig die natur zu bewahren dieses potenzial foerdert chance e v '),(137,'field',2,1,''),(137,'slug',0,1,' bestandteile naturschutzprogramms '),(137,'title',0,1,' die bestandteile unseres umwelt und naturschutzprogramms '),(138,'field',1,1,''),(138,'field',3,1,''),(138,'field',2,1,''),(138,'slug',0,1,' aufklaerung bildung und dialog '),(138,'title',0,1,' aufklaerung bildung und dialog '),(139,'field',1,1,''),(139,'field',3,1,''),(139,'field',2,1,''),(139,'slug',0,1,' befaehigung '),(139,'title',0,1,' befaehigung '),(140,'field',1,1,''),(140,'field',3,1,''),(140,'field',2,1,' wir begleiten dorfgemeinschaften kleinbauern traditionelle anfuehrer und kommunale entscheidungstraeger und befaehigen sie ressourcen bewusst und verantwortlich zu nutzen hierfuer stellen wir ihnen das know how und die mittel zur verfuegung '),(140,'slug',0,1,' ressourcenmanagement '),(140,'title',0,1,' ressourcenmanagement '),(141,'field',1,1,''),(141,'field',3,1,''),(141,'field',2,1,''),(141,'slug',0,1,' menschenrechte '),(141,'title',0,1,' menschenrechte '),(142,'field',1,1,''),(142,'field',3,1,''),(142,'field',2,1,''),(142,'slug',0,1,' einrichtung und betreuung von naturschutzgebieten '),(142,'title',0,1,' einrichtung und betreuung von naturschutzgebieten '),(143,'field',1,1,''),(143,'field',3,1,''),(143,'field',2,1,''),(143,'slug',0,1,' gemeinschaftsbaumschulen und aufforstung '),(143,'title',0,1,' gemeinschaftsbaumschulen und aufforstung '),(144,'field',1,1,''),(144,'field',3,1,''),(144,'field',2,1,''),(144,'slug',0,1,' armutsbekaempfung durch oekologisch nachhaltige wirtschaftliche entwicklung '),(144,'title',0,1,' armutsbekaempfung durch oekologisch nachhaltige wirtschaftliche entwicklung '),(145,'field',1,1,''),(145,'field',3,1,''),(145,'field',2,1,''),(145,'slug',0,1,' allianzen und kooperationen '),(145,'title',0,1,' allianzen und kooperationen '),(146,'field',1,1,''),(146,'field',3,1,' ziel unseres umwelt und naturschutzprogramms ist es menschen und gemeinschaften zu befaehigen effektive akteure fuer den schutz der schoepfung zu sein '),(146,'field',2,1,''),(146,'slug',0,1,' bewahrung schoepfung '),(146,'title',0,1,' das ziel bewahrung der schoepfung und verbesserung der lebensqualitaet '),(147,'field',1,1,''),(147,'field',3,1,''),(147,'field',2,1,' die menschen kennen und verstehen den wert und die bedeutung der natur sie verfuegen ueber faehigkeiten und techniken die natur zu bewahren und schonend zu nutzen es gelingt ihnen ihre landrechte zu verteidigen und ihren lebensraum zu bewahren '),(147,'slug',0,1,' menschen kennen '),(147,'title',0,1,' menschen kennen '),(148,'field',1,1,''),(148,'field',3,1,''),(148,'field',2,1,' entscheidungstraeger haben das noetige bewusstsein um adaequate entscheidungen zu treffen die selbstbestimmung der gemeinschaften ist gestaerkt schutzgebiete und reservate werden eingerichtet '),(148,'slug',0,1,' entscheidungstraeger '),(148,'title',0,1,' entscheidungstraeger '),(149,'field',1,1,''),(149,'field',3,1,''),(149,'field',2,1,' aufforstung traegt zur wiederherstellung geschaedigter flaechen bei den dorfgemeinschaften gelingt es sich an den klimawandel anzupassen die menschen bewahren die schoepfung und reduzieren gleichzeitig die armut durch nachhaltige wirtschaftliche entwicklung '),(149,'slug',0,1,' aufforstung '),(149,'title',0,1,' aufforstung '),(150,'field',1,1,''),(150,'field',3,1,''),(150,'field',2,1,' mit nur fuenf euro im monat retten sie einen hektar regenwald in peru und werden so chance waldpate mit einer monatlichen waldpatenspende von 25 euro schuetzen sie 5 hektar regenwald mit 50 euro zehn hektar usw ab einer flaeche von einem hektar koennen sie frei festlegen wie gross die flaeche sein soll die sie als waldpate retten wollen ihre spenden fliessen zu 100 % in den schutz des 18 000 hektar grossen waldgebiets das uns von der peruanischen forstbehoerde anvertraut wurde um es vor der zerstoerung zu bewahren wir helfen damit den umliegenden kleinbauerndoerfern beim kampf gegen die armut stellen waldhueter ein und bauen kontrollposten das ist eine investition in die zukunft von zwei landkreisen deren wasserversorgung vom chance regenwald abhaengt '),(150,'slug',0,1,' waldpate werden '),(150,'title',0,1,' waldpate werden '),(151,'field',1,1,''),(151,'field',3,1,' 180 quadratkilometer leben und hoffnung mitten in einem meer aus zerstoerung das ist der regenwald von chance e v '),(151,'field',2,1,' rettung in letzter sekunde gemeinsam mit unserer partnerorganisation gelang es uns das letzte intakte waldgebiet im peren distrikt zu retten gerade noch rechtzeitig bevor brandrodung bodenspekulation und wilderei auch hier ihr zerstoererisches werk tun konnten nach zweijaehrigen verhandlungen uebertrug uns die peruanische forstbehoerde das ganze gebiet als naturschutzkonzession um es in ihrem namen zu schuetzen nachhaltige entwicklungskonzepte fuer bessere lebensqualitaet chance e v begleitet und bestaerkt die umliegenden kleinbauerndoerfer in ihren anstrengungen fuer eine bessere lebensqualitaet sie sind auf die ressourcen aus unserem wald angewiesen der sie z b reichlich mit wasser versorgt gemeinsam mit ihnen entwickeln wir nachhaltige entwicklungskonzepte vermitteln ihnen wichtige faehigkeiten und begleiten ihre kinder im rahmen des chance patenprogramms so bekommen sie die chance ihre lebenssituation eigenstaendig zu verbessern und der armut zu entkommen in enger partnerschaft kooperieren wir ausserdem mit den gemeinden kirchen und schulen der gegend um das umweltbewusstsein der menschen zu staerken die so akteure fuer den schutz ihres lebensraumes werden schutz und forschung kontrollposten und ein team lokaler waldhueter sorgen rund um die uhr dafuer dass der wald sicher und geschuetzt ist ein kleines camp mitten im chance regenwald dient universitaeten und wissenschaftlern die mit uns zusammenarbeiten als ausgangspunkt ihrer arbeit der regenwald von chance e v ist eine chance fuer mensch und schoepfung der chance regenwald ist letztes rueckzugsgebiet vieler vom aussterben bedrohter arten wie z b felsenhaehne orchideen kolibris jaguare zwerghirsche und tapire er ist ein gigantischer wasserspeicher fuer die umliegenden landkreise was im zuge des klimawandels immer wichtiger wird er sichert das ueberleben der angrenzenden kleinbauerndoerfer staerkt die rechte der landbevoelkerung und bekaempft so aktiv ungerechtigkeit und vetternwirtschaft der regenwald von chance e v ist eine chance fuer mensch und schoepfung wahrscheinlich ist der chance regenwald ausserdem das groesste von einer christlichen organisation betriebene naturschutzgebiet suedamerikas und darueber hinaus '),(151,'slug',0,1,' regenwald '),(152,'field',1,1,''),(151,'title',0,1,' der chance regenwald eine chance fuer mensch und schoepfung '),(152,'field',3,1,''),(152,'field',2,1,''),(152,'slug',0,1,' der chance regenwald in zahlen '),(152,'title',0,1,' der chance regenwald in zahlen '),(153,'field',1,1,''),(153,'field',3,1,''),(153,'field',2,1,' flaeche 18 000 hektar das ist mehr als die haelfte des bundeslandes bremen und viel mehr als die meisten deutschen nationalparks '),(153,'slug',0,1,' 1 11 '),(153,'title',0,1,' 1 11 '),(154,'field',1,1,''),(154,'field',3,1,''),(154,'field',2,1,' hoehe der chance regenwald liegt auf einer hoehe von 1500 bis 3000 meter ueber dem meeresspiegel zum vergleich die zugspitze ist als hoechster berg deutschlands nur 2962 meter hoch '),(154,'slug',0,1,' 2 11 '),(154,'title',0,1,' 2 11 '),(155,'field',1,1,''),(155,'field',3,1,''),(155,'field',2,1,' gruendung 2017 '),(155,'slug',0,1,' 3 11 '),(155,'title',0,1,' 3 11 '),(156,'field',1,1,''),(156,'field',3,1,''),(156,'field',2,1,' lorem ipsum dolor sit amet '),(156,'slug',0,1,' 4 11 '),(156,'title',0,1,' 4 11 '),(157,'field',1,1,''),(157,'field',3,1,''),(157,'field',2,1,' fuelltext '),(157,'slug',0,1,' 5 11 '),(157,'title',0,1,' 5 11 '),(158,'field',1,1,''),(158,'field',3,1,''),(158,'field',2,1,' fuelltext '),(158,'slug',0,1,' 6 11 '),(158,'title',0,1,' 6 11 '),(159,'field',1,1,''),(159,'field',3,1,''),(159,'field',2,1,' fuelltext '),(159,'slug',0,1,' 7 11 '),(159,'title',0,1,' 7 11 '),(160,'field',1,1,''),(160,'field',3,1,' chance e v verbindet die bekaempfung von armut und ungleichheit mit der bewahrung der schoepfung denn beides gehoert zu unserem konzept vom gelingenden leben '),(160,'field',2,1,''),(160,'slug',0,1,' gelingenden leben '),(160,'title',0,1,' konzept vom gelingenden leben '),(161,'field',1,1,''),(161,'field',3,1,' armut bedeutet nicht bloss wirtschaftlichen mangel sie ist vielmehr ein komplexes phaenomen oekonomischer sozialer kultureller oekologischer politischer und psychologischer faktoren das bedeutet dass armutsbekaempfung ganzheitlich sein muss um wirkliche veraenderung zu bewirken '),(161,'field',2,1,' wachsende armut durch verletzung der rechte und strukturen indigener gemeinschaften einseitige grossprojekte blinder fortschrittsglaube und selbst gut gemeinte hilfsaktionen verbessern das schicksal der armen haeufig kaum im namen des so genannten fortschritts werden die rechte und die sozialen strukturen indigener gemeinschaften und anderer bevoelkerungsgruppen haeufig sogar so schwer verletzt dass sie ihre selbstbestimmung verlieren und ihre natuerlichen lebensgrundlagen zerstoert werden wachsende armut ist die folge selbstbestimmte verbesserung der eigenen lebensqualitaet wirksame armutsbekaempfung beginnt deshalb mit den menschen selbst sie muessen ihren eigenen ganzheitlichen und nachhaltigen entwicklungsprozess eigenstaendig verantwortungsbewusst und auf positiven werten basierend partizipativ gestalten das ziel ist die selbstbestimmte verbesserung der eigenen lebensqualitaet durch sinnvolle hilfe zur selbsthilfe die foerderung effektiver selbstverwaltung persoenliches empowering und den schonenden umgang mit den natuerlichen ressourcen chance e v foerdert die verbesserung vorhandener erwerbsquellen die erschliessung alternativer wirtschaftszweige wie z b tourismus oder orchideenzucht sowie die erleichterung des marktzugangs durch strategische partnerschaften '),(161,'slug',0,1,' armutsbekaempfung '),(161,'title',0,1,' armutsbekaempfung '),(164,'field',3,1,' unter fuenf jahren sterben an den folgen extremer armut jeden tag '),(164,'field',1,1,''),(164,'field',2,1,''),(164,'slug',0,1,' 17 000 kinder '),(164,'title',0,1,' 17 000 kinder '),(165,'field',1,1,''),(165,'field',3,1,' insgesamt ueber 1 milliarde kinder weltweit '),(165,'field',2,1,''),(165,'slug',0,1,' jedes 2 kind muss in armut leben '),(165,'title',0,1,' jedes 2 kind muss in armut leben '),(166,'field',1,1,''),(166,'field',3,1,' leiden weltweit an hunger das bedeutet dass weltweit einer von neun menschen taeglich hungrig ins bett geht '),(166,'field',2,1,''),(166,'slug',0,1,' 795 mio menschen '),(166,'title',0,1,' 795 mio menschen '),(167,'field',1,1,''),(167,'field',3,1,' sdfsdfsd '),(167,'field',2,1,''),(167,'slug',0,1,' fuelltext '),(167,'title',0,1,' fuelltext '),(168,'field',1,1,''),(168,'field',3,1,' vielfaeltige interdisziplinaere und ganzheitliche bildungsangebote sind ein wichtiger bestandteil der arbeit von chance e v aus dem lebensumfeld der menschen heraus ermoeglichen wir kontextrelevantes lernen '),(168,'field',2,1,' es klaert ueber rechte auf vermittelt praktische berufliche faehigkeiten foerdert positive werte und staerkt sowohl den einzelnen als auch die gemeinschaft je nach bildungsangebot richten wir uns an kinder jugendliche frauen traditionelle anfuehrer entscheidungstraeger gemeindeleiter oder ganze dorfgemeinschaften so lernen die menschen ihre gemeinsamen interessen zu vertreten auf ihr kulturelles erbe stolz zu sein die armut zu bekaempfen und die schoepfung zu bewahren '),(168,'slug',0,1,' bildung '),(168,'title',0,1,' bildung '),(169,'field',1,1,''),(169,'field',3,1,' weltweit ca 1 74 billionen us dollar wuerden reichen um jedem kind weltweit eine schulbildung zu gewaehren '),(169,'field',2,1,''),(169,'slug',0,1,' weniger als '),(169,'title',0,1,' weniger als 1% der jaehrl waffenausgaben '),(170,'field',1,1,''),(170,'field',3,1,' wird auch heute noch das recht auf schulische ausbildung verwehrt '),(170,'field',2,1,''),(170,'slug',0,1,' 162 mio kindern '),(170,'title',0,1,' 162 mio kindern '),(171,'field',1,1,''),(171,'field',3,1,' gehen aufgrund von krankheiten verloren die mit mangelhafter wasserversorgung in zusammenhang stehen '),(171,'field',2,1,''),(171,'slug',0,1,' 5 mrd arbeitstage 440 mio schultage '),(171,'title',0,1,' 5 mrd arbeitstage 440 mio schultage '),(172,'field',1,1,''),(172,'field',3,1,' sdfsdfsdf '),(172,'field',2,1,''),(172,'slug',0,1,' fuelltext 1 '),(172,'title',0,1,' fuelltext '),(173,'field',1,1,''),(173,'field',3,1,' chance e v ist eine auf christlichen werten basierende organisation in unserem netzwerk verstehen wir mission als gemeinnuetzige partnerschaftliche zusammenarbeit gleichwuerdiger partner aus unterschiedlichen kulturen die bereit sind voneinander zu lernen und ihren glauben miteinander zu teilen ohne dem anderen etwas aufzuzwingen '),(173,'field',2,1,' durch konkrete und fuer die menschen relevante projekte wollen wir der liebe gottes ganz praktisch ausdruck verleihen dabei respektieren wir die menschen und gemeinschaften mit denen wir arbeiten in ihrer vielfalt und einmaligkeit wir begegnen ihnen auf augenhoehe mit achtung und einer am vorbild christi orientierten wertschaetzenden annehmenden und authentischen naechstenliebe ohne eigeninteresse '),(173,'slug',0,1,' engagement '),(173,'title',0,1,' christliches engagement '),(174,'field',1,1,''),(174,'field',3,1,' um die extreme globale armut zu beenden ca 60 millionen dollar '),(174,'field',2,1,''),(174,'slug',0,1,' weniger als 25 des verdienstes der reichsten reicht '),(174,'title',0,1,' weniger als 25% des verdienstes der reichsten reicht '),(175,'field',1,1,''),(175,'field',3,1,' die 42 reichsten erdenbuerger kontrollieren mehr geld und ressourcen als die haelfte der menschheit ca 4 mrd menschen zusammengenommen '),(175,'field',2,1,''),(175,'slug',0,1,' 1 besitzt mehr als die restlichen 99 '),(175,'title',0,1,' 1% besitzt mehr als die restlichen 99% '),(176,'field',1,1,''),(176,'field',3,1,' 1 02 milliarden menschen leben immer noch in extremer armut '),(176,'field',2,1,''),(176,'slug',0,1,' 1 25 pro tag '),(176,'title',0,1,' 1 25 $ pro tag '),(177,'field',1,1,''),(177,'field',3,1,' fuellanleser '),(177,'field',2,1,''),(177,'slug',0,1,' fuelltext 2 '),(177,'title',0,1,' fuelltext '),(178,'field',1,1,''),(178,'field',3,1,' menschen begleiten zuruesten und befaehigen so verstehen wir den sozialen charakter der arbeit von chance e v denn in den armen und not leidenden begegnen wir christus der uns zu authentischer naechstenliebe und empathie beruft sie sind fuer uns nicht klienten oder kunden sondern zu allererst geschwister und eigenstaendige partner '),(178,'field',2,1,' wir staerken die identitaet und selbstachtung der menschen durch vielfaeltige seminare bildungsangebote kompetente sozialarbeit und beratung sie beginnen sich selbst und andere in neuem licht zu sehen entdecken ihr potential und richten ihr leben neu aus durch die foerderung des sozialen zusammenhalts und der gegenseitigen solidaritaet staerken wir die selbstbestimmung der menschen und ermutigen sie ausgrenzung und benachteiligung zu ueberwinden damit neue perspektiven entstehen koennen '),(178,'slug',0,1,' soziales '),(178,'title',0,1,' soziales '),(179,'field',1,1,''),(179,'field',3,1,' wird in deutschland jedes jahr weggeworfen gemessen an der deutschen bevoelkerung etwa 20 milliarden '),(179,'field',2,1,''),(179,'slug',0,1,' essen im wert von 235 pro person '),(179,'title',0,1,' essen im wert von 235 pro person '),(180,'field',1,1,''),(180,'field',3,1,' benoetigt eine landflaeche welche viehfutter produziert als ackerland auf dem z b hirse erbsen linsen oder gerste angebaut wuerden '),(180,'field',2,1,''),(180,'slug',0,1,' 10mal mehr land und ressourcen '),(180,'title',0,1,' 10mal mehr land und ressourcen '),(181,'field',1,1,''),(181,'field',3,1,' gehen jedes jahr in den abfall ein drittel der hergestellten nahrung geht verloren waehrend 795 mio menschen an hunger leiden '),(181,'field',2,1,''),(181,'slug',0,1,' 1 3 mrd tonnen lebensmittel '),(181,'title',0,1,' 1 3 mrd tonnen lebensmittel '),(182,'field',1,1,''),(182,'field',3,1,' fuellanleser '),(182,'field',2,1,''),(182,'slug',0,1,' fuelltext 3 '),(182,'title',0,1,' fuelltext '),(183,'field',1,1,''),(183,'field',3,1,' in unserem netzwerk verstehen wir die natur als schoepfung und eigentum gottes als solche besitzt sie ein eigenes recht auf leben und ihr wert geht ueber den nutzen den sie fuer den menschen hat hinaus '),(183,'field',2,1,' sie beruht und entwickelt sich auf grundlage naturwissenschaftlicher prinzipien der mensch ist nicht herrscher ueber die natur sondern bewahrer und integraler bestandteil der schoepfung seinen lebensraum erde teilt der mensch sich mit seinen mitgeschoepfen denen er mit achtung begegnen soll gott ist der schoepfung in liebe zugewandt deshalb betritt er in christus den das neue testament als erloeser und versoehner der ganzen schoepfung darstellt selbst die welt die schoenheit und vielfalt der natuerlichen schoepfung verweist auf gott der sie bewahrt und erhaelt umwelt und naturschutz sind also nicht bloss aus eigennuetzigen motiven notwendig sie stellen einen wichtigen teil unserer christlichen ethik unserer berufung und unseres gottesdienstes dar chance e v ermutigt menschen die natur zu schaetzen wir befaehigen sie die schoepfung verantwortungsbewusst zu behandeln nachhaltig zu nutzen und fuer kuenftige generationen zu bewahren ohne umweltschutz sind nachhaltige entwicklung und armutsbekaempfung unmoeglich denn der schutz der natur foerdert die lebensqualitaet der menschen er ist fuer das ueberleben der armen unerlaesslich geht hand in hand mit christlichen werten und foerdert letzten endes eine geistliche lebensanschauung in einer welt wo jedes sechste menschenleben durch umweltprobleme verkuerzt wird und umweltzerstoerung weltweit vor allem aber unter den aermsten todesursache nummer 1 ist ist die foerderung oekologischer gerechtigkeit wichtiger bestandteil von ganzheitlicher entwicklungszusammenarbeit und christlichem einsatz fuer die armen chance e v foerdert umweltbildung durch die staerkung oekologischer land forst und viehwirtschaft befaehigen wir die menschen armut zu bekaempfen und ressourcen nachhaltig zu nutzen aufforstung der schutz von waeldern savannen und gewaessern sowie die einrichtung von naturschutzgebieten bewahrt die natuerliche lebensgrundlage der menschen '),(183,'slug',0,1,' umwelt und naturschutz 1 '),(183,'title',0,1,' umwelt und naturschutz '),(184,'field',1,1,''),(184,'field',3,1,' sterben aufgrund von luftverschmutzung aus dem verbrauch von brennstoffen pro jahr '),(184,'field',2,1,''),(184,'slug',0,1,' 7 mio menschen '),(184,'title',0,1,' 7 mio menschen '),(185,'field',1,1,''),(185,'field',3,1,' in 2011 das sind 10% mehr als in 2009 '),(185,'field',2,1,''),(185,'slug',0,1,' jede 3 tierart gilt als gefaehrdet '),(185,'title',0,1,' jede 3 tierart gilt als gefaehrdet '),(186,'field',1,1,''),(186,'field',3,1,' flaeche wertvoller waelder verschwinden weltweit das sind 13 millionen hektar pro jahr '),(186,'field',2,1,''),(186,'slug',0,1,' 35 fussballfelder pro minute '),(186,'title',0,1,' 35 fussballfelder pro minute '),(187,'field',1,1,''),(187,'field',3,1,' fuellanleser '),(187,'field',2,1,''),(187,'slug',0,1,' fuelltext 4 '),(187,'title',0,1,' fuelltext '),(198,'title',0,1,' carlos abel '),(198,'slug',0,1,' carlos abel '),(198,'field',2,1,' ich haette niemals auch nur davon getraeumt einmal eine feste arbeitsstelle und ein geregeltes auskommen zu haben oder anderen menschen durch meine faehigkeiten hilfreich sein zu koennen zwei dinge haben mein leben grundlegend veraendert die erkenntnis dass gott michliebt und die begegnung mit chance e v die mir half mein potential zu entdecken weiterlesen '),(198,'field',3,1,' indianeranfuehrer und chance mitarbeiter '),(198,'field',1,1,''),(197,'title',0,1,' medalid '),(199,'field',3,1,' yanesha indianerin und engagierte dorfaelteste '),(199,'field',1,1,''),(197,'slug',0,1,' medalid '),(197,'field',2,1,' durch chance e v entdeckte ich meinen wert als frau und als indianerin ich hoerte auf mich fuer meine wurzeln zu schaemen und erlernte faehigkeiten die mir jetzt helfen auf eigenen beinen zu stehen meinen toechtern kann ich ein besseres zuhause bieten und im dorf mehr verantwortung uebernehmen ich wuensche mir dass chance e v noch vielen anderen so helfen kann wie mir weiterlesen '),(197,'field',1,1,''),(197,'field',3,1,' allein erziehende mutter und kunsthandwerkerin aus peru '),(196,'title',0,1,' erfahren sie mehr ueber die menschen hinter den projekten '),(196,'field',2,1,''),(196,'slug',0,1,' erfahren sie mehr '),(196,'field',3,1,' unsere projekte geben chancen und veraendern das leben von menschen persoenlich und unmittelbar diesen menschen geben wir eine stimme lernen sie einige von ihnen kennen und erfahren sie mehr darueber wie unsere projekte ihre lebensqualitaet tiefgreifend verbessern '),(196,'field',1,1,''),(199,'field',2,1,' schon immer habe ich dafuer gebetet dass es mir gelingen wuerde meinen kindern eine wuerdevolle zukunft zu ermoeglichen aber bei so viel not und armut ist es manchmal schwer nicht den mut zu verlieren die zusammenarbeit mit chance e v bedeutet fuer mich dass meine gebete erhoert worden sind denn jetzt haben alle familien in meinem dorf die moeglichkeit ihre lebensumstaende zu veraendern natuerlich dauert das lange aber ich sehe wie unsere ganze dorfgemeinschaft immer staerker wird weiterlesen '),(199,'slug',0,1,' rebeca '),(199,'title',0,1,' rebeca '),(200,'field',1,1,''),(200,'field',3,1,' dorfoberhaeupter und familienvaeter '),(200,'field',2,1,' die verantwortung fuer eine ganze dorfgemeinschaft zu tragen ist wirklich nicht leicht oft fuehlst du dich allein und bei so viel ungerechtigkeit und not kommen dir manchmal sogar die traenen doch in chance e v haben wir einen starken verbuendeten andere organisationen kommen und schenken uns projekte die wir gar nicht dauerhaft aufrechterhalten koennen dann ziehen sie weiter und lassen uns mit noch mehr problemen zurueck chance e v ist anders das team nimmt sich die zeit fuer tiefen dialog und wahrhaftige begegnung manchmal auch fuer lange diskussionen am ende vermitteln sie uns aber die faehigkeiten unsere angelegenheit in die eigene hand nehmen zu koennen weiterlesen '),(200,'slug',0,1,' roland und roberto '),(200,'title',0,1,' roland und roberto '),(201,'field',1,1,''),(201,'field',3,1,' witwe und mutter mehrerer patenkinder '),(201,'field',2,1,' der todeskampf meines mannes war lang und qualvoll er starb weil wir zu arm waren uns medikamente leisten zu koennen wie sollte ich meine kinder ganz allein ernaehren und sie zur schule schicken koennen durch die hilfe des patenkinderprogramms von chance e v gelang es mir die hoffnung nicht ganz zu verlieren und mein schicksal schritt fuer schritt in die eigene hand zu nehmen weiterlesen '),(201,'slug',0,1,' emilia '),(201,'title',0,1,' emilia '),(202,'field',1,1,''),(202,'field',3,1,' dorfchef gemeindeaeltester und allein erziehender vater '),(202,'field',2,1,' meine frau liess mich und die kinder schon vor jahren im stich dann wurde auch die situation in unserem dorf immer schlimmer unser dorfchef war korrupt und hatte schon einen teil des dorflandes an ein unternehmen verschachert wir mussten ihn absetzen als die dorfbewohner mich baten ihr anfuehrer zu werden habe ich mir das nur zugetraut weil ich darauf vertraute dass chance e v mich bei dieser schwierigen aufgabe begleiten wuerde weiterlesen '),(202,'slug',0,1,' pancho '),(202,'title',0,1,' pancho '),(203,'field',1,1,''),(203,'field',3,1,' tageloehner slumbewohner und eltern von fuenf patenkindern '),(203,'field',2,1,' wir haben fuenf wunderbare kinder und leben in einem armenviertel von villa rica vilma ist fast taub und leicht geistig behindert trotzdem haben wir ein harmonisches familienleben denn wir halten zusammen auch wenn wir kaum genug fuer unsere grundbeduerfnisse haben sind wir dankbar dankbar vor allem weil chance e v uns hilft unseren kindern ein besseres leben zu ermoeglichen weiterlesen '),(203,'slug',0,1,' don jesus und vilma '),(203,'title',0,1,' don jesus und vilma '),(204,'field',1,1,''),(204,'field',3,1,' der erste projektteilnehmer als chance e v 2003 seine arbeit begann '),(204,'field',2,1,' ich habe erfahren dass gott mir auch dann noch hilft wenn ich nicht mehr weiter weiss mit einem zinsfreien kleinkredit half chance e v mir meinen eigenen markstand aufzubauen und als halbwaise ueber die runden zu kommen dabei habe ich gelernt verantwortung zu uebernehmen und ein echter kleiner geschaeftsmann zu werden weiterlesen '),(204,'slug',0,1,' gino '),(204,'title',0,1,' gino '),(205,'field',1,1,''),(205,'field',3,1,' landlose alleinstehende mutter und maasai frau '),(205,'field',2,1,' mit 15 bekam ich mein erstes kind ohne verheiratet zu sein das war eine schande und ich bin bis heute auf mich allein gestellt ohne mann kann ich als maasai frau kein eigenes land besitzen deshalb muessen meine mutter meine juengeren geschwister meine kinder und ich uns allein durchschlagen weiterlesen '),(205,'slug',0,1,' gladys '),(205,'title',0,1,' gladys '),(206,'field',1,1,''),(206,'field',3,1,' tageloehner slumbewohner und eltern von fuenf chance patenjunge der frueher gehbehindert war '),(206,'field',2,1,' von geburt an konnte ich nicht richtig laufen weil meine fuesse nach innen gedreht waren meine eltern schaemten sich manchmal fuer mich und liessen mich dann einfach zu hause mit der hilfe meiner deutschen paten konnte ich dann doch zur schule gehen dadurch verstanden auch meine eltern dass sie sich nicht fuer mich schaemen mussten weiterlesen '),(206,'slug',0,1,' lekishon '),(206,'title',0,1,' lekishon '),(207,'field',1,1,''),(207,'field',3,1,' die allerersten patenkinder von chance e v '),(207,'field',2,1,' als wir gerade teenager waren wurde unsere mutter im regenwald ermordet zeitgleich sass unser vater wegen drogendelikten im gefaengnis in dem slum in dem wir aufgewachsen waren haetten wir auf uns allein gestellt kaum ueberleben koennen die schule haetten wir wahrscheinlich abgebrochen laly und magaly waeren vielleicht in der prostitution gelandet und ciro kriminell geworden all das blieb uns dank chance e v erspart weiterlesen '),(207,'slug',0,1,' laly magaly und ciro '),(207,'title',0,1,' laly magaly und ciro '),(208,'field',1,1,''),(208,'field',3,1,' allein erziehende mutter und kunsthandwerkerin aus peru '),(208,'field',2,1,' durch chance e v entdeckte ich meinen wert als frau und als indianerin ich hoerte auf mich fuer meine wurzeln zu schaemen und erlernte faehigkeiten die mir jetzt helfen auf eigenen beinen zu stehen meinen toechtern kann ich ein besseres zuhause bieten und im dorf mehr verantwortung uebernehmen ich wuensche mir dass chance e v noch vielen anderen so helfen kann wie mir '),(208,'slug',0,1,' medalid lang '),(208,'title',0,1,' medalid '),(78,'field',4,1,''),(78,'field',5,1,''),(79,'field',4,1,''),(79,'field',5,1,''),(80,'field',4,1,''),(80,'field',5,1,''),(81,'field',4,1,''),(81,'field',5,1,''),(82,'field',4,1,''),(82,'field',5,1,''),(83,'field',4,1,''),(83,'field',5,1,''),(84,'field',4,1,''),(84,'field',5,1,''),(85,'field',4,1,''),(85,'field',5,1,''),(86,'field',4,1,''),(86,'field',5,1,''),(87,'field',4,1,''),(87,'field',5,1,''),(88,'field',4,1,''),(88,'field',5,1,''),(89,'field',4,1,''),(89,'field',5,1,''),(90,'field',4,1,''),(90,'field',5,1,''),(91,'field',4,1,''),(91,'field',5,1,''),(92,'field',4,1,''),(92,'field',5,1,''),(93,'field',4,1,''),(93,'field',5,1,''),(94,'field',4,1,''),(94,'field',5,1,''),(95,'field',4,1,''),(95,'field',5,1,''),(96,'field',4,1,''),(96,'field',5,1,''),(97,'field',4,1,''),(97,'field',5,1,''),(98,'field',4,1,''),(98,'field',5,1,''),(99,'field',4,1,''),(99,'field',5,1,''),(100,'field',4,1,''),(100,'field',5,1,''),(101,'field',4,1,''),(101,'field',5,1,''),(102,'field',4,1,''),(102,'field',5,1,''),(103,'field',4,1,''),(103,'field',5,1,''),(104,'field',4,1,''),(104,'field',5,1,''),(105,'field',4,1,''),(105,'field',5,1,''),(106,'field',4,1,''),(106,'field',5,1,''),(107,'field',4,1,''),(107,'field',5,1,''),(108,'field',4,1,''),(108,'field',5,1,''),(109,'field',4,1,''),(109,'field',5,1,''),(110,'field',4,1,''),(110,'field',5,1,''),(111,'field',4,1,''),(111,'field',5,1,''),(112,'field',4,1,''),(112,'field',5,1,''),(113,'field',4,1,''),(113,'field',5,1,''),(114,'field',4,1,''),(114,'field',5,1,''),(115,'field',4,1,''),(115,'field',5,1,''),(116,'field',4,1,''),(116,'field',5,1,''),(117,'field',4,1,''),(117,'field',5,1,''),(118,'field',4,1,''),(118,'field',5,1,''),(119,'field',4,1,''),(119,'field',5,1,''),(120,'field',4,1,''),(120,'field',5,1,''),(121,'field',4,1,''),(121,'field',5,1,''),(122,'field',4,1,''),(122,'field',5,1,''),(123,'field',4,1,''),(123,'field',5,1,''),(124,'field',4,1,''),(124,'field',5,1,''),(125,'field',4,1,''),(125,'field',5,1,''),(126,'field',4,1,''),(126,'field',5,1,''),(127,'field',4,1,''),(127,'field',5,1,''),(128,'field',4,1,''),(128,'field',5,1,''),(129,'field',4,1,''),(129,'field',5,1,''),(130,'field',4,1,''),(130,'field',5,1,''),(131,'field',4,1,''),(131,'field',5,1,''),(132,'field',4,1,''),(132,'field',5,1,''),(133,'field',4,1,''),(133,'field',5,1,''),(134,'field',4,1,''),(134,'field',5,1,''),(135,'field',4,1,''),(135,'field',5,1,''),(136,'field',4,1,''),(136,'field',5,1,''),(137,'field',4,1,''),(137,'field',5,1,''),(138,'field',4,1,''),(138,'field',5,1,''),(139,'field',4,1,''),(139,'field',5,1,''),(140,'field',4,1,''),(140,'field',5,1,''),(141,'field',4,1,''),(141,'field',5,1,''),(142,'field',4,1,''),(142,'field',5,1,''),(143,'field',4,1,''),(143,'field',5,1,''),(144,'field',4,1,''),(144,'field',5,1,''),(145,'field',4,1,''),(145,'field',5,1,''),(146,'field',4,1,''),(146,'field',5,1,''),(147,'field',4,1,''),(147,'field',5,1,''),(148,'field',4,1,''),(148,'field',5,1,''),(149,'field',4,1,''),(149,'field',5,1,''),(150,'field',4,1,''),(150,'field',5,1,''),(151,'field',4,1,''),(151,'field',5,1,''),(152,'field',4,1,''),(152,'field',5,1,''),(153,'field',4,1,''),(153,'field',5,1,''),(154,'field',4,1,''),(154,'field',5,1,''),(155,'field',4,1,''),(155,'field',5,1,''),(156,'field',4,1,''),(156,'field',5,1,''),(157,'field',4,1,''),(157,'field',5,1,''),(158,'field',4,1,''),(158,'field',5,1,''),(159,'field',4,1,''),(159,'field',5,1,''),(160,'field',4,1,''),(160,'field',5,1,''),(161,'field',4,1,''),(161,'field',5,1,''),(164,'field',4,1,''),(164,'field',5,1,''),(165,'field',4,1,''),(165,'field',5,1,''),(166,'field',4,1,''),(166,'field',5,1,''),(167,'field',4,1,''),(167,'field',5,1,''),(168,'field',4,1,''),(168,'field',5,1,''),(169,'field',4,1,''),(169,'field',5,1,''),(170,'field',4,1,''),(170,'field',5,1,''),(171,'field',4,1,''),(171,'field',5,1,''),(172,'field',4,1,''),(172,'field',5,1,''),(173,'field',4,1,''),(173,'field',5,1,''),(174,'field',4,1,''),(174,'field',5,1,''),(175,'field',4,1,''),(175,'field',5,1,''),(176,'field',4,1,''),(176,'field',5,1,''),(177,'field',4,1,''),(177,'field',5,1,''),(178,'field',4,1,''),(178,'field',5,1,''),(179,'field',4,1,''),(179,'field',5,1,''),(180,'field',4,1,''),(180,'field',5,1,''),(181,'field',4,1,''),(181,'field',5,1,''),(182,'field',4,1,''),(182,'field',5,1,''),(183,'field',4,1,''),(183,'field',5,1,''),(184,'field',4,1,''),(184,'field',5,1,''),(185,'field',4,1,''),(185,'field',5,1,''),(186,'field',4,1,''),(186,'field',5,1,''),(187,'field',4,1,''),(187,'field',5,1,''),(196,'field',4,1,''),(196,'field',5,1,''),(197,'field',4,1,''),(197,'field',5,1,''),(198,'field',4,1,''),(198,'field',5,1,''),(199,'field',4,1,''),(199,'field',5,1,''),(200,'field',4,1,''),(200,'field',5,1,''),(201,'field',4,1,''),(201,'field',5,1,''),(202,'field',4,1,''),(202,'field',5,1,''),(203,'field',4,1,''),(203,'field',5,1,''),(204,'field',4,1,''),(204,'field',5,1,''),(205,'field',4,1,''),(205,'field',5,1,''),(206,'field',4,1,''),(206,'field',5,1,''),(207,'field',4,1,''),(207,'field',5,1,''),(208,'field',4,1,''),(208,'field',5,1,' schon immer mochte ich das traditionelle kunsthandwerk meines volkes doch fehlte es mir an ausbildung und werkzeugen die ich mir einfach nicht leisten konnte ich fand also noch ein paar andere dorfbewohner mit denselben interessen und gemeinsam wandten wir uns an das chance team das begonnen hatte die anfuehrer unseres dorfes fuer effektivere selbstverwaltung auszubilden manche frauen in unserer gruppe sprachen kaum spanisch und waren vollkommen verschuechtert mit chance e v lernten wir zunaechst wie wertvoll und geliebt wir sind als es uns dann mit der anleitung des chance teams gelang unsere eigene kleine kunsthandwerkerkooperative einzutragen wurden vor allem wir frauen immer selbstsicherer in den folgenden monaten unterstuetzte chance e v uns mit fortbildungen und exkursionen als unsere produkte immer besser und unser einsatz immer sicherer wurde finanzierte chance e v schliesslich werkzeuge die wir als gruppe gemeinsam nutzten durch die vermittlung von chance e v wurden wir bald auf messen und volksfeste eingeladen sogar an der nationalen kunsthandwerksmesse in lima konnten wir teilnehmen heute kann ich meinen schmuck sogar bis nach deutschland verkaufen und meinen kindern so eine bessere lebensqualitaet bieten 90 prozent der von mir verwendeten materialien finde ich in unseren regenwaeldern baumsamen pflanzenfasern natuerliche farbstoffe und bienenwachs meine arbeit staerkt unsere kulturelle identitaet als yanesha indianer und hilft unsere waelder und unser erbe zu bewahren das gebe ich auch an meine toechter weiter mein leben hat sich grundlegend veraendert auch wenn medalid heute auf eigenen beinen steht kommt sie immer wieder im chance projektzentrum vorbei dann berichtet sie von ihren erfolgen und herausforderungen und moechte manchmal kurz fuer unser team beten einmal kam sie nach einer erfolgreichen messe und ueberreichte unserer partnerorganisation eine kleine spende mit den worten so wie ihr mir geholfen habt die zu werden die ich jetzt bin sollt ihr auch anderen helfen koennen '),(209,'field',1,1,''),(209,'field',3,1,''),(209,'field',2,1,''),(209,'field',4,1,' aktuelle nachrichten aus unseren projekten in peru und kenia jeden tag geben wir zahllosen menschen die chance ihr leben selbstbestimmt zu verbessern ihre rechte zu verteidigen die armut zu bekaempfen und die schoepfung zu bewahren erfahren sie anhand vieler unterschiedlicher beispiele wie wirksam unsere arbeit ist und wie sehr der einsatz fuer nachhaltige entwicklung begeistern kann '),(209,'field',5,1,''),(209,'slug',0,1,' geschichten '),(209,'title',0,1,' geschichten die begeistern '),(210,'field',1,1,''),(210,'field',3,1,' in peru schaffen wir den wald der kinder fuer die moeglichkeit sich ganzheitlich und gesund zu entwickeln erfahren sie mehr ueber den kinderwald '),(210,'field',2,1,''),(210,'field',4,1,''),(210,'field',5,1,''),(210,'slug',0,1,' der chance kinderwald '),(210,'title',0,1,' der chance kinderwald '),(211,'field',1,1,''),(211,'field',3,1,' mit seminaren fuer die vertreter von indianerdoerfern machen wir dorfbewohner und dorfgemeinschaften stark lesen sie die erfahrungen der teilnehmer '),(211,'field',2,1,''),(211,'field',4,1,''),(211,'field',5,1,''),(211,'slug',0,1,' schulungen fuer starke doerfer '),(211,'title',0,1,' schulungen fuer starke doerfer '),(212,'field',1,1,''),(212,'field',3,1,' viele kleine schritte und langer atem auf dem weg zum ziel chance e v erfahren sie mehr ueber unseren kampf gegen die armut '),(212,'field',2,1,''),(212,'field',4,1,''),(212,'field',5,1,''),(212,'slug',0,1,' der kampf gegen die armut '),(212,'title',0,1,' der kampf gegen die armut '),(213,'field',1,1,''),(213,'field',3,1,' kuerzlich fand unsere erste freizeit fuer notleidende kinder aus amazonien statt erfahren sie mehr '),(213,'field',2,1,''),(213,'field',4,1,''),(213,'field',5,1,''),(213,'slug',0,1,' eine ganz besondere erfahrung '),(213,'title',0,1,' eine ganz besondere erfahrung '),(214,'field',1,1,''),(214,'field',3,1,' fuer yordi und robert haben wir unser patenschaftsprogramm weiterentwickelt wie kinderpatenschaften ganze doerfer veraendern '),(214,'field',2,1,''),(214,'field',4,1,''),(214,'field',5,1,''),(214,'slug',0,1,' starke kinder starke doerfer '),(214,'title',0,1,' starke kinder starke doerfer '),(215,'field',1,1,''),(215,'field',3,1,' nach generationen der ausbeutung und schwerer schicksalsschlaege kommt bewegung in das volk der yanesha gemeinschaften koennen sich veraendern '),(215,'field',2,1,''),(215,'field',4,1,''),(215,'field',5,1,''),(215,'slug',0,1,' wunder in yunculmas '),(215,'title',0,1,' wunder in yunculmas '),(216,'field',1,1,''),(216,'field',3,1,' in peru schaffen wir den wald der kinder fuer die moeglichkeit sich ganzheitlich und gesund zu entwickeln erfahren sie mehr ueber den kinderwald '),(216,'field',2,1,''),(216,'field',4,1,''),(216,'field',5,1,''),(216,'slug',0,1,' der chance kinderwald 1 '),(216,'title',0,1,' der chance kinderwald '),(217,'field',1,1,''),(217,'field',3,1,' mit seminaren fuer die vertreter von indianerdoerfern machen wir dorfbewohner und dorfgemeinschaften stark lesen sie die erfahrungen der teilnehmer '),(217,'field',2,1,''),(217,'field',4,1,''),(217,'field',5,1,''),(217,'slug',0,1,' schulungen fuer starke doerfer 1 '),(217,'title',0,1,' schulungen fuer starke doerfer '),(218,'field',1,1,''),(218,'field',3,1,' viele kleine schritte und langer atem auf dem weg zum ziel chance e v erfahren sie mehr ueber unseren kampf gegen die armut '),(218,'field',2,1,''),(218,'field',4,1,''),(218,'field',5,1,''),(218,'slug',0,1,' der kampf gegen die armut 1 '),(218,'title',0,1,' der kampf gegen die armut '),(219,'field',1,1,''),(219,'field',3,1,' kuerzlich fand unsere erste freizeit fuer notleidende kinder aus amazonien statt erfahren sie mehr '),(219,'field',2,1,''),(219,'field',4,1,''),(219,'field',5,1,''),(219,'slug',0,1,' eine ganz besondere erfahrung 1 '),(219,'title',0,1,' eine ganz besondere erfahrung '),(220,'field',1,1,''),(220,'field',3,1,' fuer yordi und robert haben wir unser patenschaftsprogramm weiterentwickelt wie kinderpatenschaften ganze doerfer veraendern '),(220,'field',2,1,''),(220,'field',4,1,''),(220,'field',5,1,''),(220,'slug',0,1,' starke kinder starke doerfer 1 '),(220,'title',0,1,' starke kinder starke doerfer '),(221,'field',1,1,''),(221,'field',3,1,' nach generationen der ausbeutung und schwerer schicksalsschlaege kommt bewegung in das volk der yanesha gemeinschaften koennen sich veraendern '),(221,'field',2,1,''),(221,'field',4,1,''),(221,'field',5,1,''),(221,'slug',0,1,' wunder in yunculmas 1 '),(221,'title',0,1,' wunder in yunculmas '),(223,'field',3,1,' egal ob kirche schule oder jugendgruppe laden sie uns ein um mehr ueber unsere arbeit die menschen vor ort und das schicksal der armen zu erfahren '),(223,'field',1,1,''),(223,'field',2,1,' werden sie aktiv '),(223,'field',4,1,' mitmachen und die welt veraendern als teil des internationalen teams von chance e v koennen sie mensch und schoepfung eine chance geben kreativ individuell und wirksam '),(223,'field',5,1,''),(223,'slug',0,1,' chance kommt '),(223,'title',0,1,' chance e v kommt zu ihnen '),(224,'field',3,1,' werde teil unseres teams in peru oder kenia und setze dich ein fuer mensch und schoepfung mach mit '),(224,'field',1,1,''),(224,'field',2,1,''),(224,'field',4,1,''),(224,'field',5,1,''),(224,'slug',0,1,' freiwilligendienst '),(224,'title',0,1,' freiwilligendienst '),(225,'field',3,1,' besuchen sie unsere partner vor ort und erleben sie begegnung mit kulturen menschen projekten und der natur kommen sie uns besuchen '),(225,'field',1,1,''),(225,'field',2,1,''),(225,'field',4,1,''),(225,'field',5,1,''),(225,'slug',0,1,' projektbesuch '),(225,'title',0,1,' projektbesuch '),(226,'field',3,1,' im alltag und zu hause koennen sie viel tun um mensch und schoepfung eine chance zu geben erfahren sie was sie daheim tun koennen '),(226,'field',1,1,''),(226,'field',2,1,''),(226,'field',4,1,''),(226,'field',5,1,''),(226,'slug',0,1,' fuer sie daheim '),(226,'title',0,1,' fuer sie daheim '),(227,'field',3,1,' lesen sie pressebeitraege und veroeffentlichungen ueber die arbeit von chance e v zur uebersicht '),(227,'field',1,1,''),(227,'field',2,1,''),(227,'field',4,1,''),(227,'field',5,1,''),(227,'slug',0,1,' presse und downloads '),(227,'title',0,1,' presse und downloads '),(228,'field',3,1,' interessante literaturtipps zu den themen nachhaltigkeit ganzheitliche mission bewahrung der schoepfung peru kenia usw zu den literaturtipps '),(228,'field',1,1,''),(228,'field',2,1,''),(228,'field',4,1,''),(228,'field',5,1,''),(228,'slug',0,1,' literaturtipps '),(228,'title',0,1,' literaturtipps '),(229,'field',3,1,' unsere programme befinden sich in einem dauerhaften prozess lesen sie berichte von personen aus den projekten vor ort erhalten sie projekteinblicke '),(229,'field',1,1,''),(229,'field',2,1,''),(229,'field',4,1,''),(229,'field',5,1,''),(229,'slug',0,1,' zitate '),(229,'title',0,1,' zitate '),(232,'field',3,1,' lassen sie sich ungefaehr einmal monatlich durch unseren konstenfreien freundesbrief chance aktuell informieren '),(232,'field',1,1,''),(232,'field',2,1,' sie moechten den freundesbrief gerne als brief erhalten melden sie sich hier an und freuen sie sich auf unsere post '),(232,'field',4,1,''),(232,'field',5,1,''),(232,'slug',0,1,' freundesbrief '),(232,'title',0,1,' freundesbrief abonnieren '),(233,'field',3,1,' erzaehlen sie anderen von chance e v laden sie uns zu einem gottesdienst einem unterrichtsbesuch oder einer infoveranstaltung in ihre kirche gemeinde oder schule ein organisieren sie eine partnerschaft zwischen chance e v und ihrer kirche gemeinde oder schule bestellen sie infomaterial newsletter oder rundmails posten sie uns in ihren sozialen netzwerken '),(233,'field',1,1,''),(233,'field',2,1,''),(233,'field',4,1,''),(233,'field',5,1,''),(233,'slug',0,1,' als multiplikator chancen geben '),(233,'title',0,1,' als multiplikator chancen geben '),(234,'field',3,1,' es gibt viele moeglichkeiten wie sie die arbeit von chance e v mitgestalten koennen '),(234,'field',1,1,''),(234,'field',2,1,' haben sie noch andere kreative ideen wie sie helfen koennen dann fangen sie einfach an und erzaehlen uns von ihrem engagement herzlich willkommen in unserem team fuer nachhaltige entwicklung und ganzheitliche lebensqualitaet '),(234,'field',4,1,''),(234,'field',5,1,''),(234,'slug',0,1,' fuelleintrag '),(234,'title',0,1,' werden sie teil von chance e v '),(235,'field',3,1,' arbeiten sie vor ort in kenia oder peru mit als praktikant weltwaerts freiwilliger oder volontaer besuchen sie eine unserer partnerorganisationen und lernen sie unsere projekte persoenlich kennen unterstuetzen sie unsere arbeit in deutschland durch ehrenamtliche mitarbeit beten sie fuer unsere projekte die menschen vor ort und unser team gestalten sie ihr leben so dass sie durch ihr tagtaegliches verhalten nachhaltigkeit gerechtigkeit und umweltschutz foerdern '),(235,'field',1,1,''),(235,'field',2,1,''),(235,'field',4,1,''),(235,'field',5,1,''),(235,'slug',0,1,' praktisch chancen geben '),(235,'title',0,1,' praktisch chancen geben '),(236,'field',3,1,' unterstuetzen sie die chance projekte einmalig oder dauerhaft regelmaessig mit spenden nutzen sie feierlichkeiten oder andere anlaesse um spenden fuer chance e v zu sammeln werden sie pate und waehlen sie zwischen einer allgemeinen chance patenschaft einer laender dorf kinder oder waldpatenschaft werden sie kreativ und organisieren sie ihre eigene fundraising oder oeffentlichkeitsaktion fuer chance e v ganz so wie sie moechten wir stellen ihnen gern infomaterialien zur verfuegung '),(236,'field',1,1,''),(236,'field',2,1,''),(236,'field',4,1,''),(236,'field',5,1,''),(236,'slug',0,1,' als spender chancen geben '),(236,'title',0,1,' als spender chancen geben ');
/*!40000 ALTER TABLE `searchindex` ENABLE KEYS */;
UNLOCK TABLES;

--
-- Table structure for table `sections`
--

DROP TABLE IF EXISTS `sections`;
/*!40101 SET @saved_cs_client     = @@character_set_client */;
/*!40101 SET character_set_client = utf8 */;
CREATE TABLE `sections` (
  `id` int(11) NOT NULL AUTO_INCREMENT,
  `structureId` int(11) DEFAULT NULL,
  `name` varchar(255) NOT NULL,
  `handle` varchar(255) NOT NULL,
  `type` enum('single','channel','structure') NOT NULL DEFAULT 'channel',
  `enableVersioning` tinyint(1) NOT NULL DEFAULT '0',
  `propagateEntries` tinyint(1) NOT NULL DEFAULT '1',
  `dateCreated` datetime NOT NULL,
  `dateUpdated` datetime NOT NULL,
  `uid` char(36) NOT NULL DEFAULT '0',
  PRIMARY KEY (`id`),
  UNIQUE KEY `sections_handle_unq_idx` (`handle`),
  UNIQUE KEY `sections_name_unq_idx` (`name`),
  KEY `sections_structureId_idx` (`structureId`),
  CONSTRAINT `sections_structureId_fk` FOREIGN KEY (`structureId`) REFERENCES `structures` (`id`) ON DELETE SET NULL
) ENGINE=InnoDB AUTO_INCREMENT=14 DEFAULT CHARSET=utf8;
/*!40101 SET character_set_client = @saved_cs_client */;

--
-- Dumping data for table `sections`
--

LOCK TABLES `sections` WRITE;
/*!40000 ALTER TABLE `sections` DISABLE KEYS */;
INSERT INTO `sections` VALUES (7,NULL,'Home','home','channel',1,1,'2018-07-25 10:45:45','2018-07-25 10:45:45','f5057989-4fc4-4d4a-9db5-266c48f0039d'),(8,4,'Über Uns','ueberUns','structure',1,1,'2018-07-25 10:45:54','2018-07-28 10:52:35','0a213bd9-c7bd-4b04-85f6-ec04d4c21a57'),(9,5,'Projekte','projekte','structure',1,1,'2018-07-25 10:46:05','2018-08-03 10:44:01','0b609a93-221c-4185-aa97-125836180331'),(10,6,'Spenden','spenden','structure',1,1,'2018-07-25 10:46:13','2018-07-25 10:46:13','ba3efb5b-60ca-4f4f-99a5-e1c2cc2ec852'),(11,7,'Für Sie','fuerSie','structure',1,1,'2018-07-25 10:46:22','2018-08-03 11:36:22','101ecaea-1705-482e-aa31-dff30d6563e1'),(12,NULL,'Blog','blog','channel',1,1,'2018-07-25 10:46:32','2018-07-26 13:36:44','747619ca-5be8-4d08-bf99-b70e189b1d42'),(13,NULL,'Kontakt','kontakt','channel',1,1,'2018-07-25 10:46:39','2018-07-25 10:46:39','8158f156-887a-447b-b09d-5da06288a049');
/*!40000 ALTER TABLE `sections` ENABLE KEYS */;
UNLOCK TABLES;

--
-- Table structure for table `sections_sites`
--

DROP TABLE IF EXISTS `sections_sites`;
/*!40101 SET @saved_cs_client     = @@character_set_client */;
/*!40101 SET character_set_client = utf8 */;
CREATE TABLE `sections_sites` (
  `id` int(11) NOT NULL AUTO_INCREMENT,
  `sectionId` int(11) NOT NULL,
  `siteId` int(11) NOT NULL,
  `hasUrls` tinyint(1) NOT NULL DEFAULT '1',
  `uriFormat` text,
  `template` varchar(500) DEFAULT NULL,
  `enabledByDefault` tinyint(1) NOT NULL DEFAULT '1',
  `dateCreated` datetime NOT NULL,
  `dateUpdated` datetime NOT NULL,
  `uid` char(36) NOT NULL DEFAULT '0',
  PRIMARY KEY (`id`),
  UNIQUE KEY `sections_sites_sectionId_siteId_unq_idx` (`sectionId`,`siteId`),
  KEY `sections_sites_siteId_idx` (`siteId`),
  CONSTRAINT `sections_sites_sectionId_fk` FOREIGN KEY (`sectionId`) REFERENCES `sections` (`id`) ON DELETE CASCADE,
  CONSTRAINT `sections_sites_siteId_fk` FOREIGN KEY (`siteId`) REFERENCES `sites` (`id`) ON DELETE CASCADE ON UPDATE CASCADE
) ENGINE=InnoDB AUTO_INCREMENT=14 DEFAULT CHARSET=utf8;
/*!40101 SET character_set_client = @saved_cs_client */;

--
-- Dumping data for table `sections_sites`
--

LOCK TABLES `sections_sites` WRITE;
/*!40000 ALTER TABLE `sections_sites` DISABLE KEYS */;
INSERT INTO `sections_sites` VALUES (7,7,1,1,'home/{slug}','home/_entry',1,'2018-07-25 10:45:45','2018-07-25 10:45:45','f5643c91-485d-47a3-b051-7415729be9cf'),(8,8,1,1,'ueber-uns/{slug}','ueber-uns/_entry',1,'2018-07-25 10:45:54','2018-07-28 10:52:35','117053a5-fc31-43ff-8b12-5b16c1a50e08'),(9,9,1,1,'projekte/{slug}','projekte/_entry',1,'2018-07-25 10:46:05','2018-08-03 10:44:01','4cae441f-d922-4c6e-93dc-d93b2baa68d2'),(10,10,1,1,'spenden/{slug}','spenden/_entry',1,'2018-07-25 10:46:13','2018-07-25 10:46:13','2391a166-6905-436c-aee3-6d15850e0ce7'),(11,11,1,1,'fuer-sie/{slug}','fuer-sie/_entry',1,'2018-07-25 10:46:22','2018-08-03 11:36:22','de626d53-fd76-497d-bc26-33e5b0e7003e'),(12,12,1,1,'blog/{slug}','blog/_entry',1,'2018-07-25 10:46:32','2018-07-26 13:36:44','33e5a7ee-cfe8-4afd-b1d8-2e88836fe30e'),(13,13,1,1,'kontakt/{slug}','kontakt/_entry',1,'2018-07-25 10:46:39','2018-07-25 10:46:39','a858280f-3d72-4611-b039-58cdd852e884');
/*!40000 ALTER TABLE `sections_sites` ENABLE KEYS */;
UNLOCK TABLES;

--
-- Table structure for table `sessions`
--

DROP TABLE IF EXISTS `sessions`;
/*!40101 SET @saved_cs_client     = @@character_set_client */;
/*!40101 SET character_set_client = utf8 */;
CREATE TABLE `sessions` (
  `id` int(11) NOT NULL AUTO_INCREMENT,
  `userId` int(11) NOT NULL,
  `token` char(100) NOT NULL,
  `dateCreated` datetime NOT NULL,
  `dateUpdated` datetime NOT NULL,
  `uid` char(36) NOT NULL DEFAULT '0',
  PRIMARY KEY (`id`),
  KEY `sessions_uid_idx` (`uid`),
  KEY `sessions_token_idx` (`token`),
  KEY `sessions_dateUpdated_idx` (`dateUpdated`),
  KEY `sessions_userId_idx` (`userId`),
  CONSTRAINT `sessions_userId_fk` FOREIGN KEY (`userId`) REFERENCES `users` (`id`) ON DELETE CASCADE
) ENGINE=InnoDB AUTO_INCREMENT=35 DEFAULT CHARSET=utf8;
/*!40101 SET character_set_client = @saved_cs_client */;

--
-- Dumping data for table `sessions`
--

LOCK TABLES `sessions` WRITE;
/*!40000 ALTER TABLE `sessions` DISABLE KEYS */;
INSERT INTO `sessions` VALUES (2,1,'VXf-eQ400ZoJSiyWMLXUdveeoHK4pCEE7zk9aggaPZ8nM1UL2mfhzIgLvvZx9oWtLggK9ct--BrFrqOOZLB6-hzGkjvM2-Ldj0v1','2018-07-25 09:10:19','2018-07-25 09:14:53','573b4ad1-c39e-4a26-b6e9-7354a60ed84b'),(3,1,'_XLsLjb_uOFmx94pLku3g04XWdHKEzHX3TLP04-iO8u1ZNLoQMC2CSmSCIFHhuBtnK_g7ojO_DMiVrVn3fzbUCjV_RsOVjTg3jSA','2018-07-25 10:37:37','2018-07-25 11:55:53','3f94e0d1-32bd-49e8-8f6c-e3d75c1c2646'),(4,1,'mP1TOebwCIashcu6fZQdR97gclgy2bfQ2R_kUjSbR3os3-YvAdE3eEVhguGbC9_4UlVOrs7RpnXfzSB8R9d4UQXF86PTlXNTliut','2018-07-25 21:23:21','2018-07-25 21:57:50','e7b1bd55-f81a-42a1-a989-81c6c2c7c5fb'),(8,1,'umTPilvgM4tj98h2aXEvE1VOhcAVW2MSfUQTvrofhsObgcEshPUY4ucOyBty2Fhzoty0ZxllMDFiIK_IrN_L9NkVT7GR0LZVYKnO','2018-07-28 09:00:33','2018-07-28 09:53:51','3e5c7a53-fd65-483a-87e4-ef6bbca4502b'),(10,1,'uYTNmCELkt3GF-6Mr_kqXwo78z_-pD9D4HNwXUsTkPK-BOgB3epJero1vs2UwYscESuKzfxUXfESJMB7ue2CNXfKkxaH_V91O83z','2018-07-28 11:55:15','2018-07-28 12:12:12','ebbc4a99-9ec1-48fb-aa0f-b4a7829c8ab3'),(11,1,'L9wPWbQ-DAuqzbLB0PB_QCO4o2-i2UoBNs0dIFIvpbKvvRz7D_TZKJmhH8nla_kB2qVOAcBS8pOs8BWPnlzl7-z6cY2wiBwZ9N7r','2018-07-28 17:20:38','2018-07-28 17:20:38','b4be3ec3-1e20-438f-8752-12b78aee8886'),(12,1,'wI5H7oeCoA7jwnzGajwQs8DjcsMuTZM2i1jjFd96qnI4ZuuiLDlaWZvl7FyI-uhTJfN06nu7le5-hchsWUSqCrHoJfxsaMHyWdeE','2018-07-29 16:19:47','2018-07-29 16:20:56','1615fb1f-b7e5-4ef0-a9fa-0b3807040195'),(13,1,'-KUmrX1JC0Qi2jpXjum19ybQVObuhaBXtRkTBdCMUlYdJvxTC32gPyx6c7V1-hpwcZuk1iisDHN2RmOvxgphTv8hbIHsLEfvkcS_','2018-07-29 16:42:36','2018-07-29 19:15:22','8a69e13a-2823-42aa-87a2-89eab0af5d23'),(16,1,'21ifneHf642r-Ed7OmpCYcFgWJGqEcvxMB_RNzjZkU6dcI6bue4rLHgxh2Cyt6ObygrJ2CKwpxKU-aCxaYn1sXFFU9fMJXFpUBJo','2018-07-30 14:57:57','2018-07-30 15:32:25','2df071a0-eccc-4c47-b2a0-e5e72c1bd6f8'),(17,1,'awVNzFLCqI5eT0RFXTY4uqLWQ24y5gBwfqRjsd_sTxs-08kgGUhmzBwMZOxLi3mFYrJ_haLCI2y3GacxpjW2QqUU4i-rb3vDCXCC','2018-07-31 08:29:05','2018-07-31 08:29:05','ddc4907a-3700-444e-8d54-9eb7b7f2ace6'),(19,1,'CcsK1JovpaCkkOdPsXlC9xD78ebrh4XjNl-wx5ChiRtYTIR_vglatV1fmcOBc-6-bpNpsC0SK66QXNLJRQ0gM9BkqmhgZzTSJVeK','2018-08-01 09:23:46','2018-08-01 11:29:11','b1c47bbd-b0be-4712-bd63-4f48371f1224'),(20,1,'e2-xnYbaVglg_TLnRLI1mZaQaYaMVegDz-q7uyI3_7KKgPJppWHanLGLXjpywJrdUwPtafFVowOgIcfagmdY4RLLHuQO7hJHabWu','2018-08-01 12:36:16','2018-08-01 14:26:47','54af0317-a0e6-4fec-bf65-924b6cc779ed'),(22,1,'pY35c0ybDh4wQgG1qxpMONCj4Px8jdmTkFS-GAaLLB3D2JfvSgA-vJQgMAtWdnSp_lWb3p6YO0rG07xMgfFiwug3XsfPmotvUW44','2018-08-01 22:19:10','2018-08-01 22:23:03','ee54a857-b8ba-498f-b7f2-61943cbdefce'),(24,1,'8aj2m96QqiJ8CfDKn50fNHoLGhNJFYBuTtlE3scjv9ADQxzMADM4K1K9wBa7WtNbnubKw4cl2WKqwspYgAUp9VlSKDD_ErVDZwJM','2018-08-02 09:50:41','2018-08-02 10:06:21','f6b9b70d-4da8-4860-b3d4-bd303d1b383f'),(25,1,'_LzuDGUkLVC0DThlHOmiG6HfqE8DLHC3CLIsjXr9mXZV8pk8vofE92N1JKtSvjaAmD9hB847ydH0OflR7lC-biMYmWb9kBOK7mM0','2018-08-03 08:35:03','2018-08-03 08:58:13','49da1bd4-8263-4290-ac94-837312b18d6b'),(26,1,'NYsfjHCXcfQ4JI6OhjEPyr46fNGRuP7JeNSse9MJs4dIByP_rs0CWsgYI47Vff35w-L3gedOqXODFOZTawl1-bkef9LL6-xBDJUy','2018-08-03 09:04:43','2018-08-03 11:24:13','11be8dc9-0d20-4af3-8f3e-0f38ecca83de'),(31,1,'XaT9ke_t6DzF4gzrHl7AIr8mNNR90bp5M6fgL6DagNPvjo-z97u_bq_vVgU5xVf5jjT9C3pmm7Lp4KPVXmC26mdwht3q-Rouk-Oi','2018-08-03 18:19:58','2018-08-03 18:28:56','b13ebc9f-925d-40a8-aa11-106ed9ebfd0d'),(33,1,'QE-4wKz2wmYUWl5biGR1JzkuWyguVeIXgxzdu4ULAt0GClyOSbBogZPsTkFKqQglvhUteuI2Z0DhW-K2Q_BJW6s0t0uyT27AHgos','2018-08-04 07:31:35','2018-08-04 07:32:45','59c169b9-a46f-4167-8c95-1d630f82fdcb');
/*!40000 ALTER TABLE `sessions` ENABLE KEYS */;
UNLOCK TABLES;

--
-- Table structure for table `shunnedmessages`
--

DROP TABLE IF EXISTS `shunnedmessages`;
/*!40101 SET @saved_cs_client     = @@character_set_client */;
/*!40101 SET character_set_client = utf8 */;
CREATE TABLE `shunnedmessages` (
  `id` int(11) NOT NULL AUTO_INCREMENT,
  `userId` int(11) NOT NULL,
  `message` varchar(255) NOT NULL,
  `expiryDate` datetime DEFAULT NULL,
  `dateCreated` datetime NOT NULL,
  `dateUpdated` datetime NOT NULL,
  `uid` char(36) NOT NULL DEFAULT '0',
  PRIMARY KEY (`id`),
  UNIQUE KEY `shunnedmessages_userId_message_unq_idx` (`userId`,`message`),
  CONSTRAINT `shunnedmessages_userId_fk` FOREIGN KEY (`userId`) REFERENCES `users` (`id`) ON DELETE CASCADE
) ENGINE=InnoDB DEFAULT CHARSET=utf8;
/*!40101 SET character_set_client = @saved_cs_client */;

--
-- Dumping data for table `shunnedmessages`
--

LOCK TABLES `shunnedmessages` WRITE;
/*!40000 ALTER TABLE `shunnedmessages` DISABLE KEYS */;
/*!40000 ALTER TABLE `shunnedmessages` ENABLE KEYS */;
UNLOCK TABLES;

--
-- Table structure for table `sitegroups`
--

DROP TABLE IF EXISTS `sitegroups`;
/*!40101 SET @saved_cs_client     = @@character_set_client */;
/*!40101 SET character_set_client = utf8 */;
CREATE TABLE `sitegroups` (
  `id` int(11) NOT NULL AUTO_INCREMENT,
  `name` varchar(255) NOT NULL,
  `dateCreated` datetime NOT NULL,
  `dateUpdated` datetime NOT NULL,
  `uid` char(36) NOT NULL DEFAULT '0',
  PRIMARY KEY (`id`),
  UNIQUE KEY `sitegroups_name_unq_idx` (`name`)
) ENGINE=InnoDB AUTO_INCREMENT=2 DEFAULT CHARSET=utf8;
/*!40101 SET character_set_client = @saved_cs_client */;

--
-- Dumping data for table `sitegroups`
--

LOCK TABLES `sitegroups` WRITE;
/*!40000 ALTER TABLE `sitegroups` DISABLE KEYS */;
INSERT INTO `sitegroups` VALUES (1,'Aufbau Website','2018-07-23 14:53:48','2018-07-23 14:53:48','77caf107-81b3-4a58-89c4-ed3e23b65c78');
/*!40000 ALTER TABLE `sitegroups` ENABLE KEYS */;
UNLOCK TABLES;

--
-- Table structure for table `sites`
--

DROP TABLE IF EXISTS `sites`;
/*!40101 SET @saved_cs_client     = @@character_set_client */;
/*!40101 SET character_set_client = utf8 */;
CREATE TABLE `sites` (
  `id` int(11) NOT NULL AUTO_INCREMENT,
  `groupId` int(11) NOT NULL,
  `primary` tinyint(1) NOT NULL,
  `name` varchar(255) NOT NULL,
  `handle` varchar(255) NOT NULL,
  `language` varchar(12) NOT NULL,
  `hasUrls` tinyint(1) NOT NULL DEFAULT '0',
  `baseUrl` varchar(255) DEFAULT NULL,
  `sortOrder` smallint(6) unsigned DEFAULT NULL,
  `dateCreated` datetime NOT NULL,
  `dateUpdated` datetime NOT NULL,
  `uid` char(36) NOT NULL DEFAULT '0',
  PRIMARY KEY (`id`),
  UNIQUE KEY `sites_handle_unq_idx` (`handle`),
  KEY `sites_sortOrder_idx` (`sortOrder`),
  KEY `sites_groupId_fk` (`groupId`),
  CONSTRAINT `sites_groupId_fk` FOREIGN KEY (`groupId`) REFERENCES `sitegroups` (`id`) ON DELETE CASCADE
) ENGINE=InnoDB AUTO_INCREMENT=2 DEFAULT CHARSET=utf8;
/*!40101 SET character_set_client = @saved_cs_client */;

--
-- Dumping data for table `sites`
--

LOCK TABLES `sites` WRITE;
/*!40000 ALTER TABLE `sites` DISABLE KEYS */;
INSERT INTO `sites` VALUES (1,1,1,'Aufbau Website','default','de',1,'@web/',1,'2018-07-23 14:53:48','2018-07-23 14:53:48','201eb648-9a7c-426c-a76b-4aab49593d67');
/*!40000 ALTER TABLE `sites` ENABLE KEYS */;
UNLOCK TABLES;

--
-- Table structure for table `structureelements`
--

DROP TABLE IF EXISTS `structureelements`;
/*!40101 SET @saved_cs_client     = @@character_set_client */;
/*!40101 SET character_set_client = utf8 */;
CREATE TABLE `structureelements` (
  `id` int(11) NOT NULL AUTO_INCREMENT,
  `structureId` int(11) NOT NULL,
  `elementId` int(11) DEFAULT NULL,
  `root` int(11) unsigned DEFAULT NULL,
  `lft` int(11) unsigned NOT NULL,
  `rgt` int(11) unsigned NOT NULL,
  `level` smallint(6) unsigned NOT NULL,
  `dateCreated` datetime NOT NULL,
  `dateUpdated` datetime NOT NULL,
  `uid` char(36) NOT NULL DEFAULT '0',
  PRIMARY KEY (`id`),
  UNIQUE KEY `structureelements_structureId_elementId_unq_idx` (`structureId`,`elementId`),
  KEY `structureelements_root_idx` (`root`),
  KEY `structureelements_lft_idx` (`lft`),
  KEY `structureelements_rgt_idx` (`rgt`),
  KEY `structureelements_level_idx` (`level`),
  KEY `structureelements_elementId_idx` (`elementId`),
  CONSTRAINT `structureelements_elementId_fk` FOREIGN KEY (`elementId`) REFERENCES `elements` (`id`) ON DELETE CASCADE,
  CONSTRAINT `structureelements_structureId_fk` FOREIGN KEY (`structureId`) REFERENCES `structures` (`id`) ON DELETE CASCADE
) ENGINE=InnoDB AUTO_INCREMENT=199 DEFAULT CHARSET=utf8;
/*!40101 SET character_set_client = @saved_cs_client */;

--
-- Dumping data for table `structureelements`
--

LOCK TABLES `structureelements` WRITE;
/*!40000 ALTER TABLE `structureelements` DISABLE KEYS */;
INSERT INTO `structureelements` VALUES (1,4,NULL,1,1,82,0,'2018-07-29 17:11:07','2018-07-31 09:02:04','a6071bc3-607a-4f9b-b4e9-7658ea72da78'),(2,4,38,1,2,11,1,'2018-07-29 17:11:07','2018-07-29 17:41:28','c5a25f86-8e0c-484e-9592-fef71eea0f9c'),(3,4,39,1,3,4,2,'2018-07-29 17:37:53','2018-07-29 17:37:53','5d364d87-0fd1-4e59-a42f-36d224b71fb3'),(4,4,40,1,5,6,2,'2018-07-29 17:38:16','2018-07-29 17:38:29','14328f67-2318-409f-a891-a77f8f5b6053'),(5,4,41,1,7,8,2,'2018-07-29 17:39:49','2018-07-29 17:40:03','a81f0731-5944-47f2-b78a-5764b76399e6'),(6,4,42,1,9,10,2,'2018-07-29 17:41:28','2018-07-29 17:41:28','a47406d1-55b9-492f-b793-9c0850afcc6e'),(7,4,43,1,12,19,1,'2018-07-29 18:21:51','2018-07-29 18:26:32','3ad7cb28-1785-453d-9d2e-3f11513895b6'),(8,4,44,1,20,23,1,'2018-07-29 18:22:58','2018-07-30 07:55:50','773b6589-b66b-4a11-95a5-157dc8c8b865'),(9,4,45,1,13,14,2,'2018-07-29 18:23:40','2018-07-29 18:23:54','08851de8-5326-4380-9f3c-180c4a27e3a6'),(10,4,46,1,15,16,2,'2018-07-29 18:25:20','2018-07-29 18:25:20','e8118520-0896-427e-9aee-23520d95280c'),(11,4,47,1,17,18,2,'2018-07-29 18:26:32','2018-07-29 18:26:32','82e15ea7-97eb-4af6-a4cd-028e6895e337'),(12,4,48,1,21,22,2,'2018-07-30 07:55:50','2018-07-30 07:55:50','ae4090cf-ed1e-46fc-ab5a-bb8d13600adc'),(13,4,49,1,24,27,1,'2018-07-30 11:13:50','2018-07-30 11:17:47','5e5258e1-0126-4f53-8471-a8eab2290759'),(14,4,50,1,25,26,2,'2018-07-30 11:17:47','2018-07-30 11:17:47','5fcb6fae-2b6a-4c22-9442-8c66f235aec5'),(15,4,51,1,28,53,1,'2018-07-30 11:24:11','2018-07-30 15:16:49','8a3717e3-d53f-4aa6-8a1e-1e64e447a85a'),(16,4,52,1,29,30,2,'2018-07-30 11:39:04','2018-07-30 11:39:18','2e61ce2b-4e35-4def-b211-7c7ba6cd14c1'),(17,4,53,1,31,32,2,'2018-07-30 11:39:55','2018-07-30 11:39:55','47e695dc-1507-4e23-a117-c82128da5b0f'),(18,4,54,1,33,34,2,'2018-07-30 11:40:42','2018-07-30 11:40:42','1e95962b-d14d-46de-b93b-66c904a33ec0'),(19,4,55,1,35,46,2,'2018-07-30 12:12:02','2018-07-30 12:17:55','ed5b99a3-d979-4fae-b66b-8fd6f7cdfb23'),(20,4,56,1,36,37,3,'2018-07-30 12:14:49','2018-07-30 12:14:49','6d10a6b1-6ea0-43f7-84e2-5012ba451aea'),(21,4,57,1,38,39,3,'2018-07-30 12:16:00','2018-07-30 12:16:00','7c73cde4-2a27-41af-b1aa-d81bf8fa2931'),(22,4,58,1,40,41,3,'2018-07-30 12:16:28','2018-07-30 12:16:28','ccd48526-4e95-41d5-b605-d0f6b4723ba4'),(23,4,59,1,42,43,3,'2018-07-30 12:17:02','2018-07-30 12:17:02','30fee77a-56ab-41c5-bbae-d47a94ff6987'),(24,4,60,1,44,45,3,'2018-07-30 12:17:55','2018-07-30 12:17:55','2a993464-0611-480f-9403-15603fc197d5'),(25,4,61,1,47,48,2,'2018-07-30 15:10:39','2018-07-30 15:10:59','b5310e58-2cc0-4ed1-bef6-1e92fdd81a99'),(26,4,62,1,49,50,2,'2018-07-30 15:13:55','2018-07-30 15:13:55','4aae51d1-9e00-4885-8a86-62932edffcbc'),(27,4,63,1,51,52,2,'2018-07-30 15:16:49','2018-07-30 15:16:49','674c19a6-5c32-42f7-8186-6272a3d74255'),(28,4,64,1,54,61,1,'2018-07-30 15:18:52','2018-07-30 15:24:21','4027f418-dbd6-4903-a0fc-8ec626aff446'),(29,4,65,1,55,56,2,'2018-07-30 15:21:59','2018-07-30 15:21:59','2989aba2-97a3-4ff9-9879-affdedec615b'),(30,4,66,1,57,58,2,'2018-07-30 15:23:05','2018-07-30 15:23:05','83eee24f-942f-446b-85a1-972e2ed9186d'),(31,4,67,1,59,60,2,'2018-07-30 15:24:21','2018-07-30 15:24:21','a51dc0b5-1e49-41d6-9bbd-eed8b08b6268'),(32,4,68,1,62,81,1,'2018-07-31 08:55:44','2018-07-31 09:02:04','de3a7804-54c7-44c2-a3cb-0d11e5bc14f1'),(33,4,69,1,63,64,2,'2018-07-31 08:56:39','2018-07-31 08:56:39','ecb0dfd6-e1fc-4a37-9387-bac979a0fc42'),(34,4,70,1,65,66,2,'2018-07-31 08:57:36','2018-07-31 08:57:36','4e60b1f9-1d5b-4e4c-9261-feb2da3684c9'),(35,4,71,1,67,68,2,'2018-07-31 08:58:06','2018-07-31 08:58:06','af208f9c-969b-488c-b3a2-80a72c2b72d1'),(36,4,72,1,69,70,2,'2018-07-31 08:59:01','2018-07-31 08:59:01','579c6265-89f2-43dd-9c37-71d2a87cdbe2'),(37,4,73,1,71,72,2,'2018-07-31 08:59:39','2018-07-31 08:59:39','f9d9e96e-029e-4fe4-84e6-ad296e8372c3'),(38,4,74,1,73,74,2,'2018-07-31 09:00:13','2018-07-31 09:00:13','6198591e-5a97-4d2a-834a-2d92f74b7915'),(39,4,75,1,75,76,2,'2018-07-31 09:00:53','2018-07-31 09:00:53','7e3f57ba-0df7-48b2-88f5-0d950063d60c'),(40,4,76,1,77,78,2,'2018-07-31 09:01:27','2018-07-31 09:01:27','9a039be6-2e9c-4599-867f-a226e0cbd84e'),(41,4,77,1,79,80,2,'2018-07-31 09:02:04','2018-07-31 09:02:04','71ce5470-5023-4de9-ba8f-5095eae3dc69'),(42,5,NULL,42,1,270,0,'2018-07-31 09:38:03','2018-08-03 11:05:41','cf2ed2fe-1211-4c53-8414-fd648ef87005'),(43,5,78,42,2,21,1,'2018-07-31 09:38:03','2018-07-31 11:20:53','f993e0f8-1708-4b08-ba28-f805a89846e0'),(44,5,79,42,22,161,1,'2018-07-31 09:38:40','2018-08-01 21:59:18','f9d2c050-1bf0-41a5-acb7-33a1cb922dc8'),(45,5,80,42,162,213,1,'2018-07-31 09:39:05','2018-08-03 09:37:23','2282b64a-45dc-49c1-93f6-6d96cf1bbbf1'),(46,5,81,42,214,241,1,'2018-07-31 09:39:27','2018-08-03 10:21:54','64950c8c-2c18-4097-9d31-ce8a903b9c4b'),(47,5,82,42,242,269,1,'2018-07-31 09:39:52','2018-08-03 11:05:41','a4bf74b4-607b-4705-abed-9c647e22eef4'),(48,5,83,42,3,10,2,'2018-07-31 11:10:58','2018-07-31 11:20:53','40687116-320d-4336-a2d2-228039ac9800'),(49,5,84,42,4,5,3,'2018-07-31 11:11:42','2018-07-31 11:20:53','c08f6f8c-aca7-4027-b7ce-a4903f17f105'),(50,5,85,42,6,7,3,'2018-07-31 11:16:01','2018-07-31 11:20:53','1aba4b69-970c-4f52-95fa-a86ae94fed0c'),(51,5,86,42,8,9,3,'2018-07-31 11:16:58','2018-07-31 11:20:53','f7dd3371-31af-4692-a918-f64cb63f2612'),(52,5,87,42,11,20,2,'2018-07-31 11:17:41','2018-07-31 11:20:53','d4c7599f-81fb-497a-979e-1788fd599911'),(53,5,88,42,12,13,3,'2018-07-31 11:18:49','2018-07-31 11:20:53','7d0440a2-bf2c-4e83-b053-376643212822'),(54,5,89,42,14,15,3,'2018-07-31 11:19:35','2018-07-31 11:20:53','93d60043-c462-4392-a777-f41c6b779fa4'),(55,5,90,42,16,17,3,'2018-07-31 11:19:57','2018-07-31 11:20:53','c784afa3-9336-4d9d-ab92-a94262488de0'),(56,5,91,42,18,19,3,'2018-07-31 11:20:30','2018-07-31 11:20:53','1842be95-cc6c-4f85-9c4e-6c68145c885f'),(57,5,92,42,23,56,2,'2018-07-31 11:36:26','2018-08-01 09:32:39','b91f0364-4775-46f9-b612-3a2dcc5e95d5'),(58,5,93,42,57,106,2,'2018-07-31 11:37:03','2018-08-01 11:25:45','cf8de791-fbd3-4d46-a1a7-5fd1b7df5467'),(59,5,94,42,107,160,2,'2018-07-31 11:37:32','2018-08-01 21:59:18','a8f21e63-6413-42b2-82b2-c5e086f34d88'),(60,5,95,42,24,25,3,'2018-07-31 11:44:04','2018-07-31 11:44:04','89a9cdc3-5338-4af7-92b3-de262fe73794'),(61,5,96,42,26,27,3,'2018-07-31 11:46:25','2018-07-31 11:46:25','f5769798-aa22-44cc-bf10-3562a05d4d85'),(62,5,97,42,28,29,3,'2018-07-31 11:46:49','2018-07-31 11:46:49','730dff2b-5866-4ae2-80bb-0303ce92bf12'),(63,5,98,42,30,41,3,'2018-07-31 11:47:36','2018-07-31 11:49:08','4e107583-e83b-4b42-8f66-3521e183f09e'),(64,5,99,42,31,32,4,'2018-07-31 11:47:55','2018-07-31 11:47:55','63bf0e64-6703-4891-9abe-6cce4be94b18'),(65,5,100,42,33,34,4,'2018-07-31 11:48:29','2018-07-31 11:48:29','7988e160-3e63-4a9e-9827-41511cb0c576'),(66,5,101,42,35,36,4,'2018-07-31 11:48:36','2018-07-31 11:48:36','b638a7d2-bf76-45b9-b46e-57831d3b4df3'),(67,5,102,42,37,38,4,'2018-07-31 11:48:43','2018-07-31 11:48:43','a84a125c-9208-4d69-97d0-4037e1066e0c'),(68,5,103,42,39,40,4,'2018-07-31 11:49:08','2018-07-31 11:49:08','fb139fb7-4b62-4440-a9b7-e9973b0daaa3'),(69,5,104,42,42,49,3,'2018-07-31 11:50:32','2018-08-01 09:27:47','49056b27-29bb-4e0d-8f02-fc938d491d6f'),(70,5,105,42,43,44,4,'2018-07-31 11:52:28','2018-08-01 09:26:25','63aef5b1-549a-4891-9695-f1e55580be94'),(71,5,106,42,45,46,4,'2018-08-01 09:27:10','2018-08-01 09:27:10','1f5cebe1-b921-4c68-b9d6-049da83e13bb'),(72,5,107,42,47,48,4,'2018-08-01 09:27:47','2018-08-01 09:27:47','31b5face-cba2-4653-a3b7-4ea4c7bb25e9'),(73,5,108,42,50,51,3,'2018-08-01 09:29:17','2018-08-01 09:29:17','8dfe9af4-4e4e-43f8-bd3e-189a601b9276'),(74,5,109,42,52,53,3,'2018-08-01 09:30:03','2018-08-01 09:30:03','cb798e6c-d335-41d8-aaf4-e947e4f0d373'),(75,5,110,42,54,55,3,'2018-08-01 09:32:39','2018-08-01 09:32:39','7cc5ec99-060f-4b3e-bd50-786642c825c3'),(76,5,111,42,58,59,3,'2018-08-01 10:48:23','2018-08-01 10:48:23','e17f70cb-c214-4521-a4fc-aacb48ff343e'),(77,5,112,42,60,91,3,'2018-08-01 10:48:48','2018-08-01 11:04:34','f26b56c2-5f57-4d21-8f02-6b4205574c80'),(78,5,113,42,61,62,4,'2018-08-01 10:49:14','2018-08-01 10:49:14','a6663da6-d3fd-4d27-907a-a256ab9c8a2d'),(79,5,114,42,63,64,4,'2018-08-01 10:49:21','2018-08-01 10:49:21','c52bcfeb-7a72-46c9-beaf-82d02162b732'),(80,5,115,42,65,66,4,'2018-08-01 10:49:31','2018-08-01 10:49:31','d7cea4d0-b3bf-4190-a643-69667aeab437'),(81,5,116,42,67,68,4,'2018-08-01 10:49:37','2018-08-01 10:49:37','1adf4880-4f10-4841-bbc3-4eaffd5f8c47'),(82,5,117,42,69,70,4,'2018-08-01 10:49:43','2018-08-01 10:49:43','d9b66fe8-c4c9-4eb5-a1fc-ac4447254971'),(83,5,118,42,71,72,4,'2018-08-01 10:49:48','2018-08-01 10:49:48','b9eb4a62-9f27-475b-9eec-d1b061233913'),(84,5,119,42,73,74,4,'2018-08-01 10:49:53','2018-08-01 10:49:53','3e8a94ee-d2d3-4eec-9299-994ae279bad7'),(85,5,120,42,75,76,4,'2018-08-01 10:49:58','2018-08-01 10:49:58','3d7f03b6-e686-4ae2-9a38-3c8907334650'),(86,5,121,42,77,78,4,'2018-08-01 10:50:03','2018-08-01 10:50:03','5da26c1c-80b7-4480-ae74-8a0327a57b7b'),(87,5,122,42,79,80,4,'2018-08-01 10:50:11','2018-08-01 10:50:11','213f1e4c-20a3-4b02-84d5-f506bbdf7095'),(88,5,123,42,81,82,4,'2018-08-01 10:50:20','2018-08-01 10:50:20','05441fdb-7ab7-4ceb-9e2a-cbf027c66465'),(89,5,124,42,83,84,4,'2018-08-01 10:50:26','2018-08-01 10:50:26','fd233845-5bf6-44d6-a3fe-1409268c10e0'),(90,5,125,42,85,86,4,'2018-08-01 10:50:32','2018-08-01 10:50:32','4e5b698d-18d5-4432-a3ef-25b69b4cfbe3'),(91,5,126,42,87,88,4,'2018-08-01 10:50:38','2018-08-01 10:50:38','6fd5d917-86e7-4388-9365-141142dad8d0'),(92,5,127,42,89,90,4,'2018-08-01 11:04:34','2018-08-01 11:04:34','52e46060-6db6-496f-bf6c-348e6483412d'),(93,5,128,42,92,99,3,'2018-08-01 11:07:08','2018-08-01 11:10:28','6e8e0227-acd5-44d5-b77b-08230d210849'),(94,5,129,42,93,94,4,'2018-08-01 11:08:41','2018-08-01 11:08:41','5369623e-768d-4b09-a5aa-70bc3c46aa4b'),(95,5,130,42,95,96,4,'2018-08-01 11:09:37','2018-08-01 11:09:37','9e6f6161-4de7-4d17-88e5-51d29b8bf19b'),(96,5,131,42,97,98,4,'2018-08-01 11:10:28','2018-08-01 11:10:28','53c821b9-7065-4b77-97c1-bbf2fc3620fd'),(97,5,132,42,100,101,3,'2018-08-01 11:15:45','2018-08-01 11:15:45','b6bb7fd3-6aed-4e8f-8298-390fc418291c'),(98,5,133,42,102,103,3,'2018-08-01 11:24:55','2018-08-01 11:24:55','a46018d6-156e-42ce-a028-ffd334078f46'),(99,5,134,42,104,105,3,'2018-08-01 11:25:45','2018-08-01 11:25:45','513894c3-efc5-4256-90d7-923c7ad4dc28'),(100,5,135,42,108,109,3,'2018-08-01 12:57:26','2018-08-01 12:57:26','25913c88-bbb1-48d3-8783-5f639f1540f7'),(101,5,136,42,110,111,3,'2018-08-01 12:59:00','2018-08-01 12:59:00','7579ce76-aed7-4e54-9993-cde266f3183b'),(102,5,137,42,112,129,3,'2018-08-01 13:09:34','2018-08-01 13:10:57','f1e09608-5ad6-4970-9add-8465ab29f330'),(103,5,138,42,113,114,4,'2018-08-01 13:10:02','2018-08-01 13:10:02','b76b3661-4b5c-4e46-aabd-661d6db67bc6'),(104,5,139,42,115,116,4,'2018-08-01 13:10:08','2018-08-01 13:10:08','803174f7-e233-4cd9-b571-7efe3c70b864'),(105,5,140,42,117,118,4,'2018-08-01 13:10:25','2018-08-01 13:10:25','590d406d-c8eb-4ef4-8cf5-9623848ee90b'),(106,5,141,42,119,120,4,'2018-08-01 13:10:34','2018-08-01 13:10:34','6af1e4fc-c03e-4480-a03e-1a163911598c'),(107,5,142,42,121,122,4,'2018-08-01 13:10:39','2018-08-01 13:10:39','0ff10ded-753f-4751-9986-739bbcbc589e'),(108,5,143,42,123,124,4,'2018-08-01 13:10:44','2018-08-01 13:10:44','5323c6d3-6eb1-4b81-9da2-b5b8f734863e'),(109,5,144,42,125,126,4,'2018-08-01 13:10:49','2018-08-01 13:10:49','fa796bc8-ff74-403f-9d8a-4b3da3ce3a77'),(110,5,145,42,127,128,4,'2018-08-01 13:10:57','2018-08-01 13:10:57','23c8ba9b-3f92-4f8c-8a54-f085882691b3'),(111,5,146,42,130,137,3,'2018-08-01 13:31:50','2018-08-01 13:34:36','b682b226-db39-4b7e-9b09-357521d131ea'),(112,5,147,42,131,132,4,'2018-08-01 13:33:12','2018-08-01 13:33:12','e09e73c9-0124-4c84-8946-c14d2e072ec4'),(113,5,148,42,133,134,4,'2018-08-01 13:33:55','2018-08-01 13:33:55','bddaf08e-4e29-49cf-b6e7-e72c66d78645'),(114,5,149,42,135,136,4,'2018-08-01 13:34:36','2018-08-01 13:34:36','bd2a35d2-ff41-4945-8de3-80d9dcc8e8a2'),(115,5,150,42,138,139,3,'2018-08-01 13:49:22','2018-08-01 13:49:22','c4da0b79-dd09-4057-a94d-e1982812de4a'),(116,5,151,42,140,141,3,'2018-08-01 13:59:08','2018-08-01 13:59:08','a13910fc-45dd-42b0-93dd-c3e3c3c3b004'),(117,5,152,42,142,157,3,'2018-08-01 14:14:04','2018-08-01 21:57:53','40d41c61-20fe-4fcc-95b7-3fef307414de'),(118,5,153,42,144,145,5,'2018-08-01 14:15:23','2018-08-01 21:34:35','c1d6fb86-a537-4416-9d08-bd8390d79e4e'),(119,5,154,42,143,146,4,'2018-08-01 14:16:03','2018-08-01 21:34:35','b2eac299-a63b-4b58-93b6-6569411a1425'),(120,5,155,42,147,148,4,'2018-08-01 14:16:23','2018-08-01 21:34:35','581b0804-24d3-4d7d-a093-3f7dd76a8d50'),(121,5,156,42,149,150,4,'2018-08-01 14:16:45','2018-08-01 21:34:35','574fa102-3ac8-4140-b78f-eabd16cc9157'),(122,5,157,42,151,152,4,'2018-08-01 21:57:35','2018-08-01 21:57:35','c2b79d51-8348-4403-a169-c4e6f6849122'),(123,5,158,42,153,154,4,'2018-08-01 21:57:45','2018-08-01 21:57:45','a7ea9af7-ce62-4dc1-879b-884c0b8501f2'),(124,5,159,42,155,156,4,'2018-08-01 21:57:53','2018-08-01 21:57:53','8ab04b7e-1b8e-4527-8260-076d20f8df38'),(125,5,160,42,158,159,3,'2018-08-01 21:59:18','2018-08-01 21:59:18','07a23ecf-de60-4eb7-9535-20d36612eabc'),(126,5,161,42,163,172,2,'2018-08-01 22:08:00','2018-08-03 08:45:04','f6561449-1ca6-4504-989b-d9056feb5658'),(127,5,164,42,164,165,3,'2018-08-02 09:52:04','2018-08-03 08:45:04','20f91d61-1216-46c0-a1ca-01076f206531'),(128,5,165,42,166,167,3,'2018-08-02 09:52:19','2018-08-03 08:45:04','74513448-b11b-471c-a9c4-a236f035eb47'),(129,5,166,42,168,169,3,'2018-08-02 09:53:04','2018-08-03 08:45:04','e8d02036-3a65-40be-91c7-859304c6e71b'),(130,5,167,42,170,171,3,'2018-08-02 09:53:14','2018-08-03 08:45:04','7dee5650-4193-4fff-b547-0f24049c9ffe'),(131,5,168,42,173,182,2,'2018-08-02 09:57:27','2018-08-03 08:45:04','67da221a-a350-4d59-b4c7-156f92f98921'),(132,5,169,42,174,175,3,'2018-08-02 10:00:22','2018-08-03 08:45:04','aee3bf46-6354-48f5-9cb8-96c413027cd5'),(133,5,170,42,176,177,3,'2018-08-02 10:00:37','2018-08-03 08:45:04','2ffa4246-4066-4516-b305-f9ab5ab02c07'),(134,5,171,42,178,179,3,'2018-08-02 10:00:57','2018-08-03 08:45:04','a5754518-87be-4b1f-b9e2-3cf6fb58c5a9'),(135,5,172,42,180,181,3,'2018-08-02 10:01:04','2018-08-03 08:45:04','a07d0c16-c724-40a3-8202-5bb0365a33b5'),(136,5,173,42,183,192,2,'2018-08-02 10:06:19','2018-08-03 08:49:49','0a6cede1-4879-4285-84d9-46bad7caf306'),(137,5,174,42,184,185,3,'2018-08-03 08:47:29','2018-08-03 08:47:29','ef82f861-f133-4a92-bfe9-ca1cadc94870'),(138,5,175,42,186,187,3,'2018-08-03 08:49:14','2018-08-03 08:49:14','5806dfc5-6f7b-465b-9e01-0a9a53a188c2'),(139,5,176,42,188,189,3,'2018-08-03 08:49:39','2018-08-03 08:49:39','096a5012-d085-4716-b636-b1e783422bbe'),(140,5,177,42,190,191,3,'2018-08-03 08:49:49','2018-08-03 08:49:49','a531222c-9d01-442c-9616-72480bd3e94c'),(141,5,178,42,193,202,2,'2018-08-03 09:05:43','2018-08-03 09:08:24','69ea4e68-92a6-434d-83d0-b57e63e8c8b4'),(142,5,179,42,194,195,3,'2018-08-03 09:06:55','2018-08-03 09:06:55','5c72418c-9430-4a0b-ad15-3fc4e559629e'),(143,5,180,42,196,197,3,'2018-08-03 09:07:54','2018-08-03 09:07:54','44acbbc8-629f-414b-a66f-86b190a29d66'),(144,5,181,42,198,199,3,'2018-08-03 09:08:11','2018-08-03 09:08:11','5072da09-b061-4076-8ab1-becb048f63d1'),(145,5,182,42,200,201,3,'2018-08-03 09:08:24','2018-08-03 09:08:24','2e12601e-eb72-47d0-8641-0c0c79817ea3'),(146,5,183,42,203,212,2,'2018-08-03 09:11:46','2018-08-03 09:13:13','fd66d735-79f9-4ebe-971b-c8f5a28fe762'),(147,5,184,42,204,205,3,'2018-08-03 09:12:23','2018-08-03 09:12:23','69f479fd-a070-4080-8945-a105e70dc162'),(148,5,185,42,206,207,3,'2018-08-03 09:12:40','2018-08-03 09:12:40','5485aed0-398f-4946-9196-4317467e0d4a'),(149,5,186,42,208,209,3,'2018-08-03 09:13:06','2018-08-03 09:13:06','503f495f-3f87-4345-9cde-34420122a8aa'),(150,5,187,42,210,211,3,'2018-08-03 09:13:13','2018-08-03 09:13:13','99dafffa-159a-429b-8063-76fe74cb061c'),(159,5,196,42,215,238,2,'2018-08-03 09:54:27','2018-08-03 10:02:31','4d434658-af73-4ed7-b15e-7a64f6c6a3f9'),(160,5,197,42,216,217,3,'2018-08-03 09:55:31','2018-08-03 09:55:44','6422df36-ae23-4d26-9334-af455a7320a6'),(161,5,198,42,218,219,3,'2018-08-03 09:56:24','2018-08-03 09:56:24','c7b5492c-6a49-49bb-9d84-5d4b3c2e0820'),(162,5,199,42,220,221,3,'2018-08-03 09:57:03','2018-08-03 09:57:03','0b57f1e0-4a77-4ecc-97bf-77cc8d506526'),(163,5,200,42,222,223,3,'2018-08-03 09:58:09','2018-08-03 09:58:09','352026d2-c399-45c1-b48a-4f0ca1ed2cb0'),(164,5,201,42,224,225,3,'2018-08-03 09:58:39','2018-08-03 09:58:39','7f14e171-f77d-4922-a3db-cbbee6108d59'),(165,5,202,42,226,227,3,'2018-08-03 09:59:26','2018-08-03 09:59:26','4b43a244-3118-4a3b-80b7-2b2450961cc7'),(166,5,203,42,228,229,3,'2018-08-03 10:00:01','2018-08-03 10:00:01','e2cce869-fe23-4f1b-a7b2-c56eca0d6232'),(167,5,204,42,230,231,3,'2018-08-03 10:00:37','2018-08-03 10:00:37','884b3e40-37ce-4d4a-a28e-a2671fe7bf93'),(168,5,205,42,232,233,3,'2018-08-03 10:01:10','2018-08-03 10:01:10','9ad6397d-3c9a-4f38-b70a-0d09d2f572a8'),(169,5,206,42,234,235,3,'2018-08-03 10:01:50','2018-08-03 10:01:50','3d5aa306-3a37-4976-be36-15a835fee690'),(170,5,207,42,236,237,3,'2018-08-03 10:02:31','2018-08-03 10:02:31','fcd3a6a1-0154-409b-8634-a84a7205079e'),(171,5,208,42,239,240,2,'2018-08-03 10:21:54','2018-08-03 10:21:54','c1819c8b-867e-4189-8d81-a4f14783aac1'),(172,5,209,42,243,268,2,'2018-08-03 10:56:01','2018-08-03 11:05:41','9e2e52a6-58e8-40a8-9d77-50a28922fb68'),(173,5,210,42,244,245,3,'2018-08-03 11:02:05','2018-08-03 11:02:05','8b47185c-37c3-4006-babc-ad7df1644f75'),(174,5,211,42,246,247,3,'2018-08-03 11:02:23','2018-08-03 11:02:23','30ab7e57-6cc2-479e-a5f7-2b44fdd64efb'),(175,5,212,42,248,249,3,'2018-08-03 11:02:44','2018-08-03 11:02:44','d56fc7a3-cceb-4acb-b8a1-e08d9ce88b74'),(176,5,213,42,250,251,3,'2018-08-03 11:03:21','2018-08-03 11:03:21','28a34cf9-2c5a-4d99-b084-c8466f2f6e5d'),(177,5,214,42,252,253,3,'2018-08-03 11:03:43','2018-08-03 11:03:43','e3284920-5917-48cf-8494-fb28a3cc0002'),(178,5,215,42,254,255,3,'2018-08-03 11:04:02','2018-08-03 11:04:02','259f9bb6-dffe-4862-bf4f-534beb163cee'),(179,5,216,42,256,257,3,'2018-08-03 11:04:17','2018-08-03 11:04:17','cc6d0443-7f94-4d65-98f4-647acf5256ad'),(180,5,217,42,258,259,3,'2018-08-03 11:04:39','2018-08-03 11:04:39','a3bc48ee-b997-4d3e-a618-f4f6c963d177'),(181,5,218,42,260,261,3,'2018-08-03 11:04:52','2018-08-03 11:04:52','282865f4-efb7-4a92-b299-30b57ad11ee1'),(182,5,219,42,262,263,3,'2018-08-03 11:05:08','2018-08-03 11:05:08','4e88e62e-e676-4eb6-8003-22608adfcd17'),(183,5,220,42,264,265,3,'2018-08-03 11:05:22','2018-08-03 11:05:22','33dafe56-335a-4577-9020-bac2cb96e90b'),(184,5,221,42,266,267,3,'2018-08-03 11:05:41','2018-08-03 11:05:41','6668b837-3de4-41df-aae3-4cda90fae4a0'),(185,7,NULL,185,1,26,0,'2018-08-03 11:38:55','2018-08-04 08:32:27','5f838dde-c608-4de2-ae53-3d2a6027c385'),(187,7,223,185,2,3,1,'2018-08-03 11:41:23','2018-08-03 11:43:13','3beb4bc8-7e78-4d49-a58e-6d51decc3035'),(188,7,224,185,4,5,1,'2018-08-03 11:41:38','2018-08-03 11:43:13','d8d169ed-496e-4077-9a38-f6f211a8cdfc'),(189,7,225,185,6,7,1,'2018-08-03 11:41:53','2018-08-03 11:43:13','16639d06-909b-4dbd-a2c8-8d1d6c2994e2'),(190,7,226,185,8,9,1,'2018-08-03 11:42:11','2018-08-03 11:43:13','e11a4473-3b1a-4cdf-b8d4-606a498f187a'),(191,7,227,185,10,11,1,'2018-08-03 11:42:25','2018-08-03 11:43:13','56fd0c75-2d56-4aa4-91cf-d02551197f96'),(192,7,228,185,12,13,1,'2018-08-03 11:42:43','2018-08-03 11:43:13','d2b1da7f-bed6-4f4d-a5f3-d800ec9c2153'),(193,7,229,185,14,15,1,'2018-08-03 11:43:04','2018-08-03 11:43:13','78a64afd-3b23-443e-b963-8d19bd88498f'),(194,7,232,185,18,19,3,'2018-08-04 07:56:33','2018-08-04 08:32:27','78e02c6a-a257-42cb-ba7e-c5fa3204c6bc'),(195,7,233,185,17,20,2,'2018-08-04 08:12:27','2018-08-04 08:32:27','850cf5b8-d8e0-4348-8870-330998171efa'),(196,7,234,185,16,25,1,'2018-08-04 08:13:54','2018-08-04 08:32:27','7c0bb018-653a-4f2c-b604-bcd368d695d3'),(197,7,235,185,21,22,2,'2018-08-04 08:16:45','2018-08-04 08:32:27','29cdf074-2688-4cfe-a13c-e0113efb0005'),(198,7,236,185,23,24,2,'2018-08-04 08:18:37','2018-08-04 08:32:27','2ed953a1-fc94-48e5-9507-2a91e2f9b086');
/*!40000 ALTER TABLE `structureelements` ENABLE KEYS */;
UNLOCK TABLES;

--
-- Table structure for table `structures`
--

DROP TABLE IF EXISTS `structures`;
/*!40101 SET @saved_cs_client     = @@character_set_client */;
/*!40101 SET character_set_client = utf8 */;
CREATE TABLE `structures` (
  `id` int(11) NOT NULL AUTO_INCREMENT,
  `maxLevels` smallint(6) unsigned DEFAULT NULL,
  `dateCreated` datetime NOT NULL,
  `dateUpdated` datetime NOT NULL,
  `uid` char(36) NOT NULL DEFAULT '0',
  PRIMARY KEY (`id`)
) ENGINE=InnoDB AUTO_INCREMENT=8 DEFAULT CHARSET=utf8;
/*!40101 SET character_set_client = @saved_cs_client */;

--
-- Dumping data for table `structures`
--

LOCK TABLES `structures` WRITE;
/*!40000 ALTER TABLE `structures` DISABLE KEYS */;
INSERT INTO `structures` VALUES (4,3,'2018-07-25 10:45:54','2018-07-28 10:52:35','7257bfd1-b1ef-463d-8216-98be5af59458'),(5,NULL,'2018-07-25 10:46:05','2018-08-03 10:44:01','e2f5a01e-3478-42cd-830c-143dfde8f4ae'),(6,NULL,'2018-07-25 10:46:13','2018-07-25 10:46:13','8a017695-7c6f-4921-b282-8a705b19a094'),(7,NULL,'2018-07-25 10:46:22','2018-08-03 11:36:22','72640bfa-4dbb-4b1d-8a7d-041a45535f0d');
/*!40000 ALTER TABLE `structures` ENABLE KEYS */;
UNLOCK TABLES;

--
-- Table structure for table `systemmessages`
--

DROP TABLE IF EXISTS `systemmessages`;
/*!40101 SET @saved_cs_client     = @@character_set_client */;
/*!40101 SET character_set_client = utf8 */;
CREATE TABLE `systemmessages` (
  `id` int(11) NOT NULL AUTO_INCREMENT,
  `language` varchar(255) NOT NULL,
  `key` varchar(255) NOT NULL,
  `subject` text NOT NULL,
  `body` text NOT NULL,
  `dateCreated` datetime NOT NULL,
  `dateUpdated` datetime NOT NULL,
  `uid` char(36) NOT NULL DEFAULT '0',
  PRIMARY KEY (`id`),
  UNIQUE KEY `systemmessages_key_language_unq_idx` (`key`,`language`),
  KEY `systemmessages_language_idx` (`language`)
) ENGINE=InnoDB DEFAULT CHARSET=utf8;
/*!40101 SET character_set_client = @saved_cs_client */;

--
-- Dumping data for table `systemmessages`
--

LOCK TABLES `systemmessages` WRITE;
/*!40000 ALTER TABLE `systemmessages` DISABLE KEYS */;
/*!40000 ALTER TABLE `systemmessages` ENABLE KEYS */;
UNLOCK TABLES;

--
-- Table structure for table `systemsettings`
--

DROP TABLE IF EXISTS `systemsettings`;
/*!40101 SET @saved_cs_client     = @@character_set_client */;
/*!40101 SET character_set_client = utf8 */;
CREATE TABLE `systemsettings` (
  `id` int(11) NOT NULL AUTO_INCREMENT,
  `category` varchar(15) NOT NULL,
  `settings` text,
  `dateCreated` datetime NOT NULL,
  `dateUpdated` datetime NOT NULL,
  `uid` char(36) NOT NULL DEFAULT '0',
  PRIMARY KEY (`id`),
  UNIQUE KEY `systemsettings_category_unq_idx` (`category`)
) ENGINE=InnoDB AUTO_INCREMENT=2 DEFAULT CHARSET=utf8;
/*!40101 SET character_set_client = @saved_cs_client */;

--
-- Dumping data for table `systemsettings`
--

LOCK TABLES `systemsettings` WRITE;
/*!40000 ALTER TABLE `systemsettings` DISABLE KEYS */;
INSERT INTO `systemsettings` VALUES (1,'email','{\"fromEmail\":\"fe.fessler@gmx.de\",\"fromName\":\"Aufbau Website\",\"transportType\":\"craft\\\\mail\\\\transportadapters\\\\Sendmail\"}','2018-07-23 14:53:50','2018-07-23 14:53:50','acd0deea-5a9c-4312-880f-aba8f0e0db79');
/*!40000 ALTER TABLE `systemsettings` ENABLE KEYS */;
UNLOCK TABLES;

--
-- Table structure for table `taggroups`
--

DROP TABLE IF EXISTS `taggroups`;
/*!40101 SET @saved_cs_client     = @@character_set_client */;
/*!40101 SET character_set_client = utf8 */;
CREATE TABLE `taggroups` (
  `id` int(11) NOT NULL AUTO_INCREMENT,
  `name` varchar(255) NOT NULL,
  `handle` varchar(255) NOT NULL,
  `fieldLayoutId` int(11) DEFAULT NULL,
  `dateCreated` datetime NOT NULL,
  `dateUpdated` datetime NOT NULL,
  `uid` char(36) NOT NULL DEFAULT '0',
  PRIMARY KEY (`id`),
  UNIQUE KEY `taggroups_name_unq_idx` (`name`),
  UNIQUE KEY `taggroups_handle_unq_idx` (`handle`),
  KEY `taggroups_fieldLayoutId_fk` (`fieldLayoutId`),
  CONSTRAINT `taggroups_fieldLayoutId_fk` FOREIGN KEY (`fieldLayoutId`) REFERENCES `fieldlayouts` (`id`) ON DELETE SET NULL
) ENGINE=InnoDB DEFAULT CHARSET=utf8;
/*!40101 SET character_set_client = @saved_cs_client */;

--
-- Dumping data for table `taggroups`
--

LOCK TABLES `taggroups` WRITE;
/*!40000 ALTER TABLE `taggroups` DISABLE KEYS */;
/*!40000 ALTER TABLE `taggroups` ENABLE KEYS */;
UNLOCK TABLES;

--
-- Table structure for table `tags`
--

DROP TABLE IF EXISTS `tags`;
/*!40101 SET @saved_cs_client     = @@character_set_client */;
/*!40101 SET character_set_client = utf8 */;
CREATE TABLE `tags` (
  `id` int(11) NOT NULL,
  `groupId` int(11) NOT NULL,
  `dateCreated` datetime NOT NULL,
  `dateUpdated` datetime NOT NULL,
  `uid` char(36) NOT NULL DEFAULT '0',
  PRIMARY KEY (`id`),
  KEY `tags_groupId_idx` (`groupId`),
  CONSTRAINT `tags_groupId_fk` FOREIGN KEY (`groupId`) REFERENCES `taggroups` (`id`) ON DELETE CASCADE,
  CONSTRAINT `tags_id_fk` FOREIGN KEY (`id`) REFERENCES `elements` (`id`) ON DELETE CASCADE
) ENGINE=InnoDB DEFAULT CHARSET=utf8;
/*!40101 SET character_set_client = @saved_cs_client */;

--
-- Dumping data for table `tags`
--

LOCK TABLES `tags` WRITE;
/*!40000 ALTER TABLE `tags` DISABLE KEYS */;
/*!40000 ALTER TABLE `tags` ENABLE KEYS */;
UNLOCK TABLES;

--
-- Table structure for table `templatecacheelements`
--

DROP TABLE IF EXISTS `templatecacheelements`;
/*!40101 SET @saved_cs_client     = @@character_set_client */;
/*!40101 SET character_set_client = utf8 */;
CREATE TABLE `templatecacheelements` (
  `cacheId` int(11) NOT NULL,
  `elementId` int(11) NOT NULL,
  KEY `templatecacheelements_cacheId_idx` (`cacheId`),
  KEY `templatecacheelements_elementId_idx` (`elementId`),
  CONSTRAINT `templatecacheelements_cacheId_fk` FOREIGN KEY (`cacheId`) REFERENCES `templatecaches` (`id`) ON DELETE CASCADE,
  CONSTRAINT `templatecacheelements_elementId_fk` FOREIGN KEY (`elementId`) REFERENCES `elements` (`id`) ON DELETE CASCADE
) ENGINE=InnoDB DEFAULT CHARSET=utf8;
/*!40101 SET character_set_client = @saved_cs_client */;

--
-- Dumping data for table `templatecacheelements`
--

LOCK TABLES `templatecacheelements` WRITE;
/*!40000 ALTER TABLE `templatecacheelements` DISABLE KEYS */;
/*!40000 ALTER TABLE `templatecacheelements` ENABLE KEYS */;
UNLOCK TABLES;

--
-- Table structure for table `templatecachequeries`
--

DROP TABLE IF EXISTS `templatecachequeries`;
/*!40101 SET @saved_cs_client     = @@character_set_client */;
/*!40101 SET character_set_client = utf8 */;
CREATE TABLE `templatecachequeries` (
  `id` int(11) NOT NULL AUTO_INCREMENT,
  `cacheId` int(11) NOT NULL,
  `type` varchar(255) NOT NULL,
  `query` longtext NOT NULL,
  PRIMARY KEY (`id`),
  KEY `templatecachequeries_cacheId_idx` (`cacheId`),
  KEY `templatecachequeries_type_idx` (`type`),
  CONSTRAINT `templatecachequeries_cacheId_fk` FOREIGN KEY (`cacheId`) REFERENCES `templatecaches` (`id`) ON DELETE CASCADE
) ENGINE=InnoDB DEFAULT CHARSET=utf8;
/*!40101 SET character_set_client = @saved_cs_client */;

--
-- Dumping data for table `templatecachequeries`
--

LOCK TABLES `templatecachequeries` WRITE;
/*!40000 ALTER TABLE `templatecachequeries` DISABLE KEYS */;
/*!40000 ALTER TABLE `templatecachequeries` ENABLE KEYS */;
UNLOCK TABLES;

--
-- Table structure for table `templatecaches`
--

DROP TABLE IF EXISTS `templatecaches`;
/*!40101 SET @saved_cs_client     = @@character_set_client */;
/*!40101 SET character_set_client = utf8 */;
CREATE TABLE `templatecaches` (
  `id` int(11) NOT NULL AUTO_INCREMENT,
  `siteId` int(11) NOT NULL,
  `cacheKey` varchar(255) NOT NULL,
  `path` varchar(255) DEFAULT NULL,
  `expiryDate` datetime NOT NULL,
  `body` mediumtext NOT NULL,
  PRIMARY KEY (`id`),
  KEY `templatecaches_cacheKey_siteId_expiryDate_path_idx` (`cacheKey`,`siteId`,`expiryDate`,`path`),
  KEY `templatecaches_cacheKey_siteId_expiryDate_idx` (`cacheKey`,`siteId`,`expiryDate`),
  KEY `templatecaches_siteId_idx` (`siteId`),
  CONSTRAINT `templatecaches_siteId_fk` FOREIGN KEY (`siteId`) REFERENCES `sites` (`id`) ON DELETE CASCADE ON UPDATE CASCADE
) ENGINE=InnoDB DEFAULT CHARSET=utf8;
/*!40101 SET character_set_client = @saved_cs_client */;

--
-- Dumping data for table `templatecaches`
--

LOCK TABLES `templatecaches` WRITE;
/*!40000 ALTER TABLE `templatecaches` DISABLE KEYS */;
/*!40000 ALTER TABLE `templatecaches` ENABLE KEYS */;
UNLOCK TABLES;

--
-- Table structure for table `tokens`
--

DROP TABLE IF EXISTS `tokens`;
/*!40101 SET @saved_cs_client     = @@character_set_client */;
/*!40101 SET character_set_client = utf8 */;
CREATE TABLE `tokens` (
  `id` int(11) NOT NULL AUTO_INCREMENT,
  `token` char(32) NOT NULL,
  `route` text,
  `usageLimit` tinyint(3) unsigned DEFAULT NULL,
  `usageCount` tinyint(3) unsigned DEFAULT NULL,
  `expiryDate` datetime NOT NULL,
  `dateCreated` datetime NOT NULL,
  `dateUpdated` datetime NOT NULL,
  `uid` char(36) NOT NULL DEFAULT '0',
  PRIMARY KEY (`id`),
  UNIQUE KEY `tokens_token_unq_idx` (`token`),
  KEY `tokens_expiryDate_idx` (`expiryDate`)
) ENGINE=InnoDB DEFAULT CHARSET=utf8;
/*!40101 SET character_set_client = @saved_cs_client */;

--
-- Dumping data for table `tokens`
--

LOCK TABLES `tokens` WRITE;
/*!40000 ALTER TABLE `tokens` DISABLE KEYS */;
/*!40000 ALTER TABLE `tokens` ENABLE KEYS */;
UNLOCK TABLES;

--
-- Table structure for table `usergroups`
--

DROP TABLE IF EXISTS `usergroups`;
/*!40101 SET @saved_cs_client     = @@character_set_client */;
/*!40101 SET character_set_client = utf8 */;
CREATE TABLE `usergroups` (
  `id` int(11) NOT NULL AUTO_INCREMENT,
  `name` varchar(255) NOT NULL,
  `handle` varchar(255) NOT NULL,
  `dateCreated` datetime NOT NULL,
  `dateUpdated` datetime NOT NULL,
  `uid` char(36) NOT NULL DEFAULT '0',
  PRIMARY KEY (`id`),
  UNIQUE KEY `usergroups_handle_unq_idx` (`handle`),
  UNIQUE KEY `usergroups_name_unq_idx` (`name`)
) ENGINE=InnoDB DEFAULT CHARSET=utf8;
/*!40101 SET character_set_client = @saved_cs_client */;

--
-- Dumping data for table `usergroups`
--

LOCK TABLES `usergroups` WRITE;
/*!40000 ALTER TABLE `usergroups` DISABLE KEYS */;
/*!40000 ALTER TABLE `usergroups` ENABLE KEYS */;
UNLOCK TABLES;

--
-- Table structure for table `usergroups_users`
--

DROP TABLE IF EXISTS `usergroups_users`;
/*!40101 SET @saved_cs_client     = @@character_set_client */;
/*!40101 SET character_set_client = utf8 */;
CREATE TABLE `usergroups_users` (
  `id` int(11) NOT NULL AUTO_INCREMENT,
  `groupId` int(11) NOT NULL,
  `userId` int(11) NOT NULL,
  `dateCreated` datetime NOT NULL,
  `dateUpdated` datetime NOT NULL,
  `uid` char(36) NOT NULL DEFAULT '0',
  PRIMARY KEY (`id`),
  UNIQUE KEY `usergroups_users_groupId_userId_unq_idx` (`groupId`,`userId`),
  KEY `usergroups_users_userId_idx` (`userId`),
  CONSTRAINT `usergroups_users_groupId_fk` FOREIGN KEY (`groupId`) REFERENCES `usergroups` (`id`) ON DELETE CASCADE,
  CONSTRAINT `usergroups_users_userId_fk` FOREIGN KEY (`userId`) REFERENCES `users` (`id`) ON DELETE CASCADE
) ENGINE=InnoDB DEFAULT CHARSET=utf8;
/*!40101 SET character_set_client = @saved_cs_client */;

--
-- Dumping data for table `usergroups_users`
--

LOCK TABLES `usergroups_users` WRITE;
/*!40000 ALTER TABLE `usergroups_users` DISABLE KEYS */;
/*!40000 ALTER TABLE `usergroups_users` ENABLE KEYS */;
UNLOCK TABLES;

--
-- Table structure for table `userpermissions`
--

DROP TABLE IF EXISTS `userpermissions`;
/*!40101 SET @saved_cs_client     = @@character_set_client */;
/*!40101 SET character_set_client = utf8 */;
CREATE TABLE `userpermissions` (
  `id` int(11) NOT NULL AUTO_INCREMENT,
  `name` varchar(255) NOT NULL,
  `dateCreated` datetime NOT NULL,
  `dateUpdated` datetime NOT NULL,
  `uid` char(36) NOT NULL DEFAULT '0',
  PRIMARY KEY (`id`),
  UNIQUE KEY `userpermissions_name_unq_idx` (`name`)
) ENGINE=InnoDB DEFAULT CHARSET=utf8;
/*!40101 SET character_set_client = @saved_cs_client */;

--
-- Dumping data for table `userpermissions`
--

LOCK TABLES `userpermissions` WRITE;
/*!40000 ALTER TABLE `userpermissions` DISABLE KEYS */;
/*!40000 ALTER TABLE `userpermissions` ENABLE KEYS */;
UNLOCK TABLES;

--
-- Table structure for table `userpermissions_usergroups`
--

DROP TABLE IF EXISTS `userpermissions_usergroups`;
/*!40101 SET @saved_cs_client     = @@character_set_client */;
/*!40101 SET character_set_client = utf8 */;
CREATE TABLE `userpermissions_usergroups` (
  `id` int(11) NOT NULL AUTO_INCREMENT,
  `permissionId` int(11) NOT NULL,
  `groupId` int(11) NOT NULL,
  `dateCreated` datetime NOT NULL,
  `dateUpdated` datetime NOT NULL,
  `uid` char(36) NOT NULL DEFAULT '0',
  PRIMARY KEY (`id`),
  UNIQUE KEY `userpermissions_usergroups_permissionId_groupId_unq_idx` (`permissionId`,`groupId`),
  KEY `userpermissions_usergroups_groupId_idx` (`groupId`),
  CONSTRAINT `userpermissions_usergroups_groupId_fk` FOREIGN KEY (`groupId`) REFERENCES `usergroups` (`id`) ON DELETE CASCADE,
  CONSTRAINT `userpermissions_usergroups_permissionId_fk` FOREIGN KEY (`permissionId`) REFERENCES `userpermissions` (`id`) ON DELETE CASCADE
) ENGINE=InnoDB DEFAULT CHARSET=utf8;
/*!40101 SET character_set_client = @saved_cs_client */;

--
-- Dumping data for table `userpermissions_usergroups`
--

LOCK TABLES `userpermissions_usergroups` WRITE;
/*!40000 ALTER TABLE `userpermissions_usergroups` DISABLE KEYS */;
/*!40000 ALTER TABLE `userpermissions_usergroups` ENABLE KEYS */;
UNLOCK TABLES;

--
-- Table structure for table `userpermissions_users`
--

DROP TABLE IF EXISTS `userpermissions_users`;
/*!40101 SET @saved_cs_client     = @@character_set_client */;
/*!40101 SET character_set_client = utf8 */;
CREATE TABLE `userpermissions_users` (
  `id` int(11) NOT NULL AUTO_INCREMENT,
  `permissionId` int(11) NOT NULL,
  `userId` int(11) NOT NULL,
  `dateCreated` datetime NOT NULL,
  `dateUpdated` datetime NOT NULL,
  `uid` char(36) NOT NULL DEFAULT '0',
  PRIMARY KEY (`id`),
  UNIQUE KEY `userpermissions_users_permissionId_userId_unq_idx` (`permissionId`,`userId`),
  KEY `userpermissions_users_userId_idx` (`userId`),
  CONSTRAINT `userpermissions_users_permissionId_fk` FOREIGN KEY (`permissionId`) REFERENCES `userpermissions` (`id`) ON DELETE CASCADE,
  CONSTRAINT `userpermissions_users_userId_fk` FOREIGN KEY (`userId`) REFERENCES `users` (`id`) ON DELETE CASCADE
) ENGINE=InnoDB DEFAULT CHARSET=utf8;
/*!40101 SET character_set_client = @saved_cs_client */;

--
-- Dumping data for table `userpermissions_users`
--

LOCK TABLES `userpermissions_users` WRITE;
/*!40000 ALTER TABLE `userpermissions_users` DISABLE KEYS */;
/*!40000 ALTER TABLE `userpermissions_users` ENABLE KEYS */;
UNLOCK TABLES;

--
-- Table structure for table `userpreferences`
--

DROP TABLE IF EXISTS `userpreferences`;
/*!40101 SET @saved_cs_client     = @@character_set_client */;
/*!40101 SET character_set_client = utf8 */;
CREATE TABLE `userpreferences` (
  `userId` int(11) NOT NULL AUTO_INCREMENT,
  `preferences` text,
  PRIMARY KEY (`userId`),
  CONSTRAINT `userpreferences_userId_fk` FOREIGN KEY (`userId`) REFERENCES `users` (`id`) ON DELETE CASCADE
) ENGINE=InnoDB AUTO_INCREMENT=2 DEFAULT CHARSET=utf8;
/*!40101 SET character_set_client = @saved_cs_client */;

--
-- Dumping data for table `userpreferences`
--

LOCK TABLES `userpreferences` WRITE;
/*!40000 ALTER TABLE `userpreferences` DISABLE KEYS */;
INSERT INTO `userpreferences` VALUES (1,'{\"language\":\"de\"}');
/*!40000 ALTER TABLE `userpreferences` ENABLE KEYS */;
UNLOCK TABLES;

--
-- Table structure for table `users`
--

DROP TABLE IF EXISTS `users`;
/*!40101 SET @saved_cs_client     = @@character_set_client */;
/*!40101 SET character_set_client = utf8 */;
CREATE TABLE `users` (
  `id` int(11) NOT NULL,
  `username` varchar(100) NOT NULL,
  `photoId` int(11) DEFAULT NULL,
  `firstName` varchar(100) DEFAULT NULL,
  `lastName` varchar(100) DEFAULT NULL,
  `email` varchar(255) NOT NULL,
  `password` varchar(255) DEFAULT NULL,
  `admin` tinyint(1) NOT NULL DEFAULT '0',
  `locked` tinyint(1) NOT NULL DEFAULT '0',
  `suspended` tinyint(1) NOT NULL DEFAULT '0',
  `pending` tinyint(1) NOT NULL DEFAULT '0',
  `lastLoginDate` datetime DEFAULT NULL,
  `lastLoginAttemptIp` varchar(45) DEFAULT NULL,
  `invalidLoginWindowStart` datetime DEFAULT NULL,
  `invalidLoginCount` tinyint(3) unsigned DEFAULT NULL,
  `lastInvalidLoginDate` datetime DEFAULT NULL,
  `lockoutDate` datetime DEFAULT NULL,
  `hasDashboard` tinyint(1) NOT NULL DEFAULT '0',
  `verificationCode` varchar(255) DEFAULT NULL,
  `verificationCodeIssuedDate` datetime DEFAULT NULL,
  `unverifiedEmail` varchar(255) DEFAULT NULL,
  `passwordResetRequired` tinyint(1) NOT NULL DEFAULT '0',
  `lastPasswordChangeDate` datetime DEFAULT NULL,
  `dateCreated` datetime NOT NULL,
  `dateUpdated` datetime NOT NULL,
  `uid` char(36) NOT NULL DEFAULT '0',
  PRIMARY KEY (`id`),
  UNIQUE KEY `users_username_unq_idx` (`username`),
  UNIQUE KEY `users_email_unq_idx` (`email`),
  KEY `users_uid_idx` (`uid`),
  KEY `users_verificationCode_idx` (`verificationCode`),
  KEY `users_photoId_fk` (`photoId`),
  CONSTRAINT `users_id_fk` FOREIGN KEY (`id`) REFERENCES `elements` (`id`) ON DELETE CASCADE,
  CONSTRAINT `users_photoId_fk` FOREIGN KEY (`photoId`) REFERENCES `assets` (`id`) ON DELETE SET NULL
) ENGINE=InnoDB DEFAULT CHARSET=utf8;
/*!40101 SET character_set_client = @saved_cs_client */;

--
-- Dumping data for table `users`
--

LOCK TABLES `users` WRITE;
/*!40000 ALTER TABLE `users` DISABLE KEYS */;
INSERT INTO `users` VALUES (1,'felix',NULL,NULL,NULL,'fe.fessler@gmx.de','$2y$13$76iBj/Kh0TCh4wu8FmR7IOi6LAZuhTLJgBNAdXyoevgaM0STQwFIC',1,0,0,0,'2018-08-04 07:54:37','93.215.22.124',NULL,NULL,'2018-07-27 11:42:17',NULL,1,NULL,NULL,NULL,0,'2018-07-23 14:53:50','2018-07-23 14:53:50','2018-08-04 07:54:37','fdfbdcd5-d9b8-4541-91c5-9af013df09ef');
/*!40000 ALTER TABLE `users` ENABLE KEYS */;
UNLOCK TABLES;

--
-- Table structure for table `volumefolders`
--

DROP TABLE IF EXISTS `volumefolders`;
/*!40101 SET @saved_cs_client     = @@character_set_client */;
/*!40101 SET character_set_client = utf8 */;
CREATE TABLE `volumefolders` (
  `id` int(11) NOT NULL AUTO_INCREMENT,
  `parentId` int(11) DEFAULT NULL,
  `volumeId` int(11) DEFAULT NULL,
  `name` varchar(255) NOT NULL,
  `path` varchar(255) DEFAULT NULL,
  `dateCreated` datetime NOT NULL,
  `dateUpdated` datetime NOT NULL,
  `uid` char(36) NOT NULL DEFAULT '0',
  PRIMARY KEY (`id`),
  UNIQUE KEY `volumefolders_name_parentId_volumeId_unq_idx` (`name`,`parentId`,`volumeId`),
  KEY `volumefolders_parentId_idx` (`parentId`),
  KEY `volumefolders_volumeId_idx` (`volumeId`),
  CONSTRAINT `volumefolders_parentId_fk` FOREIGN KEY (`parentId`) REFERENCES `volumefolders` (`id`) ON DELETE CASCADE,
  CONSTRAINT `volumefolders_volumeId_fk` FOREIGN KEY (`volumeId`) REFERENCES `volumes` (`id`) ON DELETE CASCADE
) ENGINE=InnoDB AUTO_INCREMENT=4 DEFAULT CHARSET=utf8;
/*!40101 SET character_set_client = @saved_cs_client */;

--
-- Dumping data for table `volumefolders`
--

LOCK TABLES `volumefolders` WRITE;
/*!40000 ALTER TABLE `volumefolders` DISABLE KEYS */;
INSERT INTO `volumefolders` VALUES (1,NULL,1,'Header-Bilder','','2018-07-23 15:11:31','2018-07-25 10:42:32','36a6ae14-f43d-4dfd-80d3-40429b22d370'),(2,NULL,NULL,'Temporäre Quelle',NULL,'2018-07-23 15:11:36','2018-07-23 15:11:36','99857bcb-69a0-4be4-bed9-8a30d6107a95'),(3,2,NULL,'user_1','user_1/','2018-07-23 15:11:36','2018-07-23 15:11:36','082a17ff-9445-4bde-a012-361dad8dfa98');
/*!40000 ALTER TABLE `volumefolders` ENABLE KEYS */;
UNLOCK TABLES;

--
-- Table structure for table `volumes`
--

DROP TABLE IF EXISTS `volumes`;
/*!40101 SET @saved_cs_client     = @@character_set_client */;
/*!40101 SET character_set_client = utf8 */;
CREATE TABLE `volumes` (
  `id` int(11) NOT NULL AUTO_INCREMENT,
  `fieldLayoutId` int(11) DEFAULT NULL,
  `name` varchar(255) NOT NULL,
  `handle` varchar(255) NOT NULL,
  `type` varchar(255) NOT NULL,
  `hasUrls` tinyint(1) NOT NULL DEFAULT '1',
  `url` varchar(255) DEFAULT NULL,
  `settings` text,
  `sortOrder` smallint(6) unsigned DEFAULT NULL,
  `dateCreated` datetime NOT NULL,
  `dateUpdated` datetime NOT NULL,
  `uid` char(36) NOT NULL DEFAULT '0',
  PRIMARY KEY (`id`),
  UNIQUE KEY `volumes_name_unq_idx` (`name`),
  UNIQUE KEY `volumes_handle_unq_idx` (`handle`),
  KEY `volumes_fieldLayoutId_idx` (`fieldLayoutId`),
  CONSTRAINT `volumes_fieldLayoutId_fk` FOREIGN KEY (`fieldLayoutId`) REFERENCES `fieldlayouts` (`id`) ON DELETE SET NULL
) ENGINE=InnoDB AUTO_INCREMENT=2 DEFAULT CHARSET=utf8;
/*!40101 SET character_set_client = @saved_cs_client */;

--
-- Dumping data for table `volumes`
--

LOCK TABLES `volumes` WRITE;
/*!40000 ALTER TABLE `volumes` DISABLE KEYS */;
INSERT INTO `volumes` VALUES (1,3,'Header-Bilder','headerBilder','craft\\volumes\\Local',1,'https://aufbau-website.de/craft/web/bilder/header-bilder/','{\"path\":\"bilder/header-bilder/\"}',1,'2018-07-23 15:11:31','2018-07-25 10:42:32','d46d1cba-8e3b-4675-baf4-dba2a88e99db');
/*!40000 ALTER TABLE `volumes` ENABLE KEYS */;
UNLOCK TABLES;

--
-- Table structure for table `widgets`
--

DROP TABLE IF EXISTS `widgets`;
/*!40101 SET @saved_cs_client     = @@character_set_client */;
/*!40101 SET character_set_client = utf8 */;
CREATE TABLE `widgets` (
  `id` int(11) NOT NULL AUTO_INCREMENT,
  `userId` int(11) NOT NULL,
  `type` varchar(255) NOT NULL,
  `sortOrder` smallint(6) unsigned DEFAULT NULL,
  `colspan` tinyint(1) NOT NULL DEFAULT '0',
  `settings` text,
  `enabled` tinyint(1) NOT NULL DEFAULT '1',
  `dateCreated` datetime NOT NULL,
  `dateUpdated` datetime NOT NULL,
  `uid` char(36) NOT NULL DEFAULT '0',
  PRIMARY KEY (`id`),
  KEY `widgets_userId_idx` (`userId`),
  CONSTRAINT `widgets_userId_fk` FOREIGN KEY (`userId`) REFERENCES `users` (`id`) ON DELETE CASCADE
) ENGINE=InnoDB AUTO_INCREMENT=5 DEFAULT CHARSET=utf8;
/*!40101 SET character_set_client = @saved_cs_client */;

--
-- Dumping data for table `widgets`
--

LOCK TABLES `widgets` WRITE;
/*!40000 ALTER TABLE `widgets` DISABLE KEYS */;
INSERT INTO `widgets` VALUES (1,1,'craft\\widgets\\RecentEntries',1,0,'{\"section\":\"*\",\"siteId\":\"1\",\"limit\":10}',1,'2018-07-23 14:53:52','2018-07-23 14:53:52','fd1f01b3-23d6-40e4-a3fc-a73044e68c73'),(2,1,'craft\\widgets\\CraftSupport',2,0,'[]',1,'2018-07-23 14:53:52','2018-07-23 14:53:52','a0b55257-580d-4792-856c-2a64cf1fbcd7'),(3,1,'craft\\widgets\\Updates',3,0,'[]',1,'2018-07-23 14:53:52','2018-07-23 14:53:52','6a33386a-770e-4932-8185-721acf6b1962'),(4,1,'craft\\widgets\\Feed',4,0,'{\"url\":\"https://craftcms.com/news.rss\",\"title\":\"Craft News\",\"limit\":5}',1,'2018-07-23 14:53:52','2018-07-23 14:53:52','76c507b3-dbf7-4c9b-9c29-412d8a468522');
/*!40000 ALTER TABLE `widgets` ENABLE KEYS */;
UNLOCK TABLES;
/*!40103 SET TIME_ZONE=@OLD_TIME_ZONE */;

/*!40101 SET SQL_MODE=@OLD_SQL_MODE */;
/*!40014 SET FOREIGN_KEY_CHECKS=@OLD_FOREIGN_KEY_CHECKS */;
/*!40014 SET UNIQUE_CHECKS=@OLD_UNIQUE_CHECKS */;
/*!40101 SET CHARACTER_SET_CLIENT=@OLD_CHARACTER_SET_CLIENT */;
/*!40101 SET CHARACTER_SET_RESULTS=@OLD_CHARACTER_SET_RESULTS */;
/*!40101 SET COLLATION_CONNECTION=@OLD_COLLATION_CONNECTION */;
/*!40111 SET SQL_NOTES=@OLD_SQL_NOTES */;

-- Dump completed on 2018-08-04 13:38:54
